ldraw,color_code,color
0901,2,Green
0902,2,Green
0903,2,Green
0904,2,Green
1,1,Blue
1,4,Red
1,14,Yellow
1,15,White
100,0,Black
100,1,Blue
100,2,Green
100,3,Dark_Turquoise
100,4,Red
100,5,Dark_Pink
100,6,Brown
100,7,Light_Gray
100,8,Dark_Gray
100,10,Bright_Green
100,14,Yellow
100,15,White
100,19,Tan
100,22,Purple
100,25,Orange
100,26,Magenta
100,27,Lime
100,28,Dark_Tan
100,29,Bright_Pink
100,30,Medium_Lavender
100,31,Lavender
100,69,Light_Purple
100,70,Reddish_Brown
100,71,Light_Bluish_Gray
100,72,Dark_Bluish_Gray
100,73,Medium_Blue
100,85,Dark_Purple
100,191,Bright_Light_Orange
100,212,Bright_Light_Blue
100,226,Bright_Light_Yellow
100,272,Dark_Blue
100,288,Dark_Green
100,308,Dark_Brown
100,313,Maersk_Blue
100,320,Dark_Red
100,321,Dark_Azure
100,322,Medium_Azure
100,323,Light_Aqua
100,326,Yellowish_Green
100,330,Olive_Green
100,378,Sand_Green
100,379,Sand_Blue
100,484,Dark_Orange
10039,0,Black
10048,0,Black
10048,70,Reddish_Brown
10048,308,Dark_Brown
10048,484,Dark_Orange
10050,71,Light_Bluish_Gray
10052,0,Black
10052,15,White
10052,71,Light_Bluish_Gray
10054,308,Dark_Brown
10058,19,Tan
10058,26,Magenta
10065,70,Reddish_Brown
101,0,Black
101,1,Blue
101,2,Green
101,3,Dark_Turquoise
101,4,Red
101,5,Dark_Pink
101,6,Brown
101,7,Light_Gray
101,8,Dark_Gray
101,10,Bright_Green
101,13,Pink
101,14,Yellow
101,15,White
101,18,Light_Yellow
101,19,Tan
101,22,Purple
101,25,Orange
101,26,Magenta
101,27,Lime
101,28,Dark_Tan
101,29,Bright_Pink
101,30,Medium_Lavender
101,31,Lavender
101,68,Very_Light_Orange
101,70,Reddish_Brown
101,71,Light_Bluish_Gray
101,72,Dark_Bluish_Gray
101,73,Medium_Blue
101,77,Light_Pink
101,85,Dark_Purple
101,89,Blue_Violet
101,125,Light_Orange
101,151,Very_Light_Bluish_Gray
101,191,Bright_Light_Orange
101,212,Bright_Light_Blue
101,226,Bright_Light_Yellow
101,272,Dark_Blue
101,288,Dark_Green
101,308,Dark_Brown
101,313,Maersk_Blue
101,320,Dark_Red
101,321,Dark_Azure
101,322,Medium_Azure
101,323,Light_Aqua
101,326,Yellowish_Green
101,330,Olive_Green
101,351,Medium_Dark_Pink
101,378,Sand_Green
101,379,Sand_Blue
101,462,Medium_Orange
101,484,Dark_Orange
10113,0,Black
10113,1,Blue
10113,4,Red
10113,15,White
10113,29,Bright_Pink
10113,85,Dark_Purple
10113,272,Dark_Blue
10113,308,Dark_Brown
10113,320,Dark_Red
10124,0,Black
10124,4,Red
10124,10,Bright_Green
10124,15,White
10124,25,Orange
10124,27,Lime
10124,28,Dark_Tan
10124,30,Medium_Lavender
10124,71,Light_Bluish_Gray
10124,272,Dark_Blue
10124,322,Medium_Azure
10124,330,Olive_Green
10124,379,Sand_Blue
10126,0,Black
10126,1,Blue
10126,4,Red
10126,10,Bright_Green
10126,15,White
10126,19,Tan
10126,27,Lime
10126,28,Dark_Tan
10126,30,Medium_Lavender
10126,71,Light_Bluish_Gray
10126,308,Dark_Brown
10126,320,Dark_Red
10126,322,Medium_Azure
10126,330,Olive_Green
10126,378,Sand_Green
10126,379,Sand_Blue
10127,0,Black
10127,1,Blue
10127,4,Red
10127,10,Bright_Green
10127,15,White
10127,19,Tan
10127,27,Lime
10127,28,Dark_Tan
10127,30,Medium_Lavender
10127,71,Light_Bluish_Gray
10127,308,Dark_Brown
10127,320,Dark_Red
10127,322,Medium_Azure
10127,330,Olive_Green
10127,378,Sand_Green
10127,379,Sand_Blue
10154,0,Black
10154,4,Red
10154,10,Bright_Green
10154,15,White
10154,25,Orange
10154,27,Lime
10154,28,Dark_Tan
10154,30,Medium_Lavender
10154,272,Dark_Blue
10154,322,Medium_Azure
10154,330,Olive_Green
10154,379,Sand_Blue
10164,15,White
101658c01,0,Black
101658c01,14,Yellow
101658c01,15,White
101658c01,72,Dark_Bluish_Gray
101658c01,272,Dark_Blue
101658c01,288,Dark_Green
101658c01,320,Dark_Red
10169,0,Black
10169,2,Green
10169,4,Red
10169,14,Yellow
10169,15,White
10169,28,Dark_Tan
10169,70,Reddish_Brown
10169,308,Dark_Brown
10187,0,Black
10187,2,Green
10187,15,White
10187,25,Orange
10187,28,Dark_Tan
10187,226,Bright_Light_Yellow
10187,288,Dark_Green
10187,321,Dark_Azure
10197,0,Black
10197,3,Dark_Turquoise
10197,4,Red
10197,15,White
10197,25,Orange
10197,71,Light_Bluish_Gray
10197,72,Dark_Bluish_Gray
10197,212,Bright_Light_Blue
10197,272,Dark_Blue
10199,0,Black
10199,1,Blue
10199,2,Green
10199,4,Red
10199,8,Dark_Gray
10199,10,Bright_Green
10199,14,Yellow
10199,15,White
10199,19,Tan
10199,27,Lime
10199,28,Dark_Tan
10199,29,Bright_Pink
10199,30,Medium_Lavender
10199,70,Reddish_Brown
10199,71,Light_Bluish_Gray
10199,72,Dark_Bluish_Gray
10199,85,Dark_Purple
10199,120,Light_Lime
10199,212,Bright_Light_Blue
10199,226,Bright_Light_Yellow
10199,272,Dark_Blue
10199,321,Dark_Azure
10199,322,Medium_Azure
10199,326,Yellowish_Green
102,0,Black
102,1,Blue
102,4,Red
102,13,Pink
102,14,Yellow
102,15,White
102,29,Bright_Pink
102,77,Light_Pink
10201,0,Black
10201,1,Blue
10201,4,Red
10201,14,Yellow
10201,15,White
10201,27,Lime
10201,70,Reddish_Brown
10201,71,Light_Bluish_Gray
10201,72,Dark_Bluish_Gray
10202,0,Black
10202,2,Green
10202,3,Dark_Turquoise
10202,4,Red
10202,10,Bright_Green
10202,14,Yellow
10202,15,White
10202,19,Tan
10202,31,Lavender
10202,70,Reddish_Brown
10202,71,Light_Bluish_Gray
10202,72,Dark_Bluish_Gray
10202,191,Bright_Light_Orange
10202,288,Dark_Green
10227,2,Green
10227,10,Bright_Green
10227,288,Dark_Green
10247,0,Black
10247,4,Red
10247,14,Yellow
10247,15,White
10247,19,Tan
10247,29,Bright_Pink
10247,70,Reddish_Brown
10247,71,Light_Bluish_Gray
10247,72,Dark_Bluish_Gray
10247,321,Dark_Azure
10258,0,Black
10258,2,Green
10288,0,Black
10288,4,Red
10288,25,Orange
10288,28,Dark_Tan
10288,308,Dark_Brown
103,0,Black
103,1,Blue
103,4,Red
103,7,Light_Gray
103,14,Yellow
10301,0,Black
10312,191,Bright_Light_Orange
10314,0,Black
10314,1,Blue
10314,3,Dark_Turquoise
10314,4,Red
10314,5,Dark_Pink
10314,14,Yellow
10314,15,White
10314,19,Tan
10314,25,Orange
10314,26,Magenta
10314,29,Bright_Pink
10314,30,Medium_Lavender
10314,31,Lavender
10314,70,Reddish_Brown
10314,71,Light_Bluish_Gray
10314,72,Dark_Bluish_Gray
10314,73,Medium_Blue
10314,191,Bright_Light_Orange
10314,226,Bright_Light_Yellow
10314,272,Dark_Blue
10314,288,Dark_Green
10314,320,Dark_Red
10314,321,Dark_Azure
10314,322,Medium_Azure
10314,323,Light_Aqua
10314,378,Sand_Green
103435c01,4,Red
103435c01,10,Bright_Green
103435c01,28,Dark_Tan
105,1,Blue
105,4,Red
105,14,Yellow
105,15,White
105162,0,Black
105162,15,White
10661,71,Light_Bluish_Gray
10884,2,Green
10884,4,Red
10884,10,Bright_Green
10884,25,Orange
10884,26,Magenta
10884,27,Lime
10884,28,Dark_Tan
10884,191,Bright_Light_Orange
10884,288,Dark_Green
10884,330,Olive_Green
10907,0,Black
10907,15,White
10907,72,Dark_Bluish_Gray
10907,272,Dark_Blue
10907,320,Dark_Red
10907,378,Sand_Green
10928,72,Dark_Bluish_Gray
10a,1,Blue
10a,2,Green
10a,4,Red
10b,2,Green
11,1,Blue
11,4,Red
11,14,Yellow
11,15,White
11002,0,Black
11055,0,Black
11055,1,Blue
11055,2,Green
11055,4,Red
11055,14,Yellow
11055,15,White
11055,27,Lime
11055,28,Dark_Tan
11055,71,Light_Bluish_Gray
11055,72,Dark_Bluish_Gray
11055,191,Bright_Light_Orange
11055,320,Dark_Red
11062,0,Black
11062,2,Green
11062,4,Red
11062,15,White
11062,288,Dark_Green
11062,378,Sand_Green
11089,0,Black
11089,10,Bright_Green
11089,15,White
11089,19,Tan
11089,26,Magenta
11089,28,Dark_Tan
11089,70,Reddish_Brown
11089,71,Light_Bluish_Gray
11089,72,Dark_Bluish_Gray
11089,378,Sand_Green
11090,0,Black
11090,2,Green
11090,4,Red
11090,10,Bright_Green
11090,14,Yellow
11090,15,White
11090,19,Tan
11090,25,Orange
11090,26,Magenta
11090,27,Lime
11090,30,Medium_Lavender
11090,70,Reddish_Brown
11090,71,Light_Bluish_Gray
11090,72,Dark_Bluish_Gray
11090,272,Dark_Blue
11090,288,Dark_Green
11090,323,Light_Aqua
11090,378,Sand_Green
11090,379,Sand_Blue
11091,0,Black
11091,15,White
11091,85,Dark_Purple
11091,272,Dark_Blue
11091,308,Dark_Brown
11091,320,Dark_Red
11091,321,Dark_Azure
11092,14,Yellow
11092,26,Magenta
11092,70,Reddish_Brown
11092,85,Dark_Purple
11092,320,Dark_Red
11094,0,Black
11098,308,Dark_Brown
111,0,Black
111,1,Blue
111,2,Green
111,4,Red
111,7,Light_Gray
111,8,Dark_Gray
111,14,Yellow
111,15,White
111,22,Purple
111,71,Light_Bluish_Gray
111,73,Medium_Blue
111,191,Bright_Light_Orange
111,320,Dark_Red
11100,0,Black
11100,15,White
11100,25,Orange
11100,71,Light_Bluish_Gray
11100,72,Dark_Bluish_Gray
11100,85,Dark_Purple
11100,379,Sand_Blue
11103,0,Black
11153,0,Black
11153,1,Blue
11153,2,Green
11153,3,Dark_Turquoise
11153,4,Red
11153,5,Dark_Pink
11153,10,Bright_Green
11153,14,Yellow
11153,15,White
11153,19,Tan
11153,25,Orange
11153,27,Lime
11153,28,Dark_Tan
11153,30,Medium_Lavender
11153,31,Lavender
11153,70,Reddish_Brown
11153,71,Light_Bluish_Gray
11153,72,Dark_Bluish_Gray
11153,73,Medium_Blue
11153,85,Dark_Purple
11153,89,Blue_Violet
11153,191,Bright_Light_Orange
11153,212,Bright_Light_Blue
11153,226,Bright_Light_Yellow
11153,272,Dark_Blue
11153,288,Dark_Green
11153,308,Dark_Brown
11153,320,Dark_Red
11153,321,Dark_Azure
11153,322,Medium_Azure
11153,323,Light_Aqua
11153,326,Yellowish_Green
11153,330,Olive_Green
11153,378,Sand_Green
11153,379,Sand_Blue
11153,484,Dark_Orange
11187,5,Dark_Pink
11187,70,Reddish_Brown
11187,72,Dark_Bluish_Gray
11187,191,Bright_Light_Orange
11187a,5,Dark_Pink
11187a,70,Reddish_Brown
11187a,72,Dark_Bluish_Gray
11187a,191,Bright_Light_Orange
11203,0,Black
11203,2,Green
11203,4,Red
11203,14,Yellow
11203,15,White
11203,19,Tan
11203,26,Magenta
11203,28,Dark_Tan
11203,29,Bright_Pink
11203,30,Medium_Lavender
11203,31,Lavender
11203,70,Reddish_Brown
11203,71,Light_Bluish_Gray
11203,72,Dark_Bluish_Gray
11203,73,Medium_Blue
11203,191,Bright_Light_Orange
11203,212,Bright_Light_Blue
11203,226,Bright_Light_Yellow
11203,272,Dark_Blue
11203,320,Dark_Red
11203,378,Sand_Green
11208,0,Black
11208,15,White
11208,71,Light_Bluish_Gray
11208,321,Dark_Azure
11209,0,Black
11211,0,Black
11211,1,Blue
11211,2,Green
11211,4,Red
11211,5,Dark_Pink
11211,14,Yellow
11211,15,White
11211,19,Tan
11211,25,Orange
11211,27,Lime
11211,28,Dark_Tan
11211,29,Bright_Pink
11211,70,Reddish_Brown
11211,71,Light_Bluish_Gray
11211,72,Dark_Bluish_Gray
11211,85,Dark_Purple
11211,212,Bright_Light_Blue
11211,226,Bright_Light_Yellow
11211,272,Dark_Blue
11211,320,Dark_Red
11211,321,Dark_Azure
11211,322,Medium_Azure
11211,330,Olive_Green
11211,379,Sand_Blue
11212,0,Black
11212,1,Blue
11212,2,Green
11212,4,Red
11212,5,Dark_Pink
11212,14,Yellow
11212,15,White
11212,19,Tan
11212,25,Orange
11212,27,Lime
11212,29,Bright_Pink
11212,70,Reddish_Brown
11212,71,Light_Bluish_Gray
11212,72,Dark_Bluish_Gray
11212,191,Bright_Light_Orange
11212,272,Dark_Blue
11212,288,Dark_Green
11212,321,Dark_Azure
11212,330,Olive_Green
11212,484,Dark_Orange
11213,0,Black
11213,1,Blue
11213,2,Green
11213,5,Dark_Pink
11213,14,Yellow
11213,15,White
11213,19,Tan
11213,25,Orange
11213,26,Magenta
11213,27,Lime
11213,28,Dark_Tan
11213,30,Medium_Lavender
11213,70,Reddish_Brown
11213,71,Light_Bluish_Gray
11213,72,Dark_Bluish_Gray
11213,85,Dark_Purple
11213,191,Bright_Light_Orange
11213,308,Dark_Brown
11213,320,Dark_Red
11213,322,Medium_Azure
11213,379,Sand_Blue
11213,484,Dark_Orange
11214,4,Red
11214,72,Dark_Bluish_Gray
11215,0,Black
11215,1,Blue
11215,4,Red
11215,14,Yellow
11215,15,White
11215,19,Tan
11215,26,Magenta
11215,27,Lime
11215,70,Reddish_Brown
11215,71,Light_Bluish_Gray
11215,191,Bright_Light_Orange
11215,322,Medium_Azure
11216,308,Dark_Brown
11217,15,White
11217,330,Olive_Green
11233,71,Light_Bluish_Gray
11245,379,Sand_Blue
11250,70,Reddish_Brown
11252,15,White
11253,0,Black
11253,1,Blue
11253,4,Red
11253,5,Dark_Pink
11253,10,Bright_Green
11253,14,Yellow
11253,15,White
11253,25,Orange
11253,28,Dark_Tan
11253,71,Light_Bluish_Gray
11255,15,White
11256,0,Black
11256,2,Green
11256,15,White
11256,25,Orange
11256,28,Dark_Tan
11256,31,Lavender
11256,70,Reddish_Brown
11256,71,Light_Bluish_Gray
11256,226,Bright_Light_Yellow
11256,308,Dark_Brown
11256,484,Dark_Orange
11258,1,Blue
11258,15,White
11258,379,Sand_Blue
1126,0,Black
1126,5,Dark_Pink
1126,14,Yellow
1126,15,White
1126,19,Tan
1126,25,Orange
1126,26,Magenta
1126,28,Dark_Tan
1126,29,Bright_Pink
1126,30,Medium_Lavender
1126,71,Light_Bluish_Gray
1126,72,Dark_Bluish_Gray
1126,226,Bright_Light_Yellow
1126,288,Dark_Green
1126,321,Dark_Azure
1126,323,Light_Aqua
11260,10,Bright_Green
11260,25,Orange
11261,308,Dark_Brown
11261,484,Dark_Orange
11267,1,Blue
11267,5,Dark_Pink
11267,14,Yellow
11267,26,Magenta
11267,27,Lime
11267,30,Medium_Lavender
11267,70,Reddish_Brown
11267,85,Dark_Purple
11267,191,Bright_Light_Orange
11267,212,Bright_Light_Blue
11267,226,Bright_Light_Yellow
11267,308,Dark_Brown
11267,322,Medium_Azure
11267,323,Light_Aqua
11267,484,Dark_Orange
11268,72,Dark_Bluish_Gray
11268,320,Dark_Red
11272,272,Dark_Blue
11280,4,Red
11287,320,Dark_Red
11289,0,Black
11289,3,Dark_Turquoise
11289,288,Dark_Green
11290,0,Black
11290,1,Blue
11290,2,Green
11290,3,Dark_Turquoise
11290,15,White
11290,25,Orange
11290,70,Reddish_Brown
11290,71,Light_Bluish_Gray
11290,72,Dark_Bluish_Gray
11290,212,Bright_Light_Blue
11290,272,Dark_Blue
11290,320,Dark_Red
11290,321,Dark_Azure
11290,322,Medium_Azure
11290,323,Light_Aqua
11291,0,Black
11291,1,Blue
11291,2,Green
11291,4,Red
11291,10,Bright_Green
11291,14,Yellow
11291,15,White
11291,19,Tan
11291,27,Lime
11291,71,Light_Bluish_Gray
11291,72,Dark_Bluish_Gray
11291,85,Dark_Purple
11291,191,Bright_Light_Orange
11291,288,Dark_Green
11291,320,Dark_Red
11291,321,Dark_Azure
11293,0,Black
11293,1,Blue
11293,2,Green
11293,4,Red
11293,15,White
11293,19,Tan
11293,25,Orange
11293,27,Lime
11293,71,Light_Bluish_Gray
11293,272,Dark_Blue
11295,0,Black
11295,3,Dark_Turquoise
11295,4,Red
11295,14,Yellow
11295,25,Orange
11295,72,Dark_Bluish_Gray
11295,272,Dark_Blue
11295,320,Dark_Red
11299,15,White
11299,71,Light_Bluish_Gray
11301,0,Black
11301,1,Blue
11301,3,Dark_Turquoise
11301,15,White
11301,70,Reddish_Brown
11301,71,Light_Bluish_Gray
11301,72,Dark_Bluish_Gray
11301,212,Bright_Light_Blue
11301,272,Dark_Blue
11301,322,Medium_Azure
11303,1,Blue
11303,2,Green
11303,3,Dark_Turquoise
11303,4,Red
11303,5,Dark_Pink
11303,15,White
11303,28,Dark_Tan
11303,29,Bright_Pink
11303,70,Reddish_Brown
11303,272,Dark_Blue
11303,288,Dark_Green
11303,308,Dark_Brown
11303,320,Dark_Red
11303,321,Dark_Azure
11303,322,Medium_Azure
11305,4,Red
11305,326,Yellowish_Green
11329,70,Reddish_Brown
11329,330,Olive_Green
11334,0,Black
11334,15,White
11334,72,Dark_Bluish_Gray
11334,320,Dark_Red
11336,4,Red
11338,4,Red
11399,0,Black
11399,2,Green
11399,5,Dark_Pink
11399,15,White
11399,19,Tan
11399,71,Light_Bluish_Gray
11399,72,Dark_Bluish_Gray
114,0,Black
114,2,Green
114,6,Brown
114,7,Light_Gray
114,70,Reddish_Brown
114,71,Light_Bluish_Gray
114,72,Dark_Bluish_Gray
11437,0,Black
11437,2,Green
11437,4,Red
11437,19,Tan
11437,70,Reddish_Brown
11437,288,Dark_Green
11438,0,Black
11438,4,Red
11438,85,Dark_Purple
11438,288,Dark_Green
11455,0,Black
11455,1,Blue
11455,4,Red
11455,25,Orange
11458,0,Black
11458,1,Blue
11458,3,Dark_Turquoise
11458,4,Red
11458,14,Yellow
11458,15,White
11458,19,Tan
11458,25,Orange
11458,28,Dark_Tan
11458,29,Bright_Pink
11458,70,Reddish_Brown
11458,71,Light_Bluish_Gray
11458,72,Dark_Bluish_Gray
11458,85,Dark_Purple
11458,191,Bright_Light_Orange
11458,212,Bright_Light_Blue
11458,226,Bright_Light_Yellow
11458,272,Dark_Blue
11458,288,Dark_Green
11458,320,Dark_Red
11458,321,Dark_Azure
11458,322,Medium_Azure
11458,378,Sand_Green
11476,0,Black
11476,1,Blue
11476,2,Green
11476,3,Dark_Turquoise
11476,4,Red
11476,5,Dark_Pink
11476,10,Bright_Green
11476,14,Yellow
11476,15,White
11476,19,Tan
11476,26,Magenta
11476,27,Lime
11476,29,Bright_Pink
11476,31,Lavender
11476,70,Reddish_Brown
11476,71,Light_Bluish_Gray
11476,73,Medium_Blue
11476,191,Bright_Light_Orange
11476,226,Bright_Light_Yellow
11476,288,Dark_Green
11476,308,Dark_Brown
11476,320,Dark_Red
11476,321,Dark_Azure
11476,322,Medium_Azure
11476,323,Light_Aqua
11476,484,Dark_Orange
11477,0,Black
11477,1,Blue
11477,2,Green
11477,3,Dark_Turquoise
11477,4,Red
11477,5,Dark_Pink
11477,10,Bright_Green
11477,14,Yellow
11477,15,White
11477,19,Tan
11477,25,Orange
11477,26,Magenta
11477,27,Lime
11477,28,Dark_Tan
11477,29,Bright_Pink
11477,30,Medium_Lavender
11477,31,Lavender
11477,70,Reddish_Brown
11477,71,Light_Bluish_Gray
11477,72,Dark_Bluish_Gray
11477,73,Medium_Blue
11477,85,Dark_Purple
11477,89,Blue_Violet
11477,191,Bright_Light_Orange
11477,212,Bright_Light_Blue
11477,226,Bright_Light_Yellow
11477,272,Dark_Blue
11477,288,Dark_Green
11477,308,Dark_Brown
11477,320,Dark_Red
11477,321,Dark_Azure
11477,322,Medium_Azure
11477,323,Light_Aqua
11477,326,Yellowish_Green
11477,330,Olive_Green
11477,378,Sand_Green
11477,379,Sand_Blue
11477,484,Dark_Orange
11478,0,Black
11478,4,Red
11478,10,Bright_Green
11478,14,Yellow
11478,15,White
11478,25,Orange
11478,27,Lime
11478,71,Light_Bluish_Gray
11478,72,Dark_Bluish_Gray
11478,272,Dark_Blue
1148,15,White
11597,10,Bright_Green
11597,25,Orange
116,7,Light_Gray
116,8,Dark_Gray
11601,320,Dark_Red
11602,0,Black
11602,15,White
11605,0,Black
11605,70,Reddish_Brown
11609,4,Red
11609,14,Yellow
11609,15,White
11609,25,Orange
11609,26,Magenta
11609,29,Bright_Pink
11609,30,Medium_Lavender
11609,89,Blue_Violet
11609,191,Bright_Light_Orange
11609,226,Bright_Light_Yellow
11609,320,Dark_Red
11609,321,Dark_Azure
11609,484,Dark_Orange
11610,0,Black
11610,5,Dark_Pink
11610,10,Bright_Green
11610,15,White
11610,19,Tan
11610,31,Lavender
11610,71,Light_Bluish_Gray
11610,72,Dark_Bluish_Gray
11610,272,Dark_Blue
11610,484,Dark_Orange
11618,4,Red
11618,26,Magenta
11618,29,Bright_Pink
11618,31,Lavender
11618,85,Dark_Purple
11618,191,Bright_Light_Orange
11618,321,Dark_Azure
11618,322,Medium_Azure
11640,4,Red
11640,5,Dark_Pink
11640,31,Lavender
11640,85,Dark_Purple
11640,321,Dark_Azure
11640,323,Light_Aqua
11641,15,White
11641,72,Dark_Bluish_Gray
117,0,Black
117,1,Blue
117,2,Green
117,4,Red
117,5,Dark_Pink
117,6,Brown
117,7,Light_Gray
117,14,Yellow
117,15,White
117,27,Lime
117,70,Reddish_Brown
117,71,Light_Bluish_Gray
117,72,Dark_Bluish_Gray
117,151,Very_Light_Bluish_Gray
117,191,Bright_Light_Orange
117,320,Dark_Red
117,379,Sand_Blue
11767,72,Dark_Bluish_Gray
118,0,Black
118,1,Blue
118,2,Green
118,4,Red
118,6,Brown
118,7,Light_Gray
118,8,Dark_Gray
118,14,Yellow
118,15,White
118,19,Tan
118,70,Reddish_Brown
118,71,Light_Bluish_Gray
118,72,Dark_Bluish_Gray
11833,0,Black
11833,2,Green
11833,4,Red
11833,5,Dark_Pink
11833,14,Yellow
11833,15,White
11833,25,Orange
11833,27,Lime
11833,30,Medium_Lavender
11833,71,Light_Bluish_Gray
11833,191,Bright_Light_Orange
11833,272,Dark_Blue
11833,320,Dark_Red
11833,378,Sand_Green
11833,379,Sand_Blue
11946,0,Black
11946,1,Blue
11946,2,Green
11946,3,Dark_Turquoise
11946,4,Red
11946,10,Bright_Green
11946,14,Yellow
11946,15,White
11946,19,Tan
11946,25,Orange
11946,27,Lime
11946,28,Dark_Tan
11946,29,Bright_Pink
11946,70,Reddish_Brown
11946,71,Light_Bluish_Gray
11946,72,Dark_Bluish_Gray
11946,85,Dark_Purple
11946,191,Bright_Light_Orange
11946,272,Dark_Blue
11946,321,Dark_Azure
11946,322,Medium_Azure
11946,330,Olive_Green
11946,378,Sand_Green
11947,0,Black
11947,1,Blue
11947,2,Green
11947,3,Dark_Turquoise
11947,4,Red
11947,10,Bright_Green
11947,14,Yellow
11947,15,White
11947,19,Tan
11947,25,Orange
11947,27,Lime
11947,28,Dark_Tan
11947,29,Bright_Pink
11947,70,Reddish_Brown
11947,71,Light_Bluish_Gray
11947,72,Dark_Bluish_Gray
11947,73,Medium_Blue
11947,85,Dark_Purple
11947,191,Bright_Light_Orange
11947,272,Dark_Blue
11947,321,Dark_Azure
11947,322,Medium_Azure
11947,330,Olive_Green
11947,378,Sand_Green
11949,71,Light_Bluish_Gray
11950,15,White
11950,71,Light_Bluish_Gray
11953,0,Black
11954,0,Black
11954,1,Blue
11954,2,Green
11954,4,Red
11954,14,Yellow
11954,15,White
11954,25,Orange
11954,70,Reddish_Brown
11954,73,Medium_Blue
11954,272,Dark_Blue
11954,321,Dark_Azure
11954,322,Medium_Azure
11955,4,Red
11957,0,Black
12,1,Blue
12,4,Red
12,14,Yellow
12,15,White
120,0,Black
120,1,Blue
120,2,Green
120,3,Dark_Turquoise
120,4,Red
120,7,Light_Gray
120,8,Dark_Gray
120,10,Bright_Green
120,14,Yellow
120,15,White
120,19,Tan
120,25,Orange
120,27,Lime
120,28,Dark_Tan
120,71,Light_Bluish_Gray
120,72,Dark_Bluish_Gray
120,151,Very_Light_Bluish_Gray
120,272,Dark_Blue
120,320,Dark_Red
120,321,Dark_Azure
120,322,Medium_Azure
120,378,Sand_Green
121,0,Black
121,1,Blue
121,2,Green
121,4,Red
121,7,Light_Gray
121,14,Yellow
121,15,White
122,0,Black
122,7,Light_Gray
122c01,0,Black
122c01,7,Light_Gray
122c02,0,Black
123,0,Black
124,8,Dark_Gray
124,15,White
12618,0,Black
12618,15,White
127c01,4,Red
127c01,14,Yellow
127c02,4,Red
127c02,14,Yellow
12818,15,White
12818,27,Lime
12818,72,Dark_Bluish_Gray
12818,322,Medium_Azure
12818,326,Yellowish_Green
12825,0,Black
12825,1,Blue
12825,4,Red
12825,6,Brown
12825,8,Dark_Gray
12825,14,Yellow
12825,15,White
12825,70,Reddish_Brown
12825,71,Light_Bluish_Gray
12825,72,Dark_Bluish_Gray
12825,74,Medium_Green
12825,191,Bright_Light_Orange
12825,288,Dark_Green
12825,320,Dark_Red
12884,71,Light_Bluish_Gray
12885,0,Black
12885,71,Light_Bluish_Gray
12886,15,White
12889,2,Green
12889,320,Dark_Red
12890,0,Black
12890,25,Orange
12890,226,Bright_Light_Yellow
12895,272,Dark_Blue
12897,0,Black
12897,4,Red
12897,5,Dark_Pink
12897,27,Lime
12897,72,Dark_Bluish_Gray
12897,321,Dark_Azure
12898,0,Black
12939,4,Red
12939,15,White
12939,19,Tan
12939,71,Light_Bluish_Gray
12939,72,Dark_Bluish_Gray
12939,226,Bright_Light_Yellow
13037,71,Light_Bluish_Gray
132,0,Black
13250,72,Dark_Bluish_Gray
13251,0,Black
13251,71,Light_Bluish_Gray
13251,72,Dark_Bluish_Gray
13251,308,Dark_Brown
13269,0,Black
13269,1,Blue
13269,3,Dark_Turquoise
13269,4,Red
13269,15,White
13269,25,Orange
13269,26,Magenta
13269,27,Lime
13269,72,Dark_Bluish_Gray
13269,85,Dark_Purple
13269,191,Bright_Light_Orange
13269,272,Dark_Blue
13269,288,Dark_Green
13269,330,Olive_Green
133,0,Black
133,1,Blue
133,2,Green
133,3,Dark_Turquoise
133,4,Red
133,6,Brown
133,7,Light_Gray
133,8,Dark_Gray
133,14,Yellow
133,15,White
133,19,Tan
133,22,Purple
133,25,Orange
133,27,Lime
133,28,Dark_Tan
133,70,Reddish_Brown
133,71,Light_Bluish_Gray
133,72,Dark_Bluish_Gray
133,73,Medium_Blue
133,191,Bright_Light_Orange
133,272,Dark_Blue
133,288,Dark_Green
133,320,Dark_Red
133,378,Sand_Green
133,379,Sand_Blue
133,484,Dark_Orange
13349,0,Black
13349,4,Red
13349,15,White
13349,19,Tan
13349,70,Reddish_Brown
13349,71,Light_Bluish_Gray
13349,72,Dark_Bluish_Gray
13349,212,Bright_Light_Blue
13349,288,Dark_Green
13349,320,Dark_Red
13459,0,Black
13459,15,White
13459,272,Dark_Blue
13547,0,Black
13547,3,Dark_Turquoise
13547,4,Red
13547,14,Yellow
13547,15,White
13547,19,Tan
13547,25,Orange
13547,26,Magenta
13547,27,Lime
13547,28,Dark_Tan
13547,29,Bright_Pink
13547,30,Medium_Lavender
13547,31,Lavender
13547,70,Reddish_Brown
13547,71,Light_Bluish_Gray
13547,72,Dark_Bluish_Gray
13547,85,Dark_Purple
13547,191,Bright_Light_Orange
13547,212,Bright_Light_Blue
13547,226,Bright_Light_Yellow
13547,272,Dark_Blue
13547,320,Dark_Red
13547,321,Dark_Azure
13547,322,Medium_Azure
13547,323,Light_Aqua
13547,326,Yellowish_Green
13547,330,Olive_Green
13547,378,Sand_Green
13547,484,Dark_Orange
13548,0,Black
13548,1,Blue
13548,2,Green
13548,3,Dark_Turquoise
13548,4,Red
13548,15,White
13548,28,Dark_Tan
13548,70,Reddish_Brown
13548,71,Light_Bluish_Gray
13548,72,Dark_Bluish_Gray
13548,73,Medium_Blue
13548,191,Bright_Light_Orange
13548,272,Dark_Blue
13548,308,Dark_Brown
13548,320,Dark_Red
13548,321,Dark_Azure
13548,378,Sand_Green
13548,484,Dark_Orange
13564,0,Black
13564,2,Green
13564,4,Red
13564,10,Bright_Green
13564,14,Yellow
13564,15,White
13564,25,Orange
13564,70,Reddish_Brown
13564,72,Dark_Bluish_Gray
13564,85,Dark_Purple
13564,288,Dark_Green
13564,330,Olive_Green
13591,0,Black
13591,15,White
13591,378,Sand_Green
13608,3,Dark_Turquoise
13608,4,Red
13608,14,Yellow
13608,15,White
13608,27,Lime
13665,0,Black
13670,8,Dark_Gray
13670,14,Yellow
13670,15,White
13670,28,Dark_Tan
13670,72,Dark_Bluish_Gray
13695,4,Red
13695,15,White
13731,0,Black
13731,1,Blue
13731,2,Green
13731,3,Dark_Turquoise
13731,4,Red
13731,14,Yellow
13731,15,White
13731,19,Tan
13731,25,Orange
13731,31,Lavender
13731,71,Light_Bluish_Gray
13731,72,Dark_Bluish_Gray
13731,85,Dark_Purple
13731,191,Bright_Light_Orange
13731,272,Dark_Blue
13731,288,Dark_Green
13731,320,Dark_Red
13731,321,Dark_Azure
13731,322,Medium_Azure
13731,330,Olive_Green
13731,378,Sand_Green
13731,484,Dark_Orange
13750,484,Dark_Orange
13760,0,Black
13760,1,Blue
13760,2,Green
13760,15,White
13760,85,Dark_Purple
13760,272,Dark_Blue
13760,320,Dark_Red
13760,379,Sand_Blue
13760c01,15,White
13760c01,272,Dark_Blue
13760c02,0,Black
13760c02,4,Red
13768,15,White
13783,0,Black
13783,71,Light_Bluish_Gray
13784,226,Bright_Light_Yellow
13785,0,Black
13785,25,Orange
13785,26,Magenta
13785,70,Reddish_Brown
13785,320,Dark_Red
13785,321,Dark_Azure
13785,484,Dark_Orange
13788,0,Black
13788,70,Reddish_Brown
13790,70,Reddish_Brown
13790,72,Dark_Bluish_Gray
13793,72,Dark_Bluish_Gray
13808,326,Yellowish_Green
13965,0,Black
13965,3,Dark_Turquoise
13965,4,Red
13965,10,Bright_Green
13965,14,Yellow
13965,15,White
13965,19,Tan
13965,28,Dark_Tan
13965,29,Bright_Pink
13965,30,Medium_Lavender
13965,31,Lavender
13965,70,Reddish_Brown
13965,71,Light_Bluish_Gray
13965,191,Bright_Light_Orange
13965,212,Bright_Light_Blue
13965,226,Bright_Light_Yellow
13965,272,Dark_Blue
13965,308,Dark_Brown
13965,320,Dark_Red
13965,322,Medium_Azure
13965,326,Yellowish_Green
13971,0,Black
13971,4,Red
13971,14,Yellow
13971,71,Light_Bluish_Gray
13971,320,Dark_Red
14,15,White
140,0,Black
140,1,Blue
140,2,Green
140,4,Red
140,7,Light_Gray
140,14,Yellow
140,15,White
140,19,Tan
140,25,Orange
140,27,Lime
140,28,Dark_Tan
140,70,Reddish_Brown
140,71,Light_Bluish_Gray
140,72,Dark_Bluish_Gray
140,191,Bright_Light_Orange
140,212,Bright_Light_Blue
140,288,Dark_Green
140,313,Maersk_Blue
140,320,Dark_Red
14045,0,Black
14045,85,Dark_Purple
141,0,Black
141,1,Blue
141,2,Green
141,4,Red
141,7,Light_Gray
141,14,Yellow
141,15,White
141,19,Tan
141,25,Orange
141,27,Lime
141,28,Dark_Tan
141,30,Medium_Lavender
141,70,Reddish_Brown
141,71,Light_Bluish_Gray
141,72,Dark_Bluish_Gray
141,191,Bright_Light_Orange
141,212,Bright_Light_Blue
141,272,Dark_Blue
141,288,Dark_Green
141,313,Maersk_Blue
141,320,Dark_Red
1410,29,Bright_Pink
14137,0,Black
14137,4,Red
14137,14,Yellow
14137,15,White
14137,25,Orange
14137,72,Dark_Bluish_Gray
14137,85,Dark_Purple
14137,191,Bright_Light_Orange
14137,378,Sand_Green
14149,4,Red
14149,321,Dark_Azure
14181,0,Black
14181,4,Red
14181,5,Dark_Pink
14181,14,Yellow
14181,15,White
14181,25,Orange
14181,71,Light_Bluish_Gray
14181,73,Medium_Blue
14181,191,Bright_Light_Orange
14181,272,Dark_Blue
142,2,Green
142,6,Brown
142,10,Bright_Green
142,31,Lavender
142,308,Dark_Brown
142,330,Olive_Green
14295,28,Dark_Tan
14295,85,Dark_Purple
143,1,Blue
143,4,Red
143,5,Dark_Pink
143,13,Pink
143,14,Yellow
143,15,White
143,26,Magenta
143,29,Bright_Pink
143,351,Medium_Dark_Pink
14301,14,Yellow
14301,71,Light_Bluish_Gray
14395,0,Black
14395,2,Green
14395,3,Dark_Turquoise
14395,4,Red
14395,15,White
14395,19,Tan
14395,28,Dark_Tan
14395,31,Lavender
14395,70,Reddish_Brown
14395,71,Light_Bluish_Gray
14395,72,Dark_Bluish_Gray
14395,85,Dark_Purple
14395,89,Blue_Violet
14395,288,Dark_Green
14395,308,Dark_Brown
144,0,Black
144,1,Blue
144,2,Green
144,4,Red
144,6,Brown
144,7,Light_Gray
144,8,Dark_Gray
144,13,Pink
144,14,Yellow
144,15,White
144,19,Tan
144,71,Light_Bluish_Gray
144,73,Medium_Blue
14413,0,Black
14413,4,Red
14413,15,White
14413,70,Reddish_Brown
14413,71,Light_Bluish_Gray
14417,72,Dark_Bluish_Gray
14418,71,Light_Bluish_Gray
14418,72,Dark_Bluish_Gray
14419,72,Dark_Bluish_Gray
145,0,Black
145,1,Blue
145,2,Green
145,4,Red
145,6,Brown
145,7,Light_Gray
145,8,Dark_Gray
145,13,Pink
145,14,Yellow
145,15,White
145,19,Tan
145,70,Reddish_Brown
145,71,Light_Bluish_Gray
145,484,Dark_Orange
14518,0,Black
14518,15,White
14518,71,Light_Bluish_Gray
14518,72,Dark_Bluish_Gray
14518,379,Sand_Blue
14520,0,Black
14520,2,Green
14520,4,Red
14520,14,Yellow
14520,15,White
14520,72,Dark_Bluish_Gray
146,0,Black
146,1,Blue
146,2,Green
146,4,Red
146,6,Brown
146,7,Light_Gray
146,13,Pink
146,14,Yellow
146,15,White
146,70,Reddish_Brown
14682,71,Light_Bluish_Gray
14696,0,Black
14696,15,White
14696,71,Light_Bluish_Gray
14704,71,Light_Bluish_Gray
14704,72,Dark_Bluish_Gray
14707,15,White
14707,19,Tan
14707,30,Medium_Lavender
14707,70,Reddish_Brown
14707,71,Light_Bluish_Gray
14707,85,Dark_Purple
14716,0,Black
14716,1,Blue
14716,3,Dark_Turquoise
14716,4,Red
14716,14,Yellow
14716,15,White
14716,19,Tan
14716,27,Lime
14716,28,Dark_Tan
14716,29,Bright_Pink
14716,70,Reddish_Brown
14716,71,Light_Bluish_Gray
14716,72,Dark_Bluish_Gray
14716,73,Medium_Blue
14716,85,Dark_Purple
14716,191,Bright_Light_Orange
14716,226,Bright_Light_Yellow
14716,272,Dark_Blue
14716,288,Dark_Green
14716,308,Dark_Brown
14716,320,Dark_Red
14716,321,Dark_Azure
14716,322,Medium_Azure
14716,323,Light_Aqua
14716,330,Olive_Green
14716,484,Dark_Orange
14718,0,Black
14718,4,Red
14718,14,Yellow
14718,15,White
14718,19,Tan
14718,27,Lime
14718,30,Medium_Lavender
14718,71,Light_Bluish_Gray
14718,72,Dark_Bluish_Gray
14718,272,Dark_Blue
14718,288,Dark_Green
14718,320,Dark_Red
14718,322,Medium_Azure
14718,379,Sand_Blue
14719,0,Black
14719,1,Blue
14719,2,Green
14719,4,Red
14719,10,Bright_Green
14719,14,Yellow
14719,15,White
14719,19,Tan
14719,28,Dark_Tan
14719,70,Reddish_Brown
14719,71,Light_Bluish_Gray
14719,72,Dark_Bluish_Gray
14719,73,Medium_Blue
14719,191,Bright_Light_Orange
14719,272,Dark_Blue
14719,288,Dark_Green
14719,320,Dark_Red
14719,321,Dark_Azure
14719,322,Medium_Azure
14719,484,Dark_Orange
14720,0,Black
14720,4,Red
14720,14,Yellow
14720,71,Light_Bluish_Gray
14720,72,Dark_Bluish_Gray
14732,308,Dark_Brown
14732,379,Sand_Blue
14769,0,Black
14769,1,Blue
14769,2,Green
14769,3,Dark_Turquoise
14769,4,Red
14769,5,Dark_Pink
14769,10,Bright_Green
14769,14,Yellow
14769,15,White
14769,19,Tan
14769,25,Orange
14769,27,Lime
14769,28,Dark_Tan
14769,29,Bright_Pink
14769,30,Medium_Lavender
14769,31,Lavender
14769,70,Reddish_Brown
14769,71,Light_Bluish_Gray
14769,72,Dark_Bluish_Gray
14769,85,Dark_Purple
14769,191,Bright_Light_Orange
14769,212,Bright_Light_Blue
14769,226,Bright_Light_Yellow
14769,272,Dark_Blue
14769,288,Dark_Green
14769,320,Dark_Red
14769,321,Dark_Azure
14769,322,Medium_Azure
14769,323,Light_Aqua
14769,326,Yellowish_Green
14769,330,Olive_Green
14769,378,Sand_Green
14769,379,Sand_Blue
149,0,Black
149,2,Green
149,8,Dark_Gray
149,72,Dark_Bluish_Gray
149,191,Bright_Light_Orange
15,0,Black
15,1,Blue
15,4,Red
15,14,Yellow
15,15,White
150,0,Black
150,1,Blue
150,2,Green
150,4,Red
150,5,Dark_Pink
150,6,Brown
150,7,Light_Gray
150,8,Dark_Gray
150,10,Bright_Green
150,13,Pink
150,14,Yellow
150,15,White
150,19,Tan
150,20,Light_Violet
150,77,Light_Pink
150,351,Medium_Dark_Pink
15038,0,Black
15038,4,Red
15038,14,Yellow
15038,71,Light_Bluish_Gray
15064,0,Black
15064,1,Blue
15064,15,White
15064,28,Dark_Tan
15064,308,Dark_Brown
15064,326,Yellowish_Green
15068,0,Black
15068,1,Blue
15068,2,Green
15068,3,Dark_Turquoise
15068,4,Red
15068,5,Dark_Pink
15068,10,Bright_Green
15068,14,Yellow
15068,15,White
15068,19,Tan
15068,25,Orange
15068,26,Magenta
15068,27,Lime
15068,28,Dark_Tan
15068,29,Bright_Pink
15068,30,Medium_Lavender
15068,31,Lavender
15068,70,Reddish_Brown
15068,71,Light_Bluish_Gray
15068,72,Dark_Bluish_Gray
15068,85,Dark_Purple
15068,191,Bright_Light_Orange
15068,212,Bright_Light_Blue
15068,226,Bright_Light_Yellow
15068,272,Dark_Blue
15068,288,Dark_Green
15068,308,Dark_Brown
15068,320,Dark_Red
15068,321,Dark_Azure
15068,322,Medium_Azure
15068,323,Light_Aqua
15068,326,Yellowish_Green
15068,330,Olive_Green
15068,378,Sand_Green
15068,379,Sand_Blue
15068,484,Dark_Orange
15070,0,Black
15070,1,Blue
15070,3,Dark_Turquoise
15070,4,Red
15070,10,Bright_Green
15070,14,Yellow
15070,15,White
15070,19,Tan
15070,26,Magenta
15070,27,Lime
15070,70,Reddish_Brown
15070,71,Light_Bluish_Gray
15070,89,Blue_Violet
15070,272,Dark_Blue
15070,308,Dark_Brown
15070,322,Medium_Azure
15070,323,Light_Aqua
15070,326,Yellowish_Green
15070,330,Olive_Green
15071,0,Black
15071,1,Blue
15082,0,Black
15082,4,Red
15082,28,Dark_Tan
15082,85,Dark_Purple
15082,323,Light_Aqua
15086,0,Black
15090,0,Black
15092,0,Black
15092,72,Dark_Bluish_Gray
151,0,Black
151,1,Blue
151,2,Green
151,3,Dark_Turquoise
151,4,Red
151,6,Brown
151,7,Light_Gray
151,8,Dark_Gray
151,10,Bright_Green
151,14,Yellow
151,15,White
151,19,Tan
151,25,Orange
151,26,Magenta
151,27,Lime
151,29,Bright_Pink
151,70,Reddish_Brown
151,71,Light_Bluish_Gray
151,72,Dark_Bluish_Gray
151,73,Medium_Blue
151,191,Bright_Light_Orange
151,212,Bright_Light_Blue
151,272,Dark_Blue
151,321,Dark_Azure
151,330,Olive_Green
151,484,Dark_Orange
15100,0,Black
15100,1,Blue
15100,14,Yellow
15100,15,White
15100,27,Lime
15100,71,Light_Bluish_Gray
15100,72,Dark_Bluish_Gray
15107,28,Dark_Tan
15108,4,Red
15118,4,Red
15118,15,White
15118,70,Reddish_Brown
15118,71,Light_Bluish_Gray
152,0,Black
152,1,Blue
152,2,Green
152,3,Dark_Turquoise
152,4,Red
152,6,Brown
152,7,Light_Gray
152,8,Dark_Gray
152,14,Yellow
152,15,White
152,19,Tan
152,22,Purple
152,25,Orange
152,27,Lime
152,70,Reddish_Brown
152,71,Light_Bluish_Gray
152,72,Dark_Bluish_Gray
152,73,Medium_Blue
152,85,Dark_Purple
152,151,Very_Light_Bluish_Gray
152,272,Dark_Blue
152,288,Dark_Green
152,484,Dark_Orange
15207,0,Black
15207,1,Blue
15207,2,Green
15207,4,Red
15207,5,Dark_Pink
15207,14,Yellow
15207,15,White
15207,19,Tan
15207,25,Orange
15207,27,Lime
15207,70,Reddish_Brown
15207,71,Light_Bluish_Gray
15207,72,Dark_Bluish_Gray
15207,85,Dark_Purple
15207,89,Blue_Violet
15207,191,Bright_Light_Orange
15207,212,Bright_Light_Blue
15207,272,Dark_Blue
15207,288,Dark_Green
15207,320,Dark_Red
15207,321,Dark_Azure
15208,0,Black
15208,1,Blue
15208,2,Green
15208,15,White
15208,19,Tan
15208,28,Dark_Tan
15208,30,Medium_Lavender
15208,72,Dark_Bluish_Gray
15208,191,Bright_Light_Orange
15208,288,Dark_Green
15208,323,Light_Aqua
15208,326,Yellowish_Green
15209,0,Black
15209,2,Green
15209,3,Dark_Turquoise
15209,4,Red
15209,10,Bright_Green
15209,15,White
15209,19,Tan
15209,70,Reddish_Brown
15209,71,Light_Bluish_Gray
15209,288,Dark_Green
15209,326,Yellowish_Green
15210,0,Black
15210,4,Red
15210,15,White
15210,25,Orange
15210,71,Light_Bluish_Gray
15210,72,Dark_Bluish_Gray
15210,323,Light_Aqua
15210,378,Sand_Green
15254,0,Black
15254,1,Blue
15254,2,Green
15254,4,Red
15254,14,Yellow
15254,15,White
15254,19,Tan
15254,25,Orange
15254,29,Bright_Pink
15254,31,Lavender
15254,70,Reddish_Brown
15254,71,Light_Bluish_Gray
15254,72,Dark_Bluish_Gray
15254,73,Medium_Blue
15254,85,Dark_Purple
15254,191,Bright_Light_Orange
15254,212,Bright_Light_Blue
15254,226,Bright_Light_Yellow
15254,272,Dark_Blue
15254,288,Dark_Green
15254,320,Dark_Red
15254,322,Medium_Azure
15254,323,Light_Aqua
15254,484,Dark_Orange
15265,0,Black
15279,0,Black
15279,10,Bright_Green
15279,26,Magenta
15279,27,Lime
15279,288,Dark_Green
15279,330,Olive_Green
153,0,Black
153,1,Blue
153,2,Green
153,3,Dark_Turquoise
153,4,Red
153,6,Brown
153,7,Light_Gray
153,8,Dark_Gray
153,10,Bright_Green
153,14,Yellow
153,15,White
153,19,Tan
153,25,Orange
153,27,Lime
153,29,Bright_Pink
153,70,Reddish_Brown
153,71,Light_Bluish_Gray
153,72,Dark_Bluish_Gray
153,73,Medium_Blue
153,191,Bright_Light_Orange
153,212,Bright_Light_Blue
153,272,Dark_Blue
153,321,Dark_Azure
153,322,Medium_Azure
153,330,Olive_Green
15303,0,Black
15303,70,Reddish_Brown
15303,212,Bright_Light_Blue
15332,0,Black
15332,4,Red
15332,5,Dark_Pink
15332,15,White
15332,19,Tan
15332,26,Magenta
15332,30,Medium_Lavender
15332,31,Lavender
15332,70,Reddish_Brown
15332,71,Light_Bluish_Gray
15332,72,Dark_Bluish_Gray
15332,321,Dark_Azure
15341,1,Blue
15341,4,Red
15341,14,Yellow
15341,15,White
15341,27,Lime
15343,1,Blue
15343,4,Red
15343,14,Yellow
15343,15,White
15343,27,Lime
15344,27,Lime
15345,15,White
15346,14,Yellow
15348,4,Red
15350,1,Blue
15354,4,Red
15354,25,Orange
15354,27,Lime
15361,4,Red
15362,0,Black
15362,1,Blue
15362,4,Red
15362,10,Bright_Green
15362,14,Yellow
15362,15,White
15362,19,Tan
15362,26,Magenta
15362,27,Lime
15362,70,Reddish_Brown
15362,72,Dark_Bluish_Gray
15362,85,Dark_Purple
15362,326,Yellowish_Green
15362,378,Sand_Green
15367,0,Black
15367,15,White
15367,70,Reddish_Brown
15379,0,Black
15379,71,Light_Bluish_Gray
15391,0,Black
15391,4,Red
15391,15,White
15391,70,Reddish_Brown
15391,71,Light_Bluish_Gray
15391c01,4,Red
15391c01,15,White
15392,70,Reddish_Brown
15392,72,Dark_Bluish_Gray
15395,0,Black
15395,2,Green
15395,4,Red
15395,14,Yellow
15395,15,White
15395,19,Tan
15395,25,Orange
15395,26,Magenta
15395,27,Lime
15395,29,Bright_Pink
15395,70,Reddish_Brown
15395,71,Light_Bluish_Gray
15395,191,Bright_Light_Orange
15395,308,Dark_Brown
15395,320,Dark_Red
15395,322,Medium_Azure
15395,378,Sand_Green
15396,3,Dark_Turquoise
15396,4,Red
15396,10,Bright_Green
15396,26,Magenta
15396,27,Lime
15396,31,Lavender
15396,73,Medium_Blue
15396,322,Medium_Azure
15396,323,Light_Aqua
15397,0,Black
15397,15,White
15397,19,Tan
15397,30,Medium_Lavender
15397,70,Reddish_Brown
15397,71,Light_Bluish_Gray
15397,72,Dark_Bluish_Gray
15397,484,Dark_Orange
15400,72,Dark_Bluish_Gray
15403,0,Black
15403,15,White
15403,71,Light_Bluish_Gray
15403,320,Dark_Red
15406,0,Black
15407,4,Red
15407,28,Dark_Tan
15407,191,Bright_Light_Orange
15411,0,Black
15413,0,Black
15424,0,Black
15424,19,Tan
15424,28,Dark_Tan
15424,308,Dark_Brown
15427,0,Black
15427,70,Reddish_Brown
15427,226,Bright_Light_Yellow
15427,308,Dark_Brown
15427,322,Medium_Azure
15427,484,Dark_Orange
15428,1,Blue
15428,3,Dark_Turquoise
15428,14,Yellow
15428,15,White
15428,272,Dark_Blue
15428,288,Dark_Green
15428,320,Dark_Red
15429,0,Black
15429,1,Blue
15429,4,Red
15429,5,Dark_Pink
15429,14,Yellow
15429,15,White
15429,19,Tan
15429,26,Magenta
15429,70,Reddish_Brown
15429,72,Dark_Bluish_Gray
15429,191,Bright_Light_Orange
15429,378,Sand_Green
15439,0,Black
15439,70,Reddish_Brown
15439,72,Dark_Bluish_Gray
15440,272,Dark_Blue
15443,0,Black
15443,14,Yellow
15443,70,Reddish_Brown
15443,308,Dark_Brown
15444,4,Red
15444,15,White
15445,0,Black
15445,72,Dark_Bluish_Gray
15446,0,Black
15446,14,Yellow
15446,72,Dark_Bluish_Gray
15455,2,Green
15455,4,Red
15455,14,Yellow
15455,71,Light_Bluish_Gray
15456,0,Black
15456,2,Green
15456,71,Light_Bluish_Gray
15457,72,Dark_Bluish_Gray
15458,0,Black
15458,1,Blue
15458,2,Green
15458,4,Red
15458,10,Bright_Green
15458,14,Yellow
15458,15,White
15458,25,Orange
15458,27,Lime
15458,71,Light_Bluish_Gray
15458,72,Dark_Bluish_Gray
15458,191,Bright_Light_Orange
15458,272,Dark_Blue
15458,321,Dark_Azure
15459,71,Light_Bluish_Gray
15460,72,Dark_Bluish_Gray
15461,0,Black
15461,70,Reddish_Brown
15462,28,Dark_Tan
15462,70,Reddish_Brown
15469,5,Dark_Pink
15469,10,Bright_Green
15469,15,White
15469,26,Magenta
15469,27,Lime
15469,29,Bright_Pink
15469,89,Blue_Violet
15469,191,Bright_Light_Orange
15469,212,Bright_Light_Blue
15469,226,Bright_Light_Yellow
15469,272,Dark_Blue
15469,288,Dark_Green
15469,320,Dark_Red
15469,322,Medium_Azure
15469,323,Light_Aqua
15469,330,Olive_Green
15469,378,Sand_Green
15470,15,White
15470,29,Bright_Pink
15470,70,Reddish_Brown
15470,323,Light_Aqua
15491,19,Tan
15496,15,White
15498,0,Black
15499,70,Reddish_Brown
15499,226,Bright_Light_Yellow
15499,484,Dark_Orange
15500,0,Black
15500,19,Tan
15500,70,Reddish_Brown
15500,71,Light_Bluish_Gray
15500,85,Dark_Purple
15500,308,Dark_Brown
15501,4,Red
15501,15,White
15501,70,Reddish_Brown
15501,71,Light_Bluish_Gray
15501,72,Dark_Bluish_Gray
15501,484,Dark_Orange
15503,0,Black
15503,5,Dark_Pink
15503,31,Lavender
15503,72,Dark_Bluish_Gray
15503,85,Dark_Purple
15504,0,Black
15504,15,White
15504,19,Tan
15504,25,Orange
15504,70,Reddish_Brown
15504,72,Dark_Bluish_Gray
15504,73,Medium_Blue
15504,191,Bright_Light_Orange
15504,379,Sand_Blue
15504,484,Dark_Orange
15530,0,Black
15530,272,Dark_Blue
15532,0,Black
15533,0,Black
15533,19,Tan
15533,28,Dark_Tan
15533,31,Lavender
15533,71,Light_Bluish_Gray
15533,72,Dark_Bluish_Gray
15533,378,Sand_Green
15534,72,Dark_Bluish_Gray
15535,0,Black
15535,1,Blue
15535,2,Green
15535,3,Dark_Turquoise
15535,4,Red
15535,10,Bright_Green
15535,14,Yellow
15535,15,White
15535,19,Tan
15535,25,Orange
15535,27,Lime
15535,28,Dark_Tan
15535,70,Reddish_Brown
15535,71,Light_Bluish_Gray
15535,72,Dark_Bluish_Gray
15535,320,Dark_Red
15536,15,White
15540,0,Black
15540,4,Red
15540,15,White
15540,19,Tan
15540,71,Light_Bluish_Gray
15540,72,Dark_Bluish_Gray
15540,272,Dark_Blue
15571,0,Black
15571,1,Blue
15571,2,Green
15571,4,Red
15571,5,Dark_Pink
15571,14,Yellow
15571,15,White
15571,19,Tan
15571,25,Orange
15571,26,Magenta
15571,27,Lime
15571,28,Dark_Tan
15571,29,Bright_Pink
15571,70,Reddish_Brown
15571,71,Light_Bluish_Gray
15571,72,Dark_Bluish_Gray
15571,73,Medium_Blue
15571,85,Dark_Purple
15571,191,Bright_Light_Orange
15571,288,Dark_Green
15571,321,Dark_Azure
15571,323,Light_Aqua
15571,379,Sand_Blue
15573,0,Black
15573,1,Blue
15573,2,Green
15573,3,Dark_Turquoise
15573,4,Red
15573,5,Dark_Pink
15573,10,Bright_Green
15573,14,Yellow
15573,15,White
15573,19,Tan
15573,25,Orange
15573,26,Magenta
15573,27,Lime
15573,28,Dark_Tan
15573,29,Bright_Pink
15573,30,Medium_Lavender
15573,70,Reddish_Brown
15573,71,Light_Bluish_Gray
15573,72,Dark_Bluish_Gray
15573,73,Medium_Blue
15573,85,Dark_Purple
15573,191,Bright_Light_Orange
15573,212,Bright_Light_Blue
15573,226,Bright_Light_Yellow
15573,272,Dark_Blue
15573,288,Dark_Green
15573,308,Dark_Brown
15573,320,Dark_Red
15573,321,Dark_Azure
15573,322,Medium_Azure
15573,323,Light_Aqua
15573,326,Yellowish_Green
15573,378,Sand_Green
15573,484,Dark_Orange
15619,0,Black
15619,1,Blue
15619,2,Green
15619,4,Red
15619,10,Bright_Green
15619,15,White
15619,25,Orange
15619,71,Light_Bluish_Gray
15619,85,Dark_Purple
15619,272,Dark_Blue
15619,288,Dark_Green
15619,320,Dark_Red
15619,321,Dark_Azure
15624,4,Red
15624,19,Tan
15624,27,Lime
15624,28,Dark_Tan
15624,29,Bright_Pink
15624,31,Lavender
15624,71,Light_Bluish_Gray
15624,72,Dark_Bluish_Gray
15624,321,Dark_Azure
15624,322,Medium_Azure
15625,0,Black
15625,15,White
15625,19,Tan
15625,70,Reddish_Brown
15625,71,Light_Bluish_Gray
15625,72,Dark_Bluish_Gray
15626,71,Light_Bluish_Gray
15627,1,Blue
15627,4,Red
15627,15,White
15627,19,Tan
15627,71,Light_Bluish_Gray
15627,321,Dark_Azure
15627,322,Medium_Azure
15646,0,Black
15646,70,Reddish_Brown
1566,0,Black
1566,2,Green
1566,10,Bright_Green
1566,15,White
1566,70,Reddish_Brown
1566,288,Dark_Green
1566,330,Olive_Green
1566,378,Sand_Green
15672,0,Black
15672,1,Blue
15672,2,Green
15672,3,Dark_Turquoise
15672,4,Red
15672,14,Yellow
15672,15,White
15672,19,Tan
15672,25,Orange
15672,27,Lime
15672,28,Dark_Tan
15672,29,Bright_Pink
15672,30,Medium_Lavender
15672,70,Reddish_Brown
15672,71,Light_Bluish_Gray
15672,72,Dark_Bluish_Gray
15672,73,Medium_Blue
15672,85,Dark_Purple
15672,89,Blue_Violet
15672,191,Bright_Light_Orange
15672,212,Bright_Light_Blue
15672,226,Bright_Light_Yellow
15672,272,Dark_Blue
15672,308,Dark_Brown
15672,320,Dark_Red
15672,321,Dark_Azure
15672,322,Medium_Azure
15672,323,Light_Aqua
15672,330,Olive_Green
15672,378,Sand_Green
15672,379,Sand_Blue
15672,484,Dark_Orange
15675,226,Bright_Light_Yellow
15675,320,Dark_Red
15675,484,Dark_Orange
15677,4,Red
15677,26,Magenta
15677,226,Bright_Light_Yellow
15677,321,Dark_Azure
1569,15,White
157,0,Black
157,1,Blue
157,2,Green
157,3,Dark_Turquoise
157,4,Red
157,6,Brown
157,7,Light_Gray
157,8,Dark_Gray
157,10,Bright_Green
157,14,Yellow
157,15,White
157,19,Tan
157,25,Orange
157,26,Magenta
157,27,Lime
157,28,Dark_Tan
157,29,Bright_Pink
157,68,Very_Light_Orange
157,70,Reddish_Brown
157,71,Light_Bluish_Gray
157,72,Dark_Bluish_Gray
157,73,Medium_Blue
157,191,Bright_Light_Orange
157,212,Bright_Light_Blue
157,272,Dark_Blue
157,288,Dark_Green
157,313,Maersk_Blue
157,320,Dark_Red
157,321,Dark_Azure
157,322,Medium_Azure
157,378,Sand_Green
157,379,Sand_Blue
1570,15,White
15705,308,Dark_Brown
15706,0,Black
15706,4,Red
15706,25,Orange
15706,26,Magenta
15706,30,Medium_Lavender
15706,70,Reddish_Brown
15706,71,Light_Bluish_Gray
15706,72,Dark_Bluish_Gray
15706,85,Dark_Purple
15706,191,Bright_Light_Orange
15706,321,Dark_Azure
15706,322,Medium_Azure
15706,378,Sand_Green
15712,0,Black
15712,1,Blue
15712,2,Green
15712,3,Dark_Turquoise
15712,4,Red
15712,5,Dark_Pink
15712,10,Bright_Green
15712,14,Yellow
15712,15,White
15712,19,Tan
15712,25,Orange
15712,27,Lime
15712,70,Reddish_Brown
15712,71,Light_Bluish_Gray
15712,72,Dark_Bluish_Gray
15712,85,Dark_Purple
15712,191,Bright_Light_Orange
15712,212,Bright_Light_Blue
15712,226,Bright_Light_Yellow
15712,288,Dark_Green
15712,308,Dark_Brown
15712,320,Dark_Red
15712,322,Medium_Azure
15712,330,Olive_Green
15712,378,Sand_Green
15712,379,Sand_Blue
15745,4,Red
15790,0,Black
15790,15,White
15790,31,Lavender
158,0,Black
158,1,Blue
158,2,Green
158,4,Red
158,5,Dark_Pink
158,7,Light_Gray
158,14,Yellow
158,15,White
158,25,Orange
158,71,Light_Bluish_Gray
158,73,Medium_Blue
158,288,Dark_Green
158,313,Maersk_Blue
1580,0,Black
15851,0,Black
159,0,Black
159,1,Blue
159,2,Green
159,4,Red
159,5,Dark_Pink
159,7,Light_Gray
159,14,Yellow
159,15,White
159,25,Orange
159,71,Light_Bluish_Gray
159,73,Medium_Blue
159,85,Dark_Purple
159,288,Dark_Green
159,313,Maersk_Blue
15976,0,Black
15976,4,Red
15976,15,White
15976,378,Sand_Green
16,0,Black
16,1,Blue
16,2,Green
16,4,Red
16,6,Brown
16,7,Light_Gray
16,8,Dark_Gray
16,14,Yellow
16,15,White
16,19,Tan
161,0,Black
161,1,Blue
161,2,Green
161,4,Red
161,6,Brown
161,7,Light_Gray
161,8,Dark_Gray
161,14,Yellow
161,15,White
161,19,Tan
161,25,Orange
161,70,Reddish_Brown
161,71,Light_Bluish_Gray
161,72,Dark_Bluish_Gray
161,115,Medium_Lime
1612,70,Reddish_Brown
163,0,Black
163,1,Blue
163,2,Green
163,4,Red
163,6,Brown
163,7,Light_Gray
163,8,Dark_Gray
163,14,Yellow
163,15,White
163,19,Tan
16478,0,Black
16497,1,Blue
16497,28,Dark_Tan
16497,72,Dark_Bluish_Gray
164c01,0,Black
164c01,1,Blue
164c01,4,Red
164c02,4,Red
164c02,313,Maersk_Blue
16577,0,Black
16577,1,Blue
16577,3,Dark_Turquoise
16577,4,Red
16577,5,Dark_Pink
16577,10,Bright_Green
16577,15,White
16577,19,Tan
16577,26,Magenta
16577,29,Bright_Pink
16577,30,Medium_Lavender
16577,31,Lavender
16577,70,Reddish_Brown
16577,71,Light_Bluish_Gray
16577,72,Dark_Bluish_Gray
16577,85,Dark_Purple
16577,226,Bright_Light_Yellow
16577,272,Dark_Blue
16577,323,Light_Aqua
16577,484,Dark_Orange
16599,1,Blue
16599,15,White
165c01b,0,Black
165c01b,8,Dark_Gray
165c01b,10,Bright_Green
165c01b,71,Light_Bluish_Gray
167,0,Black
167,1,Blue
167,2,Green
167,4,Red
167,5,Dark_Pink
167,8,Dark_Gray
167,14,Yellow
167,15,White
167,27,Lime
167,70,Reddish_Brown
167,71,Light_Bluish_Gray
167,72,Dark_Bluish_Gray
167,74,Medium_Green
167,191,Bright_Light_Orange
167,322,Medium_Azure
16770,0,Black
16770,1,Blue
16770,4,Red
16770,10,Bright_Green
16770,15,White
16770,19,Tan
16770,25,Orange
16770,71,Light_Bluish_Gray
16770,85,Dark_Purple
16820,4,Red
16820,29,Bright_Pink
1686,0,Black
1686,1,Blue
1686,2,Green
1686,4,Red
1686,5,Dark_Pink
1686,10,Bright_Green
1686,14,Yellow
1686,26,Magenta
1686,28,Dark_Tan
1686,29,Bright_Pink
1686,89,Blue_Violet
1686,212,Bright_Light_Blue
1686,272,Dark_Blue
1686,308,Dark_Brown
1686,320,Dark_Red
169,0,Black
169,1,Blue
169,4,Red
169,7,Light_Gray
169,8,Dark_Gray
169,10,Bright_Green
169,14,Yellow
169,15,White
169,19,Tan
169,25,Orange
169,27,Lime
169,71,Light_Bluish_Gray
169,72,Dark_Bluish_Gray
169,73,Medium_Blue
169,110,Violet
169,191,Bright_Light_Orange
169,272,Dark_Blue
169,320,Dark_Red
169,321,Dark_Azure
169,484,Dark_Orange
16968,0,Black
16968,4,Red
16968,15,White
16968,71,Light_Bluish_Gray
16981,2,Green
16981,27,Lime
17,0,Black
17,1,Blue
17,4,Red
17,15,White
17018,0,Black
17114,0,Black
17114,72,Dark_Bluish_Gray
17114,308,Dark_Brown
17114,484,Dark_Orange
17346,0,Black
17346,15,White
17346,226,Bright_Light_Yellow
17346,308,Dark_Brown
17346,484,Dark_Orange
17347,31,Lavender
17347,308,Dark_Brown
17347,484,Dark_Orange
17349,0,Black
17349,4,Red
17349,70,Reddish_Brown
174,0,Black
174,1,Blue
174,2,Green
174,4,Red
174,6,Brown
174,7,Light_Gray
174,8,Dark_Gray
174,14,Yellow
174,15,White
174,19,Tan
174,25,Orange
174,26,Magenta
174,27,Lime
174,70,Reddish_Brown
174,71,Light_Bluish_Gray
174,72,Dark_Bluish_Gray
174,73,Medium_Blue
174,272,Dark_Blue
174,320,Dark_Red
174,321,Dark_Azure
174,322,Medium_Azure
174,378,Sand_Green
1744,0,Black
1744,3,Dark_Turquoise
1744,14,Yellow
1744,19,Tan
1744,25,Orange
1744,326,Yellowish_Green
1744,484,Dark_Orange
1745,0,Black
1745,1,Blue
1745,2,Green
1745,3,Dark_Turquoise
1745,4,Red
1745,14,Yellow
1745,15,White
1745,19,Tan
1745,25,Orange
1745,29,Bright_Pink
1745,30,Medium_Lavender
1745,70,Reddish_Brown
1745,71,Light_Bluish_Gray
1745,72,Dark_Bluish_Gray
1745,89,Blue_Violet
1745,191,Bright_Light_Orange
1745,226,Bright_Light_Yellow
1745,323,Light_Aqua
17454,0,Black
17454,1,Blue
17454,15,White
17454,70,Reddish_Brown
1746,2,Green
1746,4,Red
1746,28,Dark_Tan
1746,379,Sand_Blue
1747,10,Bright_Green
1748,0,Black
1748,1,Blue
1748,2,Green
1748,3,Dark_Turquoise
1748,4,Red
1748,5,Dark_Pink
1748,10,Bright_Green
1748,14,Yellow
1748,15,White
1748,19,Tan
1748,25,Orange
1748,26,Magenta
1748,29,Bright_Pink
1748,70,Reddish_Brown
1748,71,Light_Bluish_Gray
1748,72,Dark_Bluish_Gray
1748,89,Blue_Violet
1748,191,Bright_Light_Orange
1748,212,Bright_Light_Blue
1748,320,Dark_Red
1748,321,Dark_Azure
1748,322,Medium_Azure
1748,323,Light_Aqua
1748,326,Yellowish_Green
1748,330,Olive_Green
1748,378,Sand_Green
17485,0,Black
17485,1,Blue
17485,4,Red
17485,10,Bright_Green
17485,14,Yellow
17485,15,White
17485,19,Tan
17485,25,Orange
17485,31,Lavender
17485,71,Light_Bluish_Gray
17485,85,Dark_Purple
17485,191,Bright_Light_Orange
17485,308,Dark_Brown
17485,321,Dark_Azure
17485,322,Medium_Azure
17485,326,Yellowish_Green
17485,379,Sand_Blue
17485,484,Dark_Orange
17486,71,Light_Bluish_Gray
1749,0,Black
1749,5,Dark_Pink
1749,15,White
1749,28,Dark_Tan
1749,70,Reddish_Brown
175,0,Black
175,4,Red
1750,0,Black
1750,1,Blue
1750,2,Green
1750,3,Dark_Turquoise
1750,4,Red
1750,14,Yellow
1750,15,White
1750,19,Tan
1750,25,Orange
1750,29,Bright_Pink
1750,30,Medium_Lavender
1750,70,Reddish_Brown
1750,71,Light_Bluish_Gray
1750,72,Dark_Bluish_Gray
1750,191,Bright_Light_Orange
1750,272,Dark_Blue
1750,321,Dark_Azure
1750,322,Medium_Azure
1750,323,Light_Aqua
1750,326,Yellowish_Green
1750,379,Sand_Blue
1751,0,Black
1751,4,Red
1751,15,White
1751,19,Tan
1751,26,Magenta
1751,70,Reddish_Brown
1751,71,Light_Bluish_Gray
1751,72,Dark_Bluish_Gray
1751,272,Dark_Blue
1751,320,Dark_Red
1751,484,Dark_Orange
17514,2,Green
1756,25,Orange
176,0,Black
1762,0,Black
1762,15,White
1762,19,Tan
1762,28,Dark_Tan
1762,29,Bright_Pink
1762,71,Light_Bluish_Gray
1762,191,Bright_Light_Orange
1762,212,Bright_Light_Blue
1762,379,Sand_Blue
17630,0,Black
17630,308,Dark_Brown
177,0,Black
178,0,Black
178,1,Blue
178,2,Green
178,4,Red
178,6,Brown
178,7,Light_Gray
178,8,Dark_Gray
178,14,Yellow
178,15,White
178,19,Tan
178,25,Orange
178,26,Magenta
178,28,Dark_Tan
178,70,Reddish_Brown
178,71,Light_Bluish_Gray
178,72,Dark_Bluish_Gray
178,191,Bright_Light_Orange
18,0,Black
18,4,Red
18,14,Yellow
180,0,Black
180,1,Blue
180,2,Green
180,4,Red
180,6,Brown
180,7,Light_Gray
180,8,Dark_Gray
180,14,Yellow
180,15,White
180,19,Tan
180,25,Orange
180,70,Reddish_Brown
180,71,Light_Bluish_Gray
180,74,Medium_Green
180,272,Dark_Blue
180,288,Dark_Green
180,320,Dark_Red
18031,0,Black
18031,15,White
18031,72,Dark_Bluish_Gray
18034,0,Black
18034,15,White
18041,0,Black
18051,1,Blue
18051,2,Green
18165,70,Reddish_Brown
18166,0,Black
18166,15,White
18171,0,Black
18171,2,Green
18171,71,Light_Bluish_Gray
18277,3,Dark_Turquoise
18277,5,Dark_Pink
18277,15,White
18277,70,Reddish_Brown
18277,71,Light_Bluish_Gray
18277,72,Dark_Bluish_Gray
18277,321,Dark_Azure
18395,0,Black
18395,4,Red
18395,25,Orange
18395,26,Magenta
18395,191,Bright_Light_Orange
18395,326,Yellowish_Green
184,2,Green
184,4,Red
184,14,Yellow
18450,0,Black
18455,71,Light_Bluish_Gray
1846,0,Black
1846,4,Red
1846,15,White
1846,272,Dark_Blue
1846,308,Dark_Brown
18585,0,Black
18587,14,Yellow
18587,71,Light_Bluish_Gray
18588,0,Black
18588,14,Yellow
18588,15,White
18588,29,Bright_Pink
18588,72,Dark_Bluish_Gray
18590,0,Black
18591,4,Red
185c01,0,Black
185c01,1,Blue
185c01,4,Red
185c02,4,Red
185c02,313,Maersk_Blue
18601,19,Tan
18601,72,Dark_Bluish_Gray
18646,0,Black
18646,1,Blue
18646,2,Green
18646,4,Red
18646,10,Bright_Green
18646,14,Yellow
18646,15,White
18646,19,Tan
18646,25,Orange
18646,27,Lime
18646,28,Dark_Tan
18646,29,Bright_Pink
18646,30,Medium_Lavender
18646,31,Lavender
18646,70,Reddish_Brown
18646,71,Light_Bluish_Gray
18646,72,Dark_Bluish_Gray
18646,85,Dark_Purple
18646,212,Bright_Light_Blue
18646,272,Dark_Blue
18646,288,Dark_Green
18646,320,Dark_Red
18646,321,Dark_Azure
18646,326,Yellowish_Green
18649,0,Black
18649,4,Red
18649,14,Yellow
18649,15,White
18649,19,Tan
18649,71,Light_Bluish_Gray
18649,72,Dark_Bluish_Gray
18649,191,Bright_Light_Orange
18649,308,Dark_Brown
18649,321,Dark_Azure
18649,322,Medium_Azure
18651,0,Black
18653,0,Black
18653,1,Blue
18653,2,Green
18653,3,Dark_Turquoise
18653,4,Red
18653,5,Dark_Pink
18653,14,Yellow
18653,15,White
18653,19,Tan
18653,25,Orange
18653,27,Lime
18653,29,Bright_Pink
18653,30,Medium_Lavender
18653,31,Lavender
18653,70,Reddish_Brown
18653,71,Light_Bluish_Gray
18653,72,Dark_Bluish_Gray
18653,85,Dark_Purple
18653,191,Bright_Light_Orange
18653,212,Bright_Light_Blue
18653,226,Bright_Light_Yellow
18653,272,Dark_Blue
18653,320,Dark_Red
18653,322,Medium_Azure
18653,323,Light_Aqua
18653,378,Sand_Green
18653,484,Dark_Orange
18654,0,Black
18654,1,Blue
18654,2,Green
18654,3,Dark_Turquoise
18654,4,Red
18654,10,Bright_Green
18654,14,Yellow
18654,15,White
18654,19,Tan
18654,25,Orange
18654,27,Lime
18654,29,Bright_Pink
18654,70,Reddish_Brown
18654,71,Light_Bluish_Gray
18654,72,Dark_Bluish_Gray
18654,85,Dark_Purple
18654,330,Olive_Green
18654,379,Sand_Blue
18671,0,Black
18671,4,Red
18671,5,Dark_Pink
18671,14,Yellow
18671,19,Tan
18671,25,Orange
18671,71,Light_Bluish_Gray
18671,72,Dark_Bluish_Gray
18671,272,Dark_Blue
18674,0,Black
18674,1,Blue
18674,4,Red
18674,5,Dark_Pink
18674,10,Bright_Green
18674,14,Yellow
18674,15,White
18674,25,Orange
18674,26,Magenta
18674,27,Lime
18674,28,Dark_Tan
18674,30,Medium_Lavender
18674,31,Lavender
18674,70,Reddish_Brown
18674,71,Light_Bluish_Gray
18674,72,Dark_Bluish_Gray
18674,85,Dark_Purple
18674,89,Blue_Violet
18674,191,Bright_Light_Orange
18674,272,Dark_Blue
18674,288,Dark_Green
18674,322,Medium_Azure
18674,323,Light_Aqua
18674,330,Olive_Green
18674,378,Sand_Green
18674,379,Sand_Blue
18675,0,Black
18675,15,White
18675,71,Light_Bluish_Gray
18675,72,Dark_Bluish_Gray
18675,320,Dark_Red
18677,0,Black
18677,3,Dark_Turquoise
18677,4,Red
18677,15,White
18677,19,Tan
18677,25,Orange
18677,70,Reddish_Brown
18677,71,Light_Bluish_Gray
18677,72,Dark_Bluish_Gray
18677,212,Bright_Light_Blue
18677,288,Dark_Green
1871,0,Black
1871,1,Blue
1871,3,Dark_Turquoise
1871,4,Red
1871,14,Yellow
1871,15,White
1871,19,Tan
1871,25,Orange
1871,70,Reddish_Brown
1871,71,Light_Bluish_Gray
1871,379,Sand_Blue
18738,71,Light_Bluish_Gray
18742,0,Black
18742,5,Dark_Pink
18742,14,Yellow
18746,14,Yellow
18746,27,Lime
18746,71,Light_Bluish_Gray
18746,72,Dark_Bluish_Gray
18746,191,Bright_Light_Orange
18746,272,Dark_Blue
18746,288,Dark_Green
18759,1,Blue
18759,15,White
18759,19,Tan
18759,29,Bright_Pink
18759,71,Light_Bluish_Gray
18759,72,Dark_Bluish_Gray
18759,85,Dark_Purple
18759,191,Bright_Light_Orange
18759,322,Medium_Azure
18787,30,Medium_Lavender
18787,70,Reddish_Brown
18787,72,Dark_Bluish_Gray
18787,322,Medium_Azure
18788,30,Medium_Lavender
18788,70,Reddish_Brown
18788,72,Dark_Bluish_Gray
18788,322,Medium_Azure
18789,30,Medium_Lavender
18789,70,Reddish_Brown
18789,322,Medium_Azure
18791,19,Tan
18791,70,Reddish_Brown
18791,72,Dark_Bluish_Gray
18791,320,Dark_Red
18792,30,Medium_Lavender
18792,70,Reddish_Brown
1881,2,Green
1881,4,Red
1881,191,Bright_Light_Orange
18822,15,White
18822,30,Medium_Lavender
18822,70,Reddish_Brown
18822,288,Dark_Green
18822,320,Dark_Red
18838,0,Black
18838,1,Blue
18838,3,Dark_Turquoise
18838,4,Red
18838,15,White
18838,19,Tan
18838,30,Medium_Lavender
18838,70,Reddish_Brown
18838,71,Light_Bluish_Gray
18838,72,Dark_Bluish_Gray
18838,85,Dark_Purple
18838,288,Dark_Green
18842,0,Black
18842,226,Bright_Light_Yellow
18842,320,Dark_Red
18844,226,Bright_Light_Yellow
18853,0,Black
18853,15,White
18853,29,Bright_Pink
18853,30,Medium_Lavender
18853,85,Dark_Purple
18853,191,Bright_Light_Orange
18853,226,Bright_Light_Yellow
18853,323,Light_Aqua
18855,323,Light_Aqua
18866,15,White
18892,0,Black
18895,0,Black
18895,4,Red
18895,15,White
18895,71,Light_Bluish_Gray
18895,272,Dark_Blue
18895,320,Dark_Red
18896,0,Black
18896,15,White
18896,322,Medium_Azure
18897,19,Tan
18897,71,Light_Bluish_Gray
18897,72,Dark_Bluish_Gray
18897,379,Sand_Blue
18904,2,Green
18904,19,Tan
18904,288,Dark_Green
18904,330,Olive_Green
18904,378,Sand_Green
18905,2,Green
18905,330,Olive_Green
18905,378,Sand_Green
18906,2,Green
18906,19,Tan
18906,288,Dark_Green
18906,330,Olive_Green
18906,378,Sand_Green
18907,15,White
18907,272,Dark_Blue
18909,0,Black
18909,4,Red
18909,14,Yellow
18909,15,White
18909,71,Light_Bluish_Gray
18909,191,Bright_Light_Orange
18909,272,Dark_Blue
18909,484,Dark_Orange
18910,0,Black
18910,4,Red
18910,14,Yellow
18910,15,White
18910,25,Orange
18910,28,Dark_Tan
18910,29,Bright_Pink
18910,70,Reddish_Brown
18910,71,Light_Bluish_Gray
18910,85,Dark_Purple
18910,378,Sand_Green
18912,71,Light_Bluish_Gray
18912,72,Dark_Bluish_Gray
18913,4,Red
18913,272,Dark_Blue
18922,10,Bright_Green
18922,15,White
18922,27,Lime
18922,29,Bright_Pink
18922,31,Lavender
18922,71,Light_Bluish_Gray
18922,72,Dark_Bluish_Gray
18922,226,Bright_Light_Yellow
18922,288,Dark_Green
18922,321,Dark_Azure
18922,322,Medium_Azure
18927,1,Blue
18927,4,Red
18927,15,White
18927,288,Dark_Green
18927,379,Sand_Blue
18938,0,Black
18938,72,Dark_Bluish_Gray
18939,71,Light_Bluish_Gray
18940,1,Blue
18940,4,Red
18940,14,Yellow
18940,71,Light_Bluish_Gray
18940,72,Dark_Bluish_Gray
18940,379,Sand_Blue
18942,72,Dark_Bluish_Gray
18943,0,Black
18944,0,Black
18944,1,Blue
18944,2,Green
18944,4,Red
18944,10,Bright_Green
18944,14,Yellow
18944,15,White
18944,25,Orange
18944,27,Lime
18944,72,Dark_Bluish_Gray
18944,85,Dark_Purple
18944,191,Bright_Light_Orange
18944,272,Dark_Blue
18944,288,Dark_Green
18944,321,Dark_Azure
18945,0,Black
18945,3,Dark_Turquoise
18945,4,Red
18945,10,Bright_Green
18945,14,Yellow
18945,15,White
18945,25,Orange
18945,26,Magenta
18945,71,Light_Bluish_Gray
18945,72,Dark_Bluish_Gray
18945,73,Medium_Blue
18945,191,Bright_Light_Orange
18945,321,Dark_Azure
18946,4,Red
18947,72,Dark_Bluish_Gray
18948,15,White
18959,15,White
18962,19,Tan
18969,0,Black
18969,4,Red
18969,14,Yellow
18969,15,White
18969,26,Magenta
18969,31,Lavender
18969,85,Dark_Purple
18969,288,Dark_Green
18969,484,Dark_Orange
18970,4,Red
18970,5,Dark_Pink
18970,10,Bright_Green
18970,14,Yellow
18970,15,White
18970,29,Bright_Pink
18970,30,Medium_Lavender
18970,31,Lavender
18970,85,Dark_Purple
18970,191,Bright_Light_Orange
18970,212,Bright_Light_Blue
18970,226,Bright_Light_Yellow
18970,379,Sand_Blue
18972,0,Black
18972,191,Bright_Light_Orange
18974,0,Black
18974,1,Blue
18974,2,Green
18974,4,Red
18974,14,Yellow
18974,15,White
18974,25,Orange
18974,27,Lime
18974,71,Light_Bluish_Gray
18974,72,Dark_Bluish_Gray
18974,191,Bright_Light_Orange
18974,272,Dark_Blue
18974,288,Dark_Green
18974,322,Medium_Azure
18975,71,Light_Bluish_Gray
18975,72,Dark_Bluish_Gray
18976,0,Black
18976,2,Green
18976,4,Red
18976,14,Yellow
18976,15,White
18976,25,Orange
18977,0,Black
18978a,0,Black
18978a,15,White
18978a,19,Tan
18978a,26,Magenta
18978b,0,Black
18978b,15,White
18978b,19,Tan
18978b,26,Magenta
18979a,0,Black
18979b,0,Black
18980,0,Black
18980,1,Blue
18980,2,Green
18980,3,Dark_Turquoise
18980,4,Red
18980,5,Dark_Pink
18980,10,Bright_Green
18980,14,Yellow
18980,15,White
18980,19,Tan
18980,25,Orange
18980,26,Magenta
18980,27,Lime
18980,28,Dark_Tan
18980,29,Bright_Pink
18980,30,Medium_Lavender
18980,31,Lavender
18980,70,Reddish_Brown
18980,71,Light_Bluish_Gray
18980,72,Dark_Bluish_Gray
18980,85,Dark_Purple
18980,191,Bright_Light_Orange
18980,226,Bright_Light_Yellow
18980,272,Dark_Blue
18980,320,Dark_Red
18980,321,Dark_Azure
18980,322,Medium_Azure
18980,323,Light_Aqua
18986,15,White
18987,0,Black
18987,1,Blue
18987,70,Reddish_Brown
18987,272,Dark_Blue
18990,5,Dark_Pink
18990,15,White
18990,29,Bright_Pink
19,0,Black
19,1,Blue
19,2,Green
19,4,Red
19,6,Brown
19,8,Dark_Gray
19,14,Yellow
19,15,White
19,28,Dark_Tan
19,70,Reddish_Brown
19,73,Medium_Blue
19,85,Dark_Purple
19,272,Dark_Blue
19,320,Dark_Red
19052,4,Red
19062,321,Dark_Azure
19086,72,Dark_Bluish_Gray
19087,0,Black
19087,15,White
19118,27,Lime
19118,31,Lavender
19118,71,Light_Bluish_Gray
19118,191,Bright_Light_Orange
19118,323,Light_Aqua
19119,0,Black
19119,2,Green
19119,5,Dark_Pink
19119,19,Tan
19119,85,Dark_Purple
19119,288,Dark_Green
19119,308,Dark_Brown
19119,320,Dark_Red
19119,326,Yellowish_Green
19119,484,Dark_Orange
19121,0,Black
19121,3,Dark_Turquoise
19121,15,White
19121,31,Lavender
19121,70,Reddish_Brown
19121,71,Light_Bluish_Gray
19121,378,Sand_Green
19141,70,Reddish_Brown
19141,308,Dark_Brown
19159,0,Black
19220,0,Black
19220,4,Red
19220,71,Light_Bluish_Gray
1936,71,Light_Bluish_Gray
1937,0,Black
1938,71,Light_Bluish_Gray
195,0,Black
195,4,Red
197,0,Black
197,1,Blue
197,4,Red
19723,10,Bright_Green
19723,30,Medium_Lavender
19723,322,Medium_Azure
19723,484,Dark_Orange
19727,0,Black
19729,0,Black
19729,2,Green
19729,15,White
19729,19,Tan
19729,25,Orange
19729,308,Dark_Brown
19729,378,Sand_Green
19730,10,Bright_Green
19730,30,Medium_Lavender
19730,322,Medium_Azure
19730,484,Dark_Orange
19732,0,Black
19734,2,Green
19734,4,Red
19734,85,Dark_Purple
1974,0,Black
1974,14,Yellow
198,14,Yellow
198,15,White
1987,0,Black
1988,0,Black
1988,26,Magenta
1988,85,Dark_Purple
1989,71,Light_Bluish_Gray
199,0,Black
199,1,Blue
199,2,Green
199,4,Red
199,6,Brown
199,7,Light_Gray
199,8,Dark_Gray
199,14,Yellow
199,15,White
199,19,Tan
199,27,Lime
199,28,Dark_Tan
199,70,Reddish_Brown
199,71,Light_Bluish_Gray
199,72,Dark_Bluish_Gray
199,85,Dark_Purple
199,272,Dark_Blue
199,288,Dark_Green
199,308,Dark_Brown
199,320,Dark_Red
199,378,Sand_Green
199,379,Sand_Blue
199,484,Dark_Orange
19916,0,Black
19916,15,White
19917,0,Black
19917,15,White
1994,0,Black
1994,4,Red
1994,15,White
1994,70,Reddish_Brown
1994,272,Dark_Blue
1994,322,Medium_Azure
1997,15,White
1997,27,Lime
1997,70,Reddish_Brown
1997,191,Bright_Light_Orange
1997,321,Dark_Azure
2,1,Blue
2,4,Red
2,15,White
2003,0,Black
2003,70,Reddish_Brown
20033,4,Red
20033,272,Dark_Blue
2007,0,Black
2008,484,Dark_Orange
20105,0,Black
20105,19,Tan
20193,15,White
203,0,Black
203,1,Blue
203,3,Dark_Turquoise
203,4,Red
203,5,Dark_Pink
203,7,Light_Gray
203,8,Dark_Gray
203,15,White
203,19,Tan
203,25,Orange
203,27,Lime
203,30,Medium_Lavender
203,70,Reddish_Brown
203,71,Light_Bluish_Gray
203,72,Dark_Bluish_Gray
203,85,Dark_Purple
203,89,Blue_Violet
203,191,Bright_Light_Orange
203,226,Bright_Light_Yellow
203,272,Dark_Blue
203,320,Dark_Red
203,321,Dark_Azure
203,326,Yellowish_Green
20308,71,Light_Bluish_Gray
20309,0,Black
20309,2,Green
20309,3,Dark_Turquoise
20309,15,White
20309,19,Tan
20309,70,Reddish_Brown
20309,191,Bright_Light_Orange
20309,308,Dark_Brown
20309,321,Dark_Azure
20309,378,Sand_Green
20310,0,Black
20310,15,White
20310,19,Tan
20310,70,Reddish_Brown
20310,71,Light_Bluish_Gray
20310,72,Dark_Bluish_Gray
20310,85,Dark_Purple
20310,484,Dark_Orange
20312,15,White
20312,26,Magenta
20312,72,Dark_Bluish_Gray
20312,191,Bright_Light_Orange
20312,308,Dark_Brown
20313,15,White
20313,26,Magenta
20313,72,Dark_Bluish_Gray
20313,191,Bright_Light_Orange
20313,308,Dark_Brown
2038,0,Black
2038,1,Blue
2038,4,Red
2038,7,Light_Gray
2038,14,Yellow
2038,15,White
2038,351,Medium_Dark_Pink
2039,0,Black
2039,1,Blue
2039,2,Green
2039,4,Red
2039,6,Brown
2039,7,Light_Gray
2039,8,Dark_Gray
2039,11,Light_Turquoise
2039,13,Pink
2039,14,Yellow
2039,15,White
2039,19,Tan
2039,72,Dark_Bluish_Gray
2039,110,Violet
20398c01,15,White
2040,4,Red
2040,14,Yellow
2040,15,White
2041,4,Red
2041,15,White
2042,4,Red
2042,14,Yellow
2043,1,Blue
2043,4,Red
2043,14,Yellow
2046,0,Black
2046,4,Red
2046,13,Pink
2046,14,Yellow
2046,77,Light_Pink
2046,462,Medium_Orange
2048,4,Red
20482,0,Black
20482,1,Blue
20482,2,Green
20482,4,Red
20482,5,Dark_Pink
20482,10,Bright_Green
20482,14,Yellow
20482,15,White
20482,19,Tan
20482,27,Lime
20482,28,Dark_Tan
20482,29,Bright_Pink
20482,31,Lavender
20482,70,Reddish_Brown
20482,71,Light_Bluish_Gray
20482,72,Dark_Bluish_Gray
20482,85,Dark_Purple
20482,191,Bright_Light_Orange
20482,226,Bright_Light_Yellow
20482,272,Dark_Blue
20482,288,Dark_Green
20482,308,Dark_Brown
20482,321,Dark_Azure
20482,326,Yellowish_Green
205,0,Black
205,7,Light_Gray
205,14,Yellow
205,15,White
205,71,Light_Bluish_Gray
20512,72,Dark_Bluish_Gray
20546,10,Bright_Green
20546,308,Dark_Brown
20582,72,Dark_Bluish_Gray
20595,0,Black
20595,15,White
20595,25,Orange
20595,72,Dark_Bluish_Gray
20595,226,Bright_Light_Yellow
20595,308,Dark_Brown
20595,326,Yellowish_Green
20596,26,Magenta
20596,226,Bright_Light_Yellow
20596,484,Dark_Orange
20597,0,Black
20597,1,Blue
20597,308,Dark_Brown
206,7,Light_Gray
20608,2,Green
20608,4,Red
20608,71,Light_Bluish_Gray
20608,85,Dark_Purple
20608,320,Dark_Red
20841,15,White
20844,15,White
20877,0,Black
20877,19,Tan
20877,226,Bright_Light_Yellow
20877,308,Dark_Brown
20877,320,Dark_Red
20877,484,Dark_Orange
208c01,0,Black
208c01,6,Brown
208c01,7,Light_Gray
208c01,8,Dark_Gray
208c01,70,Reddish_Brown
208c01,71,Light_Bluish_Gray
208c01,72,Dark_Bluish_Gray
20952,3,Dark_Turquoise
20952,4,Red
20952,15,White
20952,19,Tan
20952,26,Magenta
20952,27,Lime
20952,71,Light_Bluish_Gray
20952,191,Bright_Light_Orange
20952,378,Sand_Green
20953,0,Black
20953,14,Yellow
20953,15,White
20953,27,Lime
20953,30,Medium_Lavender
20953,71,Light_Bluish_Gray
20953,191,Bright_Light_Orange
20953,272,Dark_Blue
20953,326,Yellowish_Green
210,2,Green
210h,2,Green
212,0,Black
212,1,Blue
212,2,Green
212,4,Red
212,7,Light_Gray
212,14,Yellow
212,15,White
212,19,Tan
212,71,Light_Bluish_Gray
212,72,Dark_Bluish_Gray
21229,0,Black
21229,4,Red
21229,15,White
21229,26,Magenta
21229,30,Medium_Lavender
21229,31,Lavender
21229,70,Reddish_Brown
21229,71,Light_Bluish_Gray
21229,321,Dark_Azure
21229,378,Sand_Green
2123,0,Black
2123,308,Dark_Brown
21268,0,Black
21268,2,Green
21268,15,White
21268,19,Tan
21268,27,Lime
21268,70,Reddish_Brown
21268,71,Light_Bluish_Gray
21268,72,Dark_Bluish_Gray
21269,0,Black
21269,15,White
21269,28,Dark_Tan
21269,71,Light_Bluish_Gray
21269,308,Dark_Brown
21269,326,Yellowish_Green
21269,484,Dark_Orange
21301,15,White
21301,29,Bright_Pink
21301,70,Reddish_Brown
21301,272,Dark_Blue
21301,308,Dark_Brown
21301,323,Light_Aqua
2131,15,White
2142,0,Black
2142,4,Red
2142,10,Bright_Green
2142,14,Yellow
2142,19,Tan
2142,25,Orange
2142,70,Reddish_Brown
2142,72,Dark_Bluish_Gray
2142,73,Medium_Blue
2142,378,Sand_Green
21445,0,Black
21445,71,Light_Bluish_Gray
2145,4,Red
2145,14,Yellow
2145,15,White
21459,0,Black
21459,4,Red
21459,25,Orange
21459,27,Lime
21459,70,Reddish_Brown
21459,226,Bright_Light_Yellow
21459,288,Dark_Green
21459,320,Dark_Red
21459,322,Medium_Azure
21459,326,Yellowish_Green
2146,1,Blue
2146,4,Red
21560,0,Black
21560,1,Blue
21560,4,Red
21560,15,White
21560,19,Tan
21560,25,Orange
21560,28,Dark_Tan
21560,31,Lavender
21560,71,Light_Bluish_Gray
21560,191,Bright_Light_Orange
21560,320,Dark_Red
21560,379,Sand_Blue
21561,0,Black
21561,25,Orange
21561,28,Dark_Tan
21561,70,Reddish_Brown
21562,0,Black
21562,4,Red
21562,15,White
21562,19,Tan
21562,70,Reddish_Brown
21562,72,Dark_Bluish_Gray
21562,308,Dark_Brown
216,0,Black
216,1,Blue
216,4,Red
216,6,Brown
216,7,Light_Gray
216,14,Yellow
216,15,White
217,1,Blue
217,4,Red
217,7,Light_Gray
217,14,Yellow
217,15,White
217,71,Light_Bluish_Gray
21755,0,Black
21777,308,Dark_Brown
21778,0,Black
21778,14,Yellow
21778,26,Magenta
21778,70,Reddish_Brown
21778,71,Light_Bluish_Gray
21778,308,Dark_Brown
21787,15,White
21788,0,Black
21788,226,Bright_Light_Yellow
21849,15,White
21849,272,Dark_Blue
2187,0,Black
2187,1,Blue
2187,4,Red
2187,10,Bright_Green
2187,15,White
2187,85,Dark_Purple
2187,321,Dark_Azure
21980,15,White
22,0,Black
22,1,Blue
22,2,Green
22,4,Red
22,6,Brown
22,7,Light_Gray
22,8,Dark_Gray
22,14,Yellow
22,15,White
22,19,Tan
22,70,Reddish_Brown
22,71,Light_Bluish_Gray
22,72,Dark_Bluish_Gray
22119,1,Blue
22119,3,Dark_Turquoise
22119,4,Red
22119,8,Dark_Gray
22119,14,Yellow
22119,71,Light_Bluish_Gray
22119,72,Dark_Bluish_Gray
22253,15,White
2229,0,Black
2229,31,Lavender
22296,14,Yellow
22380,0,Black
22380,1,Blue
22380,2,Green
22380,3,Dark_Turquoise
22380,10,Bright_Green
22380,191,Bright_Light_Orange
22380,272,Dark_Blue
22380,288,Dark_Green
22380,379,Sand_Blue
22385,0,Black
22385,1,Blue
22385,2,Green
22385,3,Dark_Turquoise
22385,4,Red
22385,10,Bright_Green
22385,15,White
22385,19,Tan
22385,25,Orange
22385,27,Lime
22385,28,Dark_Tan
22385,29,Bright_Pink
22385,30,Medium_Lavender
22385,70,Reddish_Brown
22385,71,Light_Bluish_Gray
22385,72,Dark_Bluish_Gray
22385,85,Dark_Purple
22385,191,Bright_Light_Orange
22385,212,Bright_Light_Blue
22385,226,Bright_Light_Yellow
22385,272,Dark_Blue
22385,288,Dark_Green
22385,320,Dark_Red
22385,321,Dark_Azure
22385,322,Medium_Azure
22385,378,Sand_Green
22385,379,Sand_Blue
22387,0,Black
22387,272,Dark_Blue
22387,379,Sand_Blue
22388,0,Black
22388,4,Red
22388,10,Bright_Green
22388,15,White
22388,19,Tan
22388,27,Lime
22388,28,Dark_Tan
22388,70,Reddish_Brown
22388,71,Light_Bluish_Gray
22388,85,Dark_Purple
22388,191,Bright_Light_Orange
22388,320,Dark_Red
22388,323,Light_Aqua
22390,0,Black
22390,3,Dark_Turquoise
22390,15,White
22390,25,Orange
22390,272,Dark_Blue
22390,320,Dark_Red
22390,323,Light_Aqua
22391,0,Black
22391,1,Blue
22391,15,White
22391,191,Bright_Light_Orange
22391,272,Dark_Blue
22391,308,Dark_Brown
22391,320,Dark_Red
22391,323,Light_Aqua
22391,330,Olive_Green
22391,378,Sand_Green
22392,1,Blue
22392,2,Green
22392,4,Red
22392,15,White
22392,72,Dark_Bluish_Gray
22392,191,Bright_Light_Orange
22392,321,Dark_Azure
22402,321,Dark_Azure
22409,0,Black
22411,0,Black
22411,15,White
22411,320,Dark_Red
22461,0,Black
22461,1,Blue
22461,10,Bright_Green
22461,71,Light_Bluish_Gray
22461,272,Dark_Blue
22463,0,Black
22463,1,Blue
22463,4,Red
22463,8,Dark_Gray
22463,14,Yellow
22484,0,Black
22484,1,Blue
22484,4,Red
22484,25,Orange
22484,27,Lime
22484,72,Dark_Bluish_Gray
22484,320,Dark_Red
22484,321,Dark_Azure
22667,0,Black
22667,4,Red
22667,5,Dark_Pink
22667,19,Tan
22667,26,Magenta
22667,27,Lime
22667,85,Dark_Purple
22667,212,Bright_Light_Blue
22667,321,Dark_Azure
22667,330,Olive_Green
22667,351,Medium_Dark_Pink
22749,0,Black
22749,1,Blue
22749,2,Green
22749,4,Red
22749,7,Light_Gray
22749,14,Yellow
22749,15,White
22749,19,Tan
22749,25,Orange
22749,462,Medium_Orange
22750,0,Black
22750,1,Blue
22750,2,Green
22750,4,Red
22750,7,Light_Gray
22750,14,Yellow
22750,15,White
22750,19,Tan
22750,25,Orange
22750,462,Medium_Orange
22885,0,Black
22885,2,Green
22885,3,Dark_Turquoise
22885,4,Red
22885,5,Dark_Pink
22885,10,Bright_Green
22885,14,Yellow
22885,15,White
22885,19,Tan
22885,26,Magenta
22885,28,Dark_Tan
22885,29,Bright_Pink
22885,30,Medium_Lavender
22885,31,Lavender
22885,70,Reddish_Brown
22885,71,Light_Bluish_Gray
22885,72,Dark_Bluish_Gray
22885,191,Bright_Light_Orange
22885,226,Bright_Light_Yellow
22885,272,Dark_Blue
22885,320,Dark_Red
22885,321,Dark_Azure
22885,323,Light_Aqua
22885,484,Dark_Orange
22886,0,Black
22886,14,Yellow
22886,15,White
22886,19,Tan
22886,26,Magenta
22886,27,Lime
22886,28,Dark_Tan
22886,29,Bright_Pink
22886,70,Reddish_Brown
22886,71,Light_Bluish_Gray
22886,73,Medium_Blue
22886,191,Bright_Light_Orange
22886,226,Bright_Light_Yellow
22886,323,Light_Aqua
22886,484,Dark_Orange
22888,0,Black
22888,1,Blue
22888,2,Green
22888,4,Red
22888,5,Dark_Pink
22888,10,Bright_Green
22888,14,Yellow
22888,15,White
22888,19,Tan
22888,26,Magenta
22888,27,Lime
22888,28,Dark_Tan
22888,30,Medium_Lavender
22888,31,Lavender
22888,70,Reddish_Brown
22888,71,Light_Bluish_Gray
22888,72,Dark_Bluish_Gray
22888,85,Dark_Purple
22888,191,Bright_Light_Orange
22888,212,Bright_Light_Blue
22888,226,Bright_Light_Yellow
22888,288,Dark_Green
22888,321,Dark_Azure
22888,322,Medium_Azure
22888,323,Light_Aqua
22888,326,Yellowish_Green
22888,330,Olive_Green
22888,379,Sand_Blue
22889,0,Black
22889,1,Blue
22889,2,Green
22889,3,Dark_Turquoise
22889,4,Red
22889,14,Yellow
22889,15,White
22889,19,Tan
22889,25,Orange
22889,27,Lime
22889,71,Light_Bluish_Gray
22889,72,Dark_Bluish_Gray
22889,272,Dark_Blue
22889,320,Dark_Red
22889,321,Dark_Azure
22889,484,Dark_Orange
22890,72,Dark_Bluish_Gray
229,1,Blue
229,2,Green
229,3,Dark_Turquoise
229,4,Red
229,5,Dark_Pink
229,10,Bright_Green
229,14,Yellow
229,15,White
229,25,Orange
229,26,Magenta
229,27,Lime
229,29,Bright_Pink
229,30,Medium_Lavender
229,31,Lavender
229,70,Reddish_Brown
229,71,Light_Bluish_Gray
229,110,Violet
229,191,Bright_Light_Orange
229,212,Bright_Light_Blue
229,351,Medium_Dark_Pink
22900,2,Green
22900,4,Red
2291,0,Black
2291,1,Blue
2291,2,Green
2291,4,Red
2291,6,Brown
2291,7,Light_Gray
2291,10,Bright_Green
2291,14,Yellow
2291,15,White
2291,19,Tan
2291,25,Orange
2291,71,Light_Bluish_Gray
2291,73,Medium_Blue
2291,85,Dark_Purple
2291,151,Very_Light_Bluish_Gray
2291,191,Bright_Light_Orange
2291,226,Bright_Light_Yellow
2291,272,Dark_Blue
2291,320,Dark_Red
2291,326,Yellowish_Green
22921,7,Light_Gray
22961,0,Black
22961,1,Blue
22961,3,Dark_Turquoise
22961,4,Red
22961,10,Bright_Green
22961,15,White
22961,25,Orange
22961,27,Lime
22961,71,Light_Bluish_Gray
22961,72,Dark_Bluish_Gray
22961,73,Medium_Blue
22961,272,Dark_Blue
22961,308,Dark_Brown
22961,321,Dark_Azure
22972,0,Black
22972,1,Blue
22972,4,Red
22972,7,Light_Gray
22972,15,White
22973,0,Black
22973,1,Blue
22973,4,Red
22973,7,Light_Gray
22973,15,White
2300,0,Black
2300,1,Blue
2300,2,Green
2300,4,Red
2300,6,Brown
2300,7,Light_Gray
2300,10,Bright_Green
2300,14,Yellow
2300,15,White
2300,18,Light_Yellow
2300,19,Tan
2300,25,Orange
2300,70,Reddish_Brown
2300,71,Light_Bluish_Gray
2300,72,Dark_Bluish_Gray
2300,73,Medium_Blue
2300,110,Violet
2300,112,Medium_Violet
2300,151,Very_Light_Bluish_Gray
2300,191,Bright_Light_Orange
2300,272,Dark_Blue
2300,379,Sand_Blue
2300,484,Dark_Orange
2300,503,Very_Light_Gray
2301,0,Black
2301,1,Blue
2301,2,Green
2301,3,Dark_Turquoise
2301,4,Red
2301,10,Bright_Green
2301,14,Yellow
2301,26,Magenta
2301,71,Light_Bluish_Gray
2301,73,Medium_Blue
2301,110,Violet
2301,191,Bright_Light_Orange
2301,226,Bright_Light_Yellow
2301,484,Dark_Orange
2302,0,Black
2302,1,Blue
2302,2,Green
2302,3,Dark_Turquoise
2302,4,Red
2302,5,Dark_Pink
2302,10,Bright_Green
2302,14,Yellow
2302,15,White
2302,19,Tan
2302,25,Orange
2302,26,Magenta
2302,27,Lime
2302,29,Bright_Pink
2302,31,Lavender
2302,70,Reddish_Brown
2302,71,Light_Bluish_Gray
2302,73,Medium_Blue
2302,85,Dark_Purple
2302,110,Violet
2302,191,Bright_Light_Orange
2302,226,Bright_Light_Yellow
2302,320,Dark_Red
2302,321,Dark_Azure
2302,322,Medium_Azure
2302,323,Light_Aqua
2302,326,Yellowish_Green
231,0,Black
231,1,Blue
231,2,Green
231,4,Red
231,6,Brown
231,7,Light_Gray
231,8,Dark_Gray
231,12,Salmon
231,14,Yellow
231,15,White
231,19,Tan
231,71,Light_Bluish_Gray
231,72,Dark_Bluish_Gray
2310,0,Black
2310,2,Green
2310,14,Yellow
2310,15,White
2310,19,Tan
2310,28,Dark_Tan
2310,30,Medium_Lavender
2310,70,Reddish_Brown
2310,71,Light_Bluish_Gray
2310,72,Dark_Bluish_Gray
2310,85,Dark_Purple
2310,89,Blue_Violet
2310,212,Bright_Light_Blue
2310,272,Dark_Blue
2310,322,Medium_Azure
2310,378,Sand_Green
23186,0,Black
23186,10,Bright_Green
23186,14,Yellow
23186,15,White
23186,19,Tan
23186,28,Dark_Tan
23186,70,Reddish_Brown
23186,71,Light_Bluish_Gray
23186,72,Dark_Bluish_Gray
23186,226,Bright_Light_Yellow
23186,308,Dark_Brown
23186,322,Medium_Azure
23186,484,Dark_Orange
23187,0,Black
23187,4,Red
23187,5,Dark_Pink
23187,15,White
23187,19,Tan
23187,31,Lavender
23187,70,Reddish_Brown
23187,288,Dark_Green
23187,308,Dark_Brown
23187,484,Dark_Orange
2332,1,Blue
2332,4,Red
2332,14,Yellow
2332,18,Light_Yellow
2332,19,Tan
2332,73,Medium_Blue
2335,0,Black
2335,1,Blue
2335,2,Green
2335,4,Red
2335,6,Brown
2335,7,Light_Gray
2335,8,Dark_Gray
2335,14,Yellow
2335,15,White
2335,18,Light_Yellow
2335,19,Tan
2335,25,Orange
2335,70,Reddish_Brown
2335,71,Light_Bluish_Gray
2335,72,Dark_Bluish_Gray
2335,191,Bright_Light_Orange
2335,216,Rust
2335,320,Dark_Red
2336,0,Black
2336,1,Blue
2336,2,Green
2336,4,Red
2336,6,Brown
2336,7,Light_Gray
2336,8,Dark_Gray
2336,14,Yellow
2336,15,White
2336,19,Tan
2336,25,Orange
2337,0,Black
2337,7,Light_Gray
2338,0,Black
2338,1,Blue
2338,2,Green
2338,4,Red
2338,14,Yellow
2338,15,White
2338,25,Orange
2339,0,Black
2339,1,Blue
2339,2,Green
2339,4,Red
2339,6,Brown
2339,7,Light_Gray
2339,8,Dark_Gray
2339,14,Yellow
2339,15,White
2339,19,Tan
2339,30,Medium_Lavender
2339,70,Reddish_Brown
2339,71,Light_Bluish_Gray
2339,72,Dark_Bluish_Gray
2339,272,Dark_Blue
2339,308,Dark_Brown
2339,320,Dark_Red
23397,484,Dark_Orange
234,0,Black
234,1,Blue
234,2,Green
234,3,Dark_Turquoise
234,4,Red
234,6,Brown
234,7,Light_Gray
234,8,Dark_Gray
234,13,Pink
234,14,Yellow
234,15,White
234,19,Tan
234,25,Orange
234,26,Magenta
234,27,Lime
234,28,Dark_Tan
234,29,Bright_Pink
234,31,Lavender
234,70,Reddish_Brown
234,71,Light_Bluish_Gray
234,72,Dark_Bluish_Gray
234,73,Medium_Blue
234,85,Dark_Purple
234,191,Bright_Light_Orange
234,212,Bright_Light_Blue
234,272,Dark_Blue
234,288,Dark_Green
234,308,Dark_Brown
234,313,Maersk_Blue
234,320,Dark_Red
234,321,Dark_Azure
234,322,Medium_Azure
234,323,Light_Aqua
234,330,Olive_Green
234,335,Sand_Red
234,351,Medium_Dark_Pink
234,373,Sand_Purple
234,378,Sand_Green
234,379,Sand_Blue
234,484,Dark_Orange
2340,0,Black
2340,1,Blue
2340,2,Green
2340,3,Dark_Turquoise
2340,4,Red
2340,7,Light_Gray
2340,8,Dark_Gray
2340,14,Yellow
2340,15,White
2340,19,Tan
2340,25,Orange
2340,26,Magenta
2340,70,Reddish_Brown
2340,71,Light_Bluish_Gray
2340,72,Dark_Bluish_Gray
2340,191,Bright_Light_Orange
2340,272,Dark_Blue
2340,322,Medium_Azure
2340,484,Dark_Orange
23405,0,Black
23405,1,Blue
23405,3,Dark_Turquoise
23405,4,Red
23405,14,Yellow
23405,15,White
23405,31,Lavender
23405,71,Light_Bluish_Gray
23405,72,Dark_Bluish_Gray
23405,85,Dark_Purple
23405,320,Dark_Red
23405,323,Light_Aqua
23405,330,Olive_Green
23405,379,Sand_Blue
23405,484,Dark_Orange
2341,0,Black
2341,4,Red
2341,7,Light_Gray
2341,14,Yellow
2341,15,White
2341,25,Orange
2341,26,Magenta
2341,71,Light_Bluish_Gray
2341,72,Dark_Bluish_Gray
2341,320,Dark_Red
2341,322,Medium_Azure
2341,378,Sand_Green
2342,0,Black
2342,1,Blue
2342,2,Green
2342,3,Dark_Turquoise
2342,4,Red
2342,6,Brown
2342,7,Light_Gray
2342,8,Dark_Gray
2342,14,Yellow
2342,15,White
2342,19,Tan
23421,14,Yellow
23421,28,Dark_Tan
23422,72,Dark_Bluish_Gray
2343,0,Black
2343,1,Blue
2343,2,Green
2343,4,Red
2343,6,Brown
2343,7,Light_Gray
2343,8,Dark_Gray
2343,14,Yellow
2343,15,White
2343,19,Tan
2343,27,Lime
2343,71,Light_Bluish_Gray
2343,351,Medium_Dark_Pink
2343,484,Dark_Orange
2344,0,Black
2344,4,Red
23443,0,Black
23443,1,Blue
23443,2,Green
23443,4,Red
23443,14,Yellow
23443,15,White
23443,19,Tan
23443,25,Orange
23443,27,Lime
23443,70,Reddish_Brown
23443,71,Light_Bluish_Gray
23443,72,Dark_Bluish_Gray
23443,73,Medium_Blue
23443,85,Dark_Purple
23443,272,Dark_Blue
23443,288,Dark_Green
23443,320,Dark_Red
23443,322,Medium_Azure
23444,0,Black
23444,4,Red
23444,15,White
2345,0,Black
2345,4,Red
2345,6,Brown
2345,7,Light_Gray
2345,8,Dark_Gray
2345,14,Yellow
2345,15,White
2345,71,Light_Bluish_Gray
2346,0,Black
2346,7,Light_Gray
2347,14,Yellow
2349a,0,Black
2349a,1,Blue
2349a,4,Red
2349a,14,Yellow
2349a,15,White
2350,1,Blue
2350,4,Red
2350,8,Dark_Gray
2350a,1,Blue
2350a,4,Red
2350a,14,Yellow
2350b,1,Blue
2350b,4,Red
2350b,8,Dark_Gray
2350c,14,Yellow
2350d,14,Yellow
2351,0,Black
2351,1,Blue
2351,4,Red
2351,7,Light_Gray
2351,14,Yellow
2351,15,White
2356,0,Black
2356,1,Blue
2356,2,Green
2356,4,Red
2356,7,Light_Gray
2356,8,Dark_Gray
2356,14,Yellow
2356,15,White
2356,19,Tan
2356,71,Light_Bluish_Gray
2356,72,Dark_Bluish_Gray
2356,110,Violet
2356,125,Light_Orange
2356,378,Sand_Green
2357,0,Black
2357,1,Blue
2357,2,Green
2357,4,Red
2357,5,Dark_Pink
2357,6,Brown
2357,7,Light_Gray
2357,8,Dark_Gray
2357,10,Bright_Green
2357,14,Yellow
2357,15,White
2357,18,Light_Yellow
2357,19,Tan
2357,22,Purple
2357,25,Orange
2357,26,Magenta
2357,27,Lime
2357,28,Dark_Tan
2357,30,Medium_Lavender
2357,31,Lavender
2357,68,Very_Light_Orange
2357,70,Reddish_Brown
2357,71,Light_Bluish_Gray
2357,72,Dark_Bluish_Gray
2357,73,Medium_Blue
2357,74,Medium_Green
2357,85,Dark_Purple
2357,125,Light_Orange
2357,191,Bright_Light_Orange
2357,272,Dark_Blue
2357,288,Dark_Green
2357,308,Dark_Brown
2357,313,Maersk_Blue
2357,320,Dark_Red
2357,322,Medium_Azure
2357,323,Light_Aqua
2357,326,Yellowish_Green
2357,330,Olive_Green
2357,335,Sand_Red
2357,378,Sand_Green
2357,379,Sand_Blue
2357,462,Medium_Orange
2357,484,Dark_Orange
236,0,Black
236,1,Blue
236,4,Red
236,15,White
2362,0,Black
2362,2,Green
2362,6,Brown
2362,7,Light_Gray
2362,8,Dark_Gray
2362,14,Yellow
2362,15,White
2362,70,Reddish_Brown
2362,71,Light_Bluish_Gray
2362a,0,Black
2362a,1,Blue
2362a,4,Red
2362a,7,Light_Gray
2362a,14,Yellow
2362a,15,White
2362b,0,Black
2362b,2,Green
2362b,6,Brown
2362b,7,Light_Gray
2362b,8,Dark_Gray
2362b,14,Yellow
2362b,15,White
2362b,70,Reddish_Brown
2362b,71,Light_Bluish_Gray
23714,272,Dark_Blue
2372c01,0,Black
2372c01,15,White
2374,7,Light_Gray
2375,0,Black
2375,1,Blue
2375,4,Red
2375,15,White
2376,0,Black
2376,1,Blue
2376,2,Green
2376,4,Red
2376,7,Light_Gray
2376,14,Yellow
2376,15,White
23769,0,Black
23769,26,Magenta
2377,0,Black
2377,1,Blue
2377,2,Green
2377,4,Red
2377,6,Brown
2377,7,Light_Gray
2377,8,Dark_Gray
2377,13,Pink
2377,14,Yellow
2377,15,White
2377,19,Tan
2377,25,Orange
2377,71,Light_Bluish_Gray
2377,72,Dark_Bluish_Gray
23798,0,Black
23799,0,Black
23800,0,Black
23801,0,Black
2383,15,White
23860,15,White
2387,0,Black
2387,2,Green
2387,3,Dark_Turquoise
2387,4,Red
2387,10,Bright_Green
2387,14,Yellow
2387,15,White
2387,25,Orange
2387,26,Magenta
2387,27,Lime
2387,28,Dark_Tan
2387,29,Bright_Pink
2387,71,Light_Bluish_Gray
2387,72,Dark_Bluish_Gray
2387,191,Bright_Light_Orange
2387,272,Dark_Blue
2387,321,Dark_Azure
2389,0,Black
2389,2,Green
2389,3,Dark_Turquoise
2389,4,Red
2389,10,Bright_Green
2389,14,Yellow
2389,15,White
2389,25,Orange
2389,26,Magenta
2389,27,Lime
2389,28,Dark_Tan
2389,29,Bright_Pink
2389,71,Light_Bluish_Gray
2389,72,Dark_Bluish_Gray
2389,191,Bright_Light_Orange
2389,272,Dark_Blue
2389,321,Dark_Azure
239,0,Black
239,15,White
239,27,Lime
239,351,Medium_Dark_Pink
2391,0,Black
2391,2,Green
2391,4,Red
2391,14,Yellow
2391,15,White
2391,27,Lime
2391,71,Light_Bluish_Gray
2391,72,Dark_Bluish_Gray
23922,14,Yellow
23922,71,Light_Bluish_Gray
2393,0,Black
2393,71,Light_Bluish_Gray
23930,0,Black
23930,14,Yellow
23930,15,White
23930,19,Tan
23930,71,Light_Bluish_Gray
23948,14,Yellow
23948,71,Light_Bluish_Gray
23949,0,Black
23949,1,Blue
23949,19,Tan
23949,72,Dark_Bluish_Gray
23949,320,Dark_Red
23949,323,Light_Aqua
23949,378,Sand_Green
2395,0,Black
2395,1,Blue
2395,2,Green
2395,3,Dark_Turquoise
2395,4,Red
2395,10,Bright_Green
2395,14,Yellow
2395,15,White
2395,25,Orange
2395,27,Lime
2395,28,Dark_Tan
2395,71,Light_Bluish_Gray
2395,72,Dark_Bluish_Gray
2395,191,Bright_Light_Orange
2395,272,Dark_Blue
2395,321,Dark_Azure
2395,379,Sand_Blue
23950,0,Black
23950,1,Blue
23950,4,Red
23950,14,Yellow
23950,15,White
23950,19,Tan
23950,25,Orange
23950,70,Reddish_Brown
23950,71,Light_Bluish_Gray
23950,72,Dark_Bluish_Gray
23950,191,Bright_Light_Orange
23950,272,Dark_Blue
23950,320,Dark_Red
23950,321,Dark_Azure
23950,484,Dark_Orange
23969,0,Black
23969,3,Dark_Turquoise
23969,15,White
23969,19,Tan
23969,26,Magenta
23969,28,Dark_Tan
23969,70,Reddish_Brown
23969,71,Light_Bluish_Gray
23969,72,Dark_Bluish_Gray
23969,85,Dark_Purple
23969,212,Bright_Light_Blue
23969,322,Medium_Azure
23969,484,Dark_Orange
2397,0,Black
2397,1,Blue
2397,2,Green
2397,4,Red
2397,7,Light_Gray
2397,14,Yellow
2397,15,White
2397,19,Tan
2397,25,Orange
2397,26,Magenta
2397,31,Lavender
2397,71,Light_Bluish_Gray
2397,72,Dark_Bluish_Gray
2397,320,Dark_Red
2397,322,Medium_Azure
23985,15,White
23985,85,Dark_Purple
23986,5,Dark_Pink
23986,15,White
23986,378,Sand_Green
2399,0,Black
2399,1,Blue
2399,2,Green
2399,3,Dark_Turquoise
2399,4,Red
2399,6,Brown
2399,7,Light_Gray
2399,8,Dark_Gray
2399,14,Yellow
2399,15,White
2399,19,Tan
2399,313,Maersk_Blue
23996,28,Dark_Tan
23996,72,Dark_Bluish_Gray
23999c01,0,Black
23999c01,1,Blue
2400,0,Black
2400,2,Green
2400,4,Red
2400,6,Brown
2400,14,Yellow
2400,15,White
2401,0,Black
2401,1,Blue
2401,2,Green
2401,4,Red
2401,7,Light_Gray
2401,14,Yellow
2401,15,White
2401,19,Tan
24010,0,Black
24014,71,Light_Bluish_Gray
2403,0,Black
2403,1,Blue
2403,2,Green
2403,3,Dark_Turquoise
2403,4,Red
2403,10,Bright_Green
2403,14,Yellow
2403,15,White
2403,25,Orange
2403,27,Lime
2403,28,Dark_Tan
2403,71,Light_Bluish_Gray
2403,72,Dark_Bluish_Gray
2403,191,Bright_Light_Orange
2403,272,Dark_Blue
2403,321,Dark_Azure
2403,379,Sand_Blue
2405,71,Light_Bluish_Gray
24054,70,Reddish_Brown
24055,4,Red
24055,25,Orange
24055,26,Magenta
24055,29,Bright_Pink
24055,272,Dark_Blue
24055,321,Dark_Azure
24072,70,Reddish_Brown
24072,226,Bright_Light_Yellow
24072,484,Dark_Orange
24073,15,White
24078,10,Bright_Green
24078,71,Light_Bluish_Gray
2408,15,White
24080,0,Black
24080,4,Red
24080,70,Reddish_Brown
24080,226,Bright_Light_Yellow
24080,308,Dark_Brown
24080,484,Dark_Orange
24085,10,Bright_Green
24085,19,Tan
24085,71,Light_Bluish_Gray
24085,378,Sand_Green
24086,15,White
24087,15,White
24087,29,Bright_Pink
24087,30,Medium_Lavender
24087,323,Light_Aqua
24093,0,Black
24093,15,White
24093,27,Lime
24093,29,Bright_Pink
24093,70,Reddish_Brown
24093,320,Dark_Red
241,0,Black
241,8,Dark_Gray
241,15,White
241,72,Dark_Bluish_Gray
241,351,Medium_Dark_Pink
24108,71,Light_Bluish_Gray
24116,0,Black
24116,1,Blue
24116,2,Green
24116,3,Dark_Turquoise
24116,4,Red
24116,14,Yellow
24116,15,White
24116,25,Orange
24116,27,Lime
24116,71,Light_Bluish_Gray
24116,72,Dark_Bluish_Gray
24116,191,Bright_Light_Orange
24116,272,Dark_Blue
24118,25,Orange
24118,85,Dark_Purple
24118,272,Dark_Blue
24118,321,Dark_Azure
24119,0,Black
24119,1,Blue
24119,4,Red
24119,10,Bright_Green
24119,14,Yellow
24119,15,White
24119,25,Orange
24119,27,Lime
24119,28,Dark_Tan
24119,71,Light_Bluish_Gray
24119,72,Dark_Bluish_Gray
24119,85,Dark_Purple
24119,272,Dark_Blue
24119,288,Dark_Green
24119,321,Dark_Azure
24119,484,Dark_Orange
2412,0,Black
2412,1,Blue
2412,2,Green
2412,4,Red
2412,7,Light_Gray
2412,14,Yellow
2412,15,White
24120,14,Yellow
24120,72,Dark_Bluish_Gray
24121,0,Black
24121,14,Yellow
24121,15,White
24121,72,Dark_Bluish_Gray
24121,379,Sand_Blue
24122,0,Black
24122,15,White
24122,28,Dark_Tan
24122,70,Reddish_Brown
24122,72,Dark_Bluish_Gray
24122,321,Dark_Azure
24124,0,Black
24124,28,Dark_Tan
24124,72,Dark_Bluish_Gray
24124,308,Dark_Brown
2412a,0,Black
2412a,1,Blue
2412a,2,Green
2412a,4,Red
2412a,7,Light_Gray
2412a,14,Yellow
2412a,15,White
2412b,0,Black
2412b,1,Blue
2412b,2,Green
2412b,3,Dark_Turquoise
2412b,4,Red
2412b,6,Brown
2412b,7,Light_Gray
2412b,8,Dark_Gray
2412b,14,Yellow
2412b,15,White
2412b,19,Tan
2412b,22,Purple
2412b,25,Orange
2412b,27,Lime
2412b,70,Reddish_Brown
2412b,71,Light_Bluish_Gray
2412b,72,Dark_Bluish_Gray
2412b,73,Medium_Blue
2412b,85,Dark_Purple
2412b,191,Bright_Light_Orange
2412b,272,Dark_Blue
2412b,288,Dark_Green
2412b,320,Dark_Red
2412b,321,Dark_Azure
2412b,330,Olive_Green
2412b,335,Sand_Red
2412b,378,Sand_Green
2412b,379,Sand_Blue
2412b,484,Dark_Orange
2413,0,Black
2413,1,Blue
2413,2,Green
2413,4,Red
2413,6,Brown
2413,7,Light_Gray
2413,8,Dark_Gray
2413,14,Yellow
2413,15,White
2413,19,Tan
2413,28,Dark_Tan
2413,70,Reddish_Brown
2413,71,Light_Bluish_Gray
2413,72,Dark_Bluish_Gray
2413,85,Dark_Purple
2413,351,Medium_Dark_Pink
24130,272,Dark_Blue
24131,4,Red
24131,26,Magenta
24131,30,Medium_Lavender
24131,191,Bright_Light_Orange
24131,322,Medium_Azure
24131,323,Light_Aqua
24135,0,Black
24135,3,Dark_Turquoise
24135,25,Orange
24135,71,Light_Bluish_Gray
24135,85,Dark_Purple
24144,0,Black
2415,7,Light_Gray
2415,71,Light_Bluish_Gray
24151,0,Black
24151,1,Blue
24151,2,Green
24151,4,Red
24151,14,Yellow
24151,15,White
24151,28,Dark_Tan
24151,71,Light_Bluish_Gray
24151,85,Dark_Purple
24151,330,Olive_Green
2417,1,Blue
2417,2,Green
2417,10,Bright_Green
2417,15,White
2417,25,Orange
2417,26,Magenta
2417,27,Lime
2417,29,Bright_Pink
2417,30,Medium_Lavender
2417,31,Lavender
2417,85,Dark_Purple
2417,191,Bright_Light_Orange
2417,272,Dark_Blue
2417,288,Dark_Green
2417,320,Dark_Red
2417,322,Medium_Azure
2417,326,Yellowish_Green
2417,378,Sand_Green
2417,484,Dark_Orange
2418,4,Red
2418,7,Light_Gray
2418,15,White
2418a,4,Red
2418a,15,White
2418b,4,Red
2418b,7,Light_Gray
2418b,15,White
2419,0,Black
2419,1,Blue
2419,2,Green
2419,4,Red
2419,5,Dark_Pink
2419,6,Brown
2419,7,Light_Gray
2419,8,Dark_Gray
2419,14,Yellow
2419,15,White
2419,19,Tan
2419,25,Orange
2419,26,Magenta
2419,27,Lime
2419,28,Dark_Tan
2419,29,Bright_Pink
2419,71,Light_Bluish_Gray
2419,72,Dark_Bluish_Gray
2419,85,Dark_Purple
2419,272,Dark_Blue
2419,288,Dark_Green
2419,320,Dark_Red
2419,351,Medium_Dark_Pink
2419,378,Sand_Green
2419,379,Sand_Blue
2419,484,Dark_Orange
24190,0,Black
241901,0,Black
241901,1,Blue
241901,2,Green
241901,4,Red
241901,5,Dark_Pink
241901,6,Brown
241901,7,Light_Gray
241901,8,Dark_Gray
241901,14,Yellow
241901,15,White
241901,19,Tan
241901,25,Orange
241901,26,Magenta
241901,27,Lime
241901,28,Dark_Tan
241901,29,Bright_Pink
241901,71,Light_Bluish_Gray
241901,72,Dark_Bluish_Gray
241901,85,Dark_Purple
241901,272,Dark_Blue
241901,288,Dark_Green
241901,320,Dark_Red
241901,351,Medium_Dark_Pink
241901,378,Sand_Green
241901,379,Sand_Blue
241901,484,Dark_Orange
241921,0,Black
241921,1,Blue
241921,2,Green
241921,4,Red
241921,5,Dark_Pink
241921,6,Brown
241921,7,Light_Gray
241921,8,Dark_Gray
241921,14,Yellow
241921,15,White
241921,19,Tan
241921,25,Orange
241921,26,Magenta
241921,27,Lime
241921,28,Dark_Tan
241921,29,Bright_Pink
241921,71,Light_Bluish_Gray
241921,72,Dark_Bluish_Gray
241921,85,Dark_Purple
241921,272,Dark_Blue
241921,288,Dark_Green
241921,320,Dark_Red
241921,351,Medium_Dark_Pink
241921,378,Sand_Green
241921,379,Sand_Blue
241921,484,Dark_Orange
24199,3,Dark_Turquoise
24199,15,White
24199,26,Magenta
24199,191,Bright_Light_Orange
24199,322,Medium_Azure
24199,323,Light_Aqua
2420,0,Black
2420,1,Blue
2420,2,Green
2420,3,Dark_Turquoise
2420,4,Red
2420,6,Brown
2420,7,Light_Gray
2420,8,Dark_Gray
2420,14,Yellow
2420,15,White
2420,19,Tan
2420,25,Orange
2420,26,Magenta
2420,27,Lime
2420,28,Dark_Tan
2420,30,Medium_Lavender
2420,31,Lavender
2420,70,Reddish_Brown
2420,71,Light_Bluish_Gray
2420,72,Dark_Bluish_Gray
2420,73,Medium_Blue
2420,85,Dark_Purple
2420,191,Bright_Light_Orange
2420,272,Dark_Blue
2420,288,Dark_Green
2420,308,Dark_Brown
2420,320,Dark_Red
2420,321,Dark_Azure
2420,322,Medium_Azure
2420,330,Olive_Green
2420,351,Medium_Dark_Pink
2420,378,Sand_Green
2420,379,Sand_Blue
2420,462,Medium_Orange
2420,484,Dark_Orange
24201,0,Black
24201,1,Blue
24201,2,Green
24201,3,Dark_Turquoise
24201,4,Red
24201,5,Dark_Pink
24201,14,Yellow
24201,15,White
24201,19,Tan
24201,25,Orange
24201,26,Magenta
24201,27,Lime
24201,28,Dark_Tan
24201,29,Bright_Pink
24201,31,Lavender
24201,70,Reddish_Brown
24201,71,Light_Bluish_Gray
24201,72,Dark_Bluish_Gray
24201,73,Medium_Blue
24201,85,Dark_Purple
24201,191,Bright_Light_Orange
24201,212,Bright_Light_Blue
24201,226,Bright_Light_Yellow
24201,272,Dark_Blue
24201,288,Dark_Green
24201,320,Dark_Red
24201,321,Dark_Azure
24201,322,Medium_Azure
24201,323,Light_Aqua
24201,378,Sand_Green
24201,379,Sand_Blue
24201,484,Dark_Orange
242021,0,Black
242021,1,Blue
242021,2,Green
242021,3,Dark_Turquoise
242021,4,Red
242021,6,Brown
242021,7,Light_Gray
242021,8,Dark_Gray
242021,14,Yellow
242021,15,White
242021,19,Tan
242021,25,Orange
242021,26,Magenta
242021,27,Lime
242021,28,Dark_Tan
242021,30,Medium_Lavender
242021,31,Lavender
242021,70,Reddish_Brown
242021,71,Light_Bluish_Gray
242021,72,Dark_Bluish_Gray
242021,73,Medium_Blue
242021,85,Dark_Purple
242021,191,Bright_Light_Orange
242021,272,Dark_Blue
242021,288,Dark_Green
242021,308,Dark_Brown
242021,320,Dark_Red
242021,321,Dark_Azure
242021,322,Medium_Azure
242021,330,Olive_Green
242021,351,Medium_Dark_Pink
242021,378,Sand_Green
242021,379,Sand_Blue
242021,462,Medium_Orange
242021,484,Dark_Orange
24204,0,Black
24204,14,Yellow
24204,27,Lime
24204,70,Reddish_Brown
24204,272,Dark_Blue
2421,0,Black
2421,1,Blue
2421,2,Green
2421,4,Red
2421,6,Brown
2421,7,Light_Gray
2421,8,Dark_Gray
2421,14,Yellow
2421,19,Tan
2421,71,Light_Bluish_Gray
24217,15,White
24217,72,Dark_Bluish_Gray
2422,0,Black
2422,4,Red
2422,14,Yellow
2422,15,White
2423,0,Black
2423,2,Green
2423,4,Red
2423,5,Dark_Pink
2423,14,Yellow
2423,15,White
2423,25,Orange
2423,26,Magenta
2423,27,Lime
2423,29,Bright_Pink
2423,30,Medium_Lavender
2423,31,Lavender
2423,85,Dark_Purple
2423,226,Bright_Light_Yellow
2423,272,Dark_Blue
2423,288,Dark_Green
2423,308,Dark_Brown
2423,320,Dark_Red
2423,322,Medium_Azure
2423,330,Olive_Green
2423,378,Sand_Green
2423,484,Dark_Orange
2424,0,Black
2424,15,White
24246,0,Black
24246,1,Blue
24246,2,Green
24246,3,Dark_Turquoise
24246,4,Red
24246,5,Dark_Pink
24246,10,Bright_Green
24246,14,Yellow
24246,15,White
24246,19,Tan
24246,25,Orange
24246,26,Magenta
24246,27,Lime
24246,29,Bright_Pink
24246,30,Medium_Lavender
24246,31,Lavender
24246,70,Reddish_Brown
24246,71,Light_Bluish_Gray
24246,72,Dark_Bluish_Gray
24246,73,Medium_Blue
24246,85,Dark_Purple
24246,89,Blue_Violet
24246,191,Bright_Light_Orange
24246,212,Bright_Light_Blue
24246,226,Bright_Light_Yellow
24246,272,Dark_Blue
24246,288,Dark_Green
24246,320,Dark_Red
24246,321,Dark_Azure
24246,322,Medium_Azure
24246,323,Light_Aqua
24246,326,Yellowish_Green
24246,330,Olive_Green
24246,378,Sand_Green
24246,379,Sand_Blue
24246,484,Dark_Orange
2426c01,0,Black
2426c01,1,Blue
2426c01,15,White
2426c02,0,Black
2426c02,1,Blue
2426c02,15,White
2428,0,Black
2428,4,Red
2428,14,Yellow
2428,15,White
2429,0,Black
2429,1,Blue
2429,2,Green
2429,4,Red
2429,6,Brown
2429,7,Light_Gray
2429,8,Dark_Gray
2429,13,Pink
2429,14,Yellow
2429,15,White
2429,19,Tan
2429,27,Lime
2429,70,Reddish_Brown
2429,71,Light_Bluish_Gray
2429,72,Dark_Bluish_Gray
2429,191,Bright_Light_Orange
2429,212,Bright_Light_Blue
2429,226,Bright_Light_Yellow
2429,272,Dark_Blue
2429,288,Dark_Green
2429,320,Dark_Red
2429,322,Medium_Azure
2429,379,Sand_Blue
24299,0,Black
24299,1,Blue
24299,2,Green
24299,4,Red
24299,5,Dark_Pink
24299,10,Bright_Green
24299,14,Yellow
24299,15,White
24299,19,Tan
24299,25,Orange
24299,27,Lime
24299,28,Dark_Tan
24299,29,Bright_Pink
24299,30,Medium_Lavender
24299,70,Reddish_Brown
24299,71,Light_Bluish_Gray
24299,72,Dark_Bluish_Gray
24299,85,Dark_Purple
24299,191,Bright_Light_Orange
24299,212,Bright_Light_Blue
24299,272,Dark_Blue
24299,288,Dark_Green
24299,308,Dark_Brown
24299,320,Dark_Red
24299,321,Dark_Azure
24299,322,Medium_Azure
24299,330,Olive_Green
24299,378,Sand_Green
24299,379,Sand_Blue
24299,484,Dark_Orange
242c01,4,Red
2430,0,Black
2430,1,Blue
2430,2,Green
2430,4,Red
2430,6,Brown
2430,7,Light_Gray
2430,8,Dark_Gray
2430,13,Pink
2430,14,Yellow
2430,15,White
2430,19,Tan
2430,27,Lime
2430,70,Reddish_Brown
2430,71,Light_Bluish_Gray
2430,72,Dark_Bluish_Gray
2430,191,Bright_Light_Orange
2430,212,Bright_Light_Blue
2430,226,Bright_Light_Yellow
2430,272,Dark_Blue
2430,288,Dark_Green
2430,320,Dark_Red
2430,322,Medium_Azure
2430,379,Sand_Blue
24307,0,Black
24307,1,Blue
24307,2,Green
24307,4,Red
24307,5,Dark_Pink
24307,10,Bright_Green
24307,14,Yellow
24307,15,White
24307,19,Tan
24307,25,Orange
24307,27,Lime
24307,28,Dark_Tan
24307,29,Bright_Pink
24307,30,Medium_Lavender
24307,70,Reddish_Brown
24307,71,Light_Bluish_Gray
24307,72,Dark_Bluish_Gray
24307,85,Dark_Purple
24307,191,Bright_Light_Orange
24307,212,Bright_Light_Blue
24307,272,Dark_Blue
24307,288,Dark_Green
24307,308,Dark_Brown
24307,320,Dark_Red
24307,321,Dark_Azure
24307,322,Medium_Azure
24307,330,Olive_Green
24307,378,Sand_Green
24307,379,Sand_Blue
24307,484,Dark_Orange
24308a,0,Black
24308a,72,Dark_Bluish_Gray
24308b,0,Black
24308b,72,Dark_Bluish_Gray
24309,0,Black
24309,1,Blue
24309,4,Red
24309,5,Dark_Pink
24309,10,Bright_Green
24309,14,Yellow
24309,15,White
24309,19,Tan
24309,25,Orange
24309,26,Magenta
24309,28,Dark_Tan
24309,30,Medium_Lavender
24309,70,Reddish_Brown
24309,71,Light_Bluish_Gray
24309,72,Dark_Bluish_Gray
24309,85,Dark_Purple
24309,226,Bright_Light_Yellow
24309,272,Dark_Blue
24309,320,Dark_Red
24309,321,Dark_Azure
24309,323,Light_Aqua
24309,484,Dark_Orange
2431,0,Black
2431,1,Blue
2431,2,Green
2431,3,Dark_Turquoise
2431,4,Red
2431,5,Dark_Pink
2431,6,Brown
2431,7,Light_Gray
2431,8,Dark_Gray
2431,10,Bright_Green
2431,14,Yellow
2431,15,White
2431,18,Light_Yellow
2431,19,Tan
2431,25,Orange
2431,26,Magenta
2431,27,Lime
2431,28,Dark_Tan
2431,29,Bright_Pink
2431,30,Medium_Lavender
2431,31,Lavender
2431,70,Reddish_Brown
2431,71,Light_Bluish_Gray
2431,72,Dark_Bluish_Gray
2431,73,Medium_Blue
2431,85,Dark_Purple
2431,89,Blue_Violet
2431,100,Light_Salmon
2431,115,Medium_Lime
2431,191,Bright_Light_Orange
2431,212,Bright_Light_Blue
2431,226,Bright_Light_Yellow
2431,232,Sky_Blue
2431,272,Dark_Blue
2431,288,Dark_Green
2431,308,Dark_Brown
2431,313,Maersk_Blue
2431,320,Dark_Red
2431,321,Dark_Azure
2431,322,Medium_Azure
2431,323,Light_Aqua
2431,326,Yellowish_Green
2431,330,Olive_Green
2431,378,Sand_Green
2431,379,Sand_Blue
2431,462,Medium_Orange
2431,484,Dark_Orange
243101,0,Black
243101,1,Blue
243101,2,Green
243101,3,Dark_Turquoise
243101,4,Red
243101,5,Dark_Pink
243101,6,Brown
243101,7,Light_Gray
243101,8,Dark_Gray
243101,10,Bright_Green
243101,14,Yellow
243101,15,White
243101,18,Light_Yellow
243101,19,Tan
243101,25,Orange
243101,26,Magenta
243101,27,Lime
243101,28,Dark_Tan
243101,29,Bright_Pink
243101,30,Medium_Lavender
243101,31,Lavender
243101,70,Reddish_Brown
243101,71,Light_Bluish_Gray
243101,72,Dark_Bluish_Gray
243101,73,Medium_Blue
243101,85,Dark_Purple
243101,89,Blue_Violet
243101,100,Light_Salmon
243101,115,Medium_Lime
243101,191,Bright_Light_Orange
243101,212,Bright_Light_Blue
243101,226,Bright_Light_Yellow
243101,232,Sky_Blue
243101,272,Dark_Blue
243101,288,Dark_Green
243101,308,Dark_Brown
243101,313,Maersk_Blue
243101,320,Dark_Red
243101,321,Dark_Azure
243101,322,Medium_Azure
243101,323,Light_Aqua
243101,326,Yellowish_Green
243101,330,Olive_Green
243101,378,Sand_Green
243101,379,Sand_Blue
243101,462,Medium_Orange
243101,484,Dark_Orange
24312,4,Red
24312,71,Light_Bluish_Gray
24316,70,Reddish_Brown
2431b,0,Black
2431b,1,Blue
2431b,2,Green
2431b,3,Dark_Turquoise
2431b,4,Red
2431b,5,Dark_Pink
2431b,6,Brown
2431b,7,Light_Gray
2431b,8,Dark_Gray
2431b,10,Bright_Green
2431b,14,Yellow
2431b,15,White
2431b,18,Light_Yellow
2431b,19,Tan
2431b,25,Orange
2431b,26,Magenta
2431b,27,Lime
2431b,28,Dark_Tan
2431b,29,Bright_Pink
2431b,30,Medium_Lavender
2431b,31,Lavender
2431b,70,Reddish_Brown
2431b,71,Light_Bluish_Gray
2431b,72,Dark_Bluish_Gray
2431b,73,Medium_Blue
2431b,85,Dark_Purple
2431b,89,Blue_Violet
2431b,100,Light_Salmon
2431b,115,Medium_Lime
2431b,191,Bright_Light_Orange
2431b,212,Bright_Light_Blue
2431b,226,Bright_Light_Yellow
2431b,232,Sky_Blue
2431b,272,Dark_Blue
2431b,288,Dark_Green
2431b,308,Dark_Brown
2431b,313,Maersk_Blue
2431b,320,Dark_Red
2431b,321,Dark_Azure
2431b,322,Medium_Azure
2431b,323,Light_Aqua
2431b,326,Yellowish_Green
2431b,330,Olive_Green
2431b,378,Sand_Green
2431b,379,Sand_Blue
2431b,462,Medium_Orange
2431b,484,Dark_Orange
2432,0,Black
2432,1,Blue
2432,2,Green
2432,4,Red
2432,6,Brown
2432,7,Light_Gray
2432,8,Dark_Gray
2432,10,Bright_Green
2432,13,Pink
2432,14,Yellow
2432,15,White
2432,19,Tan
2432,25,Orange
2432,70,Reddish_Brown
2432,71,Light_Bluish_Gray
2432,72,Dark_Bluish_Gray
2432,73,Medium_Blue
2432,77,Light_Pink
2432,85,Dark_Purple
2432,272,Dark_Blue
2432,288,Dark_Green
2432,320,Dark_Red
2432,321,Dark_Azure
2432,322,Medium_Azure
2432,378,Sand_Green
2432,379,Sand_Blue
24324,0,Black
24324,15,White
24324,27,Lime
24324,70,Reddish_Brown
24324,320,Dark_Red
24324,379,Sand_Blue
24326,71,Light_Bluish_Gray
2433,0,Black
2433,1,Blue
2433,2,Green
2433,4,Red
2433,6,Brown
2433,7,Light_Gray
2433,8,Dark_Gray
2433,14,Yellow
2433,15,White
2433,19,Tan
2433,71,Light_Bluish_Gray
2434,0,Black
2434,1,Blue
2434,2,Green
2434,4,Red
2434,6,Brown
2434,7,Light_Gray
2434,8,Dark_Gray
2434,14,Yellow
2434,15,White
2434,19,Tan
2434,72,Dark_Bluish_Gray
2435,2,Green
2435,288,Dark_Green
2435,330,Olive_Green
2436,0,Black
2436,1,Blue
2436,2,Green
2436,4,Red
2436,5,Dark_Pink
2436,6,Brown
2436,7,Light_Gray
2436,8,Dark_Gray
2436,14,Yellow
2436,15,White
2436,19,Tan
2436,25,Orange
2436,27,Lime
2436,70,Reddish_Brown
2436,71,Light_Bluish_Gray
2436,72,Dark_Bluish_Gray
2436,110,Violet
2436,226,Bright_Light_Yellow
2436,320,Dark_Red
2436,323,Light_Aqua
2436,378,Sand_Green
2436,484,Dark_Orange
2436a,0,Black
2436a,1,Blue
2436a,2,Green
2436a,4,Red
2436a,5,Dark_Pink
2436a,6,Brown
2436a,7,Light_Gray
2436a,8,Dark_Gray
2436a,14,Yellow
2436a,15,White
2436a,19,Tan
2436a,25,Orange
2436a,27,Lime
2436a,70,Reddish_Brown
2436a,71,Light_Bluish_Gray
2436a,72,Dark_Bluish_Gray
2436a,110,Violet
2436a,226,Bright_Light_Yellow
2436a,320,Dark_Red
2436a,323,Light_Aqua
2436a,378,Sand_Green
2436a,484,Dark_Orange
2437,0,Black
2437,1,Blue
2437,4,Red
2437,14,Yellow
2437,15,White
2437,25,Orange
2437,27,Lime
2437,378,Sand_Green
24375,0,Black
24375,25,Orange
2438,0,Black
2438,2,Green
2438,4,Red
2438,14,Yellow
2438,72,Dark_Bluish_Gray
2438,191,Bright_Light_Orange
2438,379,Sand_Blue
2439,2,Green
2439,8,Dark_Gray
2439,27,Lime
2439,71,Light_Bluish_Gray
2439,72,Dark_Bluish_Gray
2439,191,Bright_Light_Orange
2439,320,Dark_Red
2440,0,Black
2440,4,Red
2440,7,Light_Gray
2440,14,Yellow
2440,15,White
2440,25,Orange
2440,71,Light_Bluish_Gray
2440,72,Dark_Bluish_Gray
2440,272,Dark_Blue
2440,288,Dark_Green
2440,322,Medium_Azure
2441,0,Black
2441,1,Blue
2441,2,Green
2441,4,Red
2441,14,Yellow
2441,15,White
2442,0,Black
2442,2,Green
2442,4,Red
2442,14,Yellow
2442,72,Dark_Bluish_Gray
2442,191,Bright_Light_Orange
2442,379,Sand_Blue
2443,0,Black
2443,1,Blue
2443,2,Green
2443,4,Red
2443,14,Yellow
2443,15,White
2444,0,Black
2444,1,Blue
2444,2,Green
2444,4,Red
2444,6,Brown
2444,7,Light_Gray
2444,8,Dark_Gray
2444,14,Yellow
2444,15,White
2444,19,Tan
2444,25,Orange
2444,71,Light_Bluish_Gray
2444,72,Dark_Bluish_Gray
2444,73,Medium_Blue
2444,85,Dark_Purple
24445,0,Black
24445,15,White
2445,0,Black
2445,1,Blue
2445,2,Green
2445,3,Dark_Turquoise
2445,4,Red
2445,6,Brown
2445,7,Light_Gray
2445,8,Dark_Gray
2445,14,Yellow
2445,15,White
2445,19,Tan
2445,25,Orange
2445,26,Magenta
2445,27,Lime
2445,28,Dark_Tan
2445,29,Bright_Pink
2445,31,Lavender
2445,70,Reddish_Brown
2445,71,Light_Bluish_Gray
2445,72,Dark_Bluish_Gray
2445,73,Medium_Blue
2445,74,Medium_Green
2445,85,Dark_Purple
2445,118,Aqua
2445,226,Bright_Light_Yellow
2445,232,Sky_Blue
2445,272,Dark_Blue
2445,288,Dark_Green
2445,320,Dark_Red
2445,322,Medium_Azure
2445,484,Dark_Orange
2446,0,Black
2446,1,Blue
2446,2,Green
2446,4,Red
2446,7,Light_Gray
2446,8,Dark_Gray
2446,10,Bright_Green
2446,14,Yellow
2446,15,White
2446,19,Tan
2446,25,Orange
2446,26,Magenta
2446,27,Lime
2446,28,Dark_Tan
2446,71,Light_Bluish_Gray
2446,72,Dark_Bluish_Gray
2446,73,Medium_Blue
2446,85,Dark_Purple
2446,272,Dark_Blue
2446,288,Dark_Green
2446,320,Dark_Red
2446,321,Dark_Azure
2446,484,Dark_Orange
2447,0,Black
2447,6,Brown
2447,15,White
2447,19,Tan
2447,27,Lime
2447b,0,Black
2447b,6,Brown
2447b,15,White
2447b,19,Tan
2447b,27,Lime
2448,0,Black
2448,1,Blue
2448,15,White
24482,0,Black
24482,15,White
24482,19,Tan
24482,27,Lime
24482,72,Dark_Bluish_Gray
24482,212,Bright_Light_Blue
24482,321,Dark_Azure
2449,0,Black
2449,1,Blue
2449,2,Green
2449,4,Red
2449,6,Brown
2449,7,Light_Gray
2449,8,Dark_Gray
2449,14,Yellow
2449,15,White
2449,19,Tan
2449,25,Orange
2449,27,Lime
2449,28,Dark_Tan
2449,31,Lavender
2449,70,Reddish_Brown
2449,71,Light_Bluish_Gray
2449,72,Dark_Bluish_Gray
2449,73,Medium_Blue
2449,85,Dark_Purple
2449,191,Bright_Light_Orange
2449,212,Bright_Light_Blue
2449,226,Bright_Light_Yellow
2449,272,Dark_Blue
2449,288,Dark_Green
2449,308,Dark_Brown
2449,320,Dark_Red
2449,321,Dark_Azure
2449,323,Light_Aqua
2449,326,Yellowish_Green
2449,330,Olive_Green
2449,378,Sand_Green
2449,379,Sand_Blue
2449,484,Dark_Orange
2450,0,Black
2450,1,Blue
2450,2,Green
2450,4,Red
2450,6,Brown
2450,7,Light_Gray
2450,8,Dark_Gray
2450,10,Bright_Green
2450,14,Yellow
2450,15,White
2450,19,Tan
2450,25,Orange
2450,27,Lime
2450,28,Dark_Tan
2450,29,Bright_Pink
2450,70,Reddish_Brown
2450,71,Light_Bluish_Gray
2450,72,Dark_Bluish_Gray
2450,73,Medium_Blue
2450,85,Dark_Purple
2450,89,Blue_Violet
2450,191,Bright_Light_Orange
2450,272,Dark_Blue
2450,288,Dark_Green
2450,308,Dark_Brown
2450,320,Dark_Red
2450,321,Dark_Azure
2450,322,Medium_Azure
2450,378,Sand_Green
2450,379,Sand_Blue
2450,484,Dark_Orange
245021,0,Black
245021,1,Blue
245021,2,Green
245021,4,Red
245021,6,Brown
245021,7,Light_Gray
245021,8,Dark_Gray
245021,10,Bright_Green
245021,14,Yellow
245021,15,White
245021,19,Tan
245021,25,Orange
245021,27,Lime
245021,28,Dark_Tan
245021,29,Bright_Pink
245021,70,Reddish_Brown
245021,71,Light_Bluish_Gray
245021,72,Dark_Bluish_Gray
245021,73,Medium_Blue
245021,85,Dark_Purple
245021,89,Blue_Violet
245021,191,Bright_Light_Orange
245021,272,Dark_Blue
245021,288,Dark_Green
245021,308,Dark_Brown
245021,320,Dark_Red
245021,321,Dark_Azure
245021,322,Medium_Azure
245021,378,Sand_Green
245021,379,Sand_Blue
245021,484,Dark_Orange
24504,0,Black
24504,1,Blue
24504,2,Green
24504,4,Red
24504,15,White
2452,0,Black
2452,1,Blue
2452,2,Green
2452,4,Red
2452,6,Brown
2452,7,Light_Gray
2452,8,Dark_Gray
2452,14,Yellow
2452,15,White
2452,19,Tan
2453a,0,Black
2453a,1,Blue
2453a,2,Green
2453a,4,Red
2453a,5,Dark_Pink
2453a,6,Brown
2453a,7,Light_Gray
2453a,8,Dark_Gray
2453a,14,Yellow
2453a,15,White
2453a,18,Light_Yellow
2453a,19,Tan
2453a,25,Orange
2453a,70,Reddish_Brown
2453a,71,Light_Bluish_Gray
2453a,72,Dark_Bluish_Gray
2453a,288,Dark_Green
2453a,320,Dark_Red
2453a,322,Medium_Azure
2453a,484,Dark_Orange
2453b,0,Black
2453b,1,Blue
2453b,3,Dark_Turquoise
2453b,4,Red
2453b,7,Light_Gray
2453b,8,Dark_Gray
2453b,14,Yellow
2453b,15,White
2453b,18,Light_Yellow
2453b,19,Tan
2453b,25,Orange
2453b,26,Magenta
2453b,27,Lime
2453b,29,Bright_Pink
2453b,31,Lavender
2453b,70,Reddish_Brown
2453b,71,Light_Bluish_Gray
2453b,72,Dark_Bluish_Gray
2453b,85,Dark_Purple
2453b,191,Bright_Light_Orange
2453b,212,Bright_Light_Blue
2453b,226,Bright_Light_Yellow
2453b,272,Dark_Blue
2453b,308,Dark_Brown
2453b,320,Dark_Red
2453b,322,Medium_Azure
2453b,323,Light_Aqua
2453b,326,Yellowish_Green
2453b,378,Sand_Green
2455,4,Red
2455,7,Light_Gray
2455,14,Yellow
2455,15,White
2456,0,Black
2456,1,Blue
2456,2,Green
2456,3,Dark_Turquoise
2456,4,Red
2456,5,Dark_Pink
2456,6,Brown
2456,7,Light_Gray
2456,8,Dark_Gray
2456,10,Bright_Green
2456,14,Yellow
2456,15,White
2456,18,Light_Yellow
2456,19,Tan
2456,22,Purple
2456,25,Orange
2456,27,Lime
2456,28,Dark_Tan
2456,29,Bright_Pink
2456,30,Medium_Lavender
2456,31,Lavender
2456,68,Very_Light_Orange
2456,70,Reddish_Brown
2456,71,Light_Bluish_Gray
2456,72,Dark_Bluish_Gray
2456,73,Medium_Blue
2456,85,Dark_Purple
2456,89,Blue_Violet
2456,125,Light_Orange
2456,191,Bright_Light_Orange
2456,212,Bright_Light_Blue
2456,226,Bright_Light_Yellow
2456,272,Dark_Blue
2456,288,Dark_Green
2456,308,Dark_Brown
2456,320,Dark_Red
2456,321,Dark_Azure
2456,322,Medium_Azure
2456,323,Light_Aqua
2456,326,Yellowish_Green
2456,330,Olive_Green
2456,378,Sand_Green
2456,379,Sand_Blue
2456,462,Medium_Orange
2456,484,Dark_Orange
2457,0,Black
2457,1,Blue
2457,4,Red
2457,10,Bright_Green
2457,14,Yellow
2457,15,White
2457,25,Orange
2457,27,Lime
2457,71,Light_Bluish_Gray
2457,72,Dark_Bluish_Gray
2457,321,Dark_Azure
2458,0,Black
2458,1,Blue
2458,2,Green
2458,4,Red
2458,6,Brown
2458,7,Light_Gray
2458,8,Dark_Gray
2458,14,Yellow
2458,15,White
2458,19,Tan
2458,20,Light_Violet
2458,70,Reddish_Brown
2458,71,Light_Bluish_Gray
2458,72,Dark_Bluish_Gray
2458,378,Sand_Green
2459,0,Black
2459,3,Dark_Turquoise
2459,10,Bright_Green
2459,25,Orange
2459,27,Lime
2459,71,Light_Bluish_Gray
2459,379,Sand_Blue
24593,0,Black
24593,3,Dark_Turquoise
24593,4,Red
24593,15,White
24593,19,Tan
24593,26,Magenta
24593,27,Lime
24593,29,Bright_Pink
24593,30,Medium_Lavender
24593,31,Lavender
24593,70,Reddish_Brown
24593,71,Light_Bluish_Gray
24593,85,Dark_Purple
24593,308,Dark_Brown
24593,323,Light_Aqua
24593,378,Sand_Green
24593,484,Dark_Orange
24599,3,Dark_Turquoise
24599,4,Red
24599,5,Dark_Pink
24599,15,White
24599,25,Orange
24599,28,Dark_Tan
24599,30,Medium_Lavender
24599,70,Reddish_Brown
24599,71,Light_Bluish_Gray
24599,72,Dark_Bluish_Gray
24599,85,Dark_Purple
24599,191,Bright_Light_Orange
24599,272,Dark_Blue
24599,308,Dark_Brown
24599,321,Dark_Azure
24599,378,Sand_Green
24599,379,Sand_Blue
24599,484,Dark_Orange
2460,0,Black
2460,1,Blue
2460,2,Green
2460,4,Red
2460,6,Brown
2460,7,Light_Gray
2460,8,Dark_Gray
2460,14,Yellow
2460,15,White
2460,19,Tan
2460,25,Orange
2460,27,Lime
2460,71,Light_Bluish_Gray
2460,72,Dark_Bluish_Gray
2460,73,Medium_Blue
2460,288,Dark_Green
2462,0,Black
2462,1,Blue
2462,2,Green
2462,4,Red
2462,6,Brown
2462,7,Light_Gray
2462,8,Dark_Gray
2462,14,Yellow
2462,15,White
2462,19,Tan
2462,27,Lime
2462,28,Dark_Tan
2462,70,Reddish_Brown
2462,71,Light_Bluish_Gray
2462,72,Dark_Bluish_Gray
2463,0,Black
2463,1,Blue
2463,7,Light_Gray
2463,14,Yellow
2463,15,White
24634,4,Red
24634,5,Dark_Pink
24634,14,Yellow
24634,29,Bright_Pink
24634,30,Medium_Lavender
24636,0,Black
2464,0,Black
2464,4,Red
2464,7,Light_Gray
2464,15,White
2465,0,Black
2465,1,Blue
2465,2,Green
2465,3,Dark_Turquoise
2465,4,Red
2465,6,Brown
2465,7,Light_Gray
2465,8,Dark_Gray
2465,14,Yellow
2465,15,White
2465,19,Tan
2465,25,Orange
2465,27,Lime
2465,28,Dark_Tan
2465,70,Reddish_Brown
2465,71,Light_Bluish_Gray
2465,72,Dark_Bluish_Gray
2465,226,Bright_Light_Yellow
2465,272,Dark_Blue
2465,321,Dark_Azure
2465,322,Medium_Azure
2465,351,Medium_Dark_Pink
2465,484,Dark_Orange
2466,0,Black
2466,1,Blue
2466,14,Yellow
2466,15,White
2467,0,Black
2467,1,Blue
2467,7,Light_Gray
2467,15,White
2467,71,Light_Bluish_Gray
2468,0,Black
2470,0,Black
2470,1,Blue
2470,2,Green
2470,4,Red
2470,6,Brown
2470,7,Light_Gray
2470,8,Dark_Gray
2470,14,Yellow
2470,15,White
2470,19,Tan
2471,4,Red
2473,72,Dark_Bluish_Gray
2473a,72,Dark_Bluish_Gray
2474,14,Yellow
2474a,14,Yellow
2475,0,Black
2475,1,Blue
2475,4,Red
2476a,0,Black
2476a,1,Blue
2476a,4,Red
2476a,7,Light_Gray
2476a,8,Dark_Gray
2476a,14,Yellow
2476a,15,White
2476a,19,Tan
2476a,28,Dark_Tan
2476a,70,Reddish_Brown
2476a,71,Light_Bluish_Gray
2476a,72,Dark_Bluish_Gray
2476a,272,Dark_Blue
2476a,288,Dark_Green
2476b,0,Black
2476b,1,Blue
2476b,4,Red
2476b,7,Light_Gray
2476b,8,Dark_Gray
2476b,15,White
2476b,19,Tan
2476b,72,Dark_Bluish_Gray
2477,0,Black
2477,4,Red
2477,14,Yellow
2477,15,White
24779,0,Black
24779,15,White
24782,4,Red
24782,5,Dark_Pink
24782,15,White
24782,29,Bright_Pink
24782,272,Dark_Blue
2479,0,Black
2479,1,Blue
2479,2,Green
2479,4,Red
2479,6,Brown
2479,7,Light_Gray
2479,8,Dark_Gray
2479,14,Yellow
2479,15,White
2479,19,Tan
2479,71,Light_Bluish_Gray
24791,0,Black
24791,19,Tan
24792,15,White
248,0,Black
248,1,Blue
248,2,Green
248,4,Red
248,6,Brown
248,7,Light_Gray
248,8,Dark_Gray
248,10,Bright_Green
248,14,Yellow
248,15,White
248,19,Tan
248,25,Orange
248,70,Reddish_Brown
248,71,Light_Bluish_Gray
248,72,Dark_Bluish_Gray
248,85,Dark_Purple
248,272,Dark_Blue
248,288,Dark_Green
248,320,Dark_Red
248,379,Sand_Blue
248,484,Dark_Orange
2484c01,4,Red
24855,2,Green
24855,14,Yellow
24855,15,White
24855,70,Reddish_Brown
24855,288,Dark_Green
24855,378,Sand_Green
2486,0,Black
2486,1,Blue
2486,2,Green
2486,4,Red
2486,6,Brown
2486,7,Light_Gray
2486,8,Dark_Gray
2486,14,Yellow
2486,15,White
2486,19,Tan
2486,25,Orange
2486,71,Light_Bluish_Gray
2486,72,Dark_Bluish_Gray
24866,1,Blue
24866,2,Green
24866,4,Red
24866,5,Dark_Pink
24866,10,Bright_Green
24866,14,Yellow
24866,15,White
24866,25,Orange
24866,26,Magenta
24866,27,Lime
24866,29,Bright_Pink
24866,30,Medium_Lavender
24866,31,Lavender
24866,71,Light_Bluish_Gray
24866,191,Bright_Light_Orange
24866,212,Bright_Light_Blue
24866,226,Bright_Light_Yellow
24866,272,Dark_Blue
24866,288,Dark_Green
24866,320,Dark_Red
24866,321,Dark_Azure
24866,323,Light_Aqua
24869,72,Dark_Bluish_Gray
2488,0,Black
2488,2,Green
2488,6,Brown
2488,31,Lavender
2488,70,Reddish_Brown
2488c01,0,Black
2488c01,2,Green
2488c01,6,Brown
2488c01,31,Lavender
2488c01,70,Reddish_Brown
2489,0,Black
2489,2,Green
2489,3,Dark_Turquoise
2489,6,Brown
2489,7,Light_Gray
2489,8,Dark_Gray
2489,14,Yellow
2489,15,White
2489,19,Tan
2489,25,Orange
2489,70,Reddish_Brown
2489,71,Light_Bluish_Gray
2489,72,Dark_Bluish_Gray
2489,73,Medium_Blue
2489,308,Dark_Brown
2489,379,Sand_Blue
2489,462,Medium_Orange
2490,0,Black
2490,1,Blue
2490,4,Red
2490,7,Light_Gray
2490,73,Medium_Blue
2490,272,Dark_Blue
2490,288,Dark_Green
2490,320,Dark_Red
2491,0,Black
2493a,0,Black
2493a,1,Blue
2493a,4,Red
2493a,7,Light_Gray
2493a,15,White
2493b,0,Black
2493b,1,Blue
2493b,2,Green
2493b,4,Red
2493b,7,Light_Gray
2493b,15,White
2493b,20,Light_Violet
2493b,70,Reddish_Brown
2493b,71,Light_Bluish_Gray
2493b,462,Medium_Orange
2494,0,Black
24946,2,Green
24946,10,Bright_Green
24946,15,White
24946,19,Tan
24946,30,Medium_Lavender
24946,71,Light_Bluish_Gray
24946,191,Bright_Light_Orange
24946,321,Dark_Azure
24946,326,Yellowish_Green
24947,1,Blue
24947,4,Red
24947,10,Bright_Green
24947,14,Yellow
24947,15,White
24947,25,Orange
24947,26,Magenta
24947,71,Light_Bluish_Gray
24947,85,Dark_Purple
2495,4,Red
2495,5,Dark_Pink
2495,14,Yellow
2495,15,White
2496,0,Black
2496,3,Dark_Turquoise
2496,4,Red
2496,10,Bright_Green
2496,14,Yellow
2496,15,White
2496,30,Medium_Lavender
2496,71,Light_Bluish_Gray
2496,85,Dark_Purple
2496,351,Medium_Dark_Pink
2497,0,Black
2497,1,Blue
2497,2,Green
2497,4,Red
2497,6,Brown
2497,7,Light_Gray
2497,14,Yellow
2497,15,White
2497,72,Dark_Bluish_Gray
2498,1,Blue
2498,2,Green
2498,4,Red
2498,14,Yellow
2498,15,White
2498,322,Medium_Azure
25,0,Black
25,1,Blue
25,2,Green
25,4,Red
25,7,Light_Gray
25,14,Yellow
25,15,White
250,1,Blue
250,2,Green
250,4,Red
250,14,Yellow
2500c01,15,White
2502,14,Yellow
25059,3,Dark_Turquoise
25059,4,Red
25059,71,Light_Bluish_Gray
25059,89,Blue_Violet
25059,191,Bright_Light_Orange
25061,0,Black
25061,3,Dark_Turquoise
25061,4,Red
25061,15,White
25061,25,Orange
25061,27,Lime
25061,31,Lavender
25061,71,Light_Bluish_Gray
25061,85,Dark_Purple
25061,89,Blue_Violet
25061,191,Bright_Light_Orange
25061,272,Dark_Blue
25061,320,Dark_Red
25061,321,Dark_Azure
25061,322,Medium_Azure
2507,0,Black
2507,1,Blue
2507,2,Green
2507,7,Light_Gray
2507,19,Tan
2508,0,Black
2508,1,Blue
2508,2,Green
2508,4,Red
2508,6,Brown
2508,7,Light_Gray
2508,8,Dark_Gray
2508,14,Yellow
2508,15,White
2508,19,Tan
2508,70,Reddish_Brown
2508,72,Dark_Bluish_Gray
25086,322,Medium_Azure
2509,10,Bright_Green
2509,71,Light_Bluish_Gray
2509,272,Dark_Blue
251,0,Black
251,2,Green
251,4,Red
2512,0,Black
2512,1,Blue
2512,4,Red
2512,7,Light_Gray
2512,14,Yellow
2512,15,White
2512,25,Orange
2512,27,Lime
2512,71,Light_Bluish_Gray
2513,0,Black
2513,1,Blue
2513,4,Red
2513,14,Yellow
2513,15,White
2515a,0,Black
2515a,1,Blue
2515a,7,Light_Gray
2515a,15,White
2515a,25,Orange
2515a,71,Light_Bluish_Gray
2515a,72,Dark_Bluish_Gray
2515a,85,Dark_Purple
2515b,0,Black
2515b,1,Blue
2515b,7,Light_Gray
2515b,15,White
2515b,25,Orange
2515b,71,Light_Bluish_Gray
2515b,72,Dark_Bluish_Gray
2515b,85,Dark_Purple
2516,0,Black
2516,1,Blue
2516,2,Green
2516,4,Red
2516,6,Brown
2516,7,Light_Gray
2516,8,Dark_Gray
2516,14,Yellow
2516,15,White
2516,19,Tan
2516,71,Light_Bluish_Gray
2518,2,Green
2518,10,Bright_Green
25195,14,Yellow
25195,71,Light_Bluish_Gray
25214,0,Black
25214,3,Dark_Turquoise
25214,4,Red
25214,10,Bright_Green
25214,14,Yellow
25214,15,White
25214,19,Tan
25214,25,Orange
25214,27,Lime
25214,28,Dark_Tan
25214,29,Bright_Pink
25214,30,Medium_Lavender
25214,70,Reddish_Brown
25214,71,Light_Bluish_Gray
25214,72,Dark_Bluish_Gray
25214,85,Dark_Purple
25214,212,Bright_Light_Blue
25214,226,Bright_Light_Yellow
25214,322,Medium_Azure
25214,326,Yellowish_Green
2524,0,Black
2524,1,Blue
2524,2,Green
2524,4,Red
2524,6,Brown
2524,8,Dark_Gray
2524,14,Yellow
2524,15,White
2524,28,Dark_Tan
2524,70,Reddish_Brown
2524,71,Light_Bluish_Gray
2524,72,Dark_Bluish_Gray
2525,0,Black
2525,4,Red
2525,14,Yellow
2525,15,White
2525,17,Light_Green
2525,71,Light_Bluish_Gray
2526,0,Black
2526,1,Blue
2526,2,Green
2526,4,Red
2526,6,Brown
2526,14,Yellow
2526,15,White
2526,19,Tan
2526,25,Orange
2526,29,Bright_Pink
2526,226,Bright_Light_Yellow
2526,288,Dark_Green
2526,320,Dark_Red
25264,0,Black
25264,4,Red
25264,15,White
25264,71,Light_Bluish_Gray
25269,0,Black
25269,1,Blue
25269,2,Green
25269,3,Dark_Turquoise
25269,4,Red
25269,5,Dark_Pink
25269,10,Bright_Green
25269,14,Yellow
25269,15,White
25269,19,Tan
25269,25,Orange
25269,26,Magenta
25269,27,Lime
25269,28,Dark_Tan
25269,29,Bright_Pink
25269,30,Medium_Lavender
25269,31,Lavender
25269,70,Reddish_Brown
25269,71,Light_Bluish_Gray
25269,72,Dark_Bluish_Gray
25269,73,Medium_Blue
25269,85,Dark_Purple
25269,191,Bright_Light_Orange
25269,212,Bright_Light_Blue
25269,226,Bright_Light_Yellow
25269,272,Dark_Blue
25269,288,Dark_Green
25269,308,Dark_Brown
25269,320,Dark_Red
25269,321,Dark_Azure
25269,322,Medium_Azure
25269,323,Light_Aqua
25269,326,Yellowish_Green
25269,330,Olive_Green
25269,378,Sand_Green
25269,379,Sand_Blue
25269,484,Dark_Orange
2527,0,Black
2527,1,Blue
2527,2,Green
2527,4,Red
2527,6,Brown
2527,14,Yellow
2527,15,White
2527,70,Reddish_Brown
25279,26,Magenta
25279,272,Dark_Blue
2528,0,Black
2528,1,Blue
2528,4,Red
2528,14,Yellow
2528,15,White
2528,26,Magenta
2528,85,Dark_Purple
2528,272,Dark_Blue
2529,0,Black
2529,1,Blue
2529,2,Green
2529,4,Red
2529,6,Brown
2529,7,Light_Gray
2529,13,Pink
2529,14,Yellow
2529,15,White
2529,70,Reddish_Brown
2530,0,Black
2530,8,Dark_Gray
2530,72,Dark_Bluish_Gray
2530,326,Yellowish_Green
2531,7,Light_Gray
2531,8,Dark_Gray
2531,72,Dark_Bluish_Gray
2536,6,Brown
2536c,7,Light_Gray
25375-f1,0,Black
25375-f1,15,White
25376,4,Red
25376,25,Orange
25376,27,Lime
25376,28,Dark_Tan
25376,71,Light_Bluish_Gray
25376,272,Dark_Blue
25376,320,Dark_Red
25378,0,Black
25378,70,Reddish_Brown
25379,0,Black
25379,15,White
25379,25,Orange
25379,70,Reddish_Brown
25379,71,Light_Bluish_Gray
2538,0,Black
25386,19,Tan
2538a,0,Black
2539,0,Black
2539,8,Dark_Gray
2539,15,White
2540,0,Black
2540,1,Blue
2540,2,Green
2540,3,Dark_Turquoise
2540,4,Red
2540,6,Brown
2540,7,Light_Gray
2540,8,Dark_Gray
2540,14,Yellow
2540,15,White
2540,19,Tan
2540,25,Orange
2540,27,Lime
2540,28,Dark_Tan
2540,70,Reddish_Brown
2540,71,Light_Bluish_Gray
2540,72,Dark_Bluish_Gray
2540,73,Medium_Blue
2540,120,Light_Lime
2540,272,Dark_Blue
2540,288,Dark_Green
2540,320,Dark_Red
2540,322,Medium_Azure
2540,335,Sand_Red
2540,379,Sand_Blue
2540,462,Medium_Orange
2540,484,Dark_Orange
25409,0,Black
25409,19,Tan
25409,226,Bright_Light_Yellow
25409,308,Dark_Brown
2541,6,Brown
2541,15,White
25411,72,Dark_Bluish_Gray
25411,226,Bright_Light_Yellow
25411,308,Dark_Brown
25411,326,Yellowish_Green
25412,15,White
25412,26,Magenta
25412,70,Reddish_Brown
25412,226,Bright_Light_Yellow
25412,308,Dark_Brown
25412,484,Dark_Orange
2542,0,Black
2542,4,Red
2542,6,Brown
2542,15,White
2542,70,Reddish_Brown
2543,0,Black
2543,1,Blue
2543,2,Green
2543,4,Red
2543,7,Light_Gray
2543,14,Yellow
2543,15,White
2543,288,Dark_Green
2543,308,Dark_Brown
2543,320,Dark_Red
2544,0,Black
2544,6,Brown
2544,15,White
2544,19,Tan
2544,70,Reddish_Brown
2544,85,Dark_Purple
2545,0,Black
2545,1,Blue
2545,4,Red
2545,14,Yellow
2545,15,White
2546,0,Black
2546,1,Blue
2546,2,Green
2546,4,Red
2546,6,Brown
2546,8,Dark_Gray
2546,13,Pink
2546,14,Yellow
2546,15,White
2546,19,Tan
2546,26,Magenta
2546,72,Dark_Bluish_Gray
2546,73,Medium_Blue
2546,74,Medium_Green
2547a,0,Black
2547a,7,Light_Gray
2547a,8,Dark_Gray
2547a,15,White
2547a,71,Light_Bluish_Gray
2547a,72,Dark_Bluish_Gray
2547b,0,Black
2547b,7,Light_Gray
2547b,8,Dark_Gray
2547b,15,White
2547b,71,Light_Bluish_Gray
2547b,72,Dark_Bluish_Gray
2548,0,Black
2548,8,Dark_Gray
2548,15,White
2548,71,Light_Bluish_Gray
2548,72,Dark_Bluish_Gray
2549,0,Black
2549,6,Brown
2549,28,Dark_Tan
2549,70,Reddish_Brown
2550,6,Brown
2550,70,Reddish_Brown
2550c01,6,Brown
2550c01,70,Reddish_Brown
2551,0,Black
2551,1,Blue
2551,4,Red
2551,6,Brown
2551,7,Light_Gray
2551,29,Bright_Pink
2551,70,Reddish_Brown
2551,71,Light_Bluish_Gray
2551,272,Dark_Blue
25516,15,White
25516,25,Orange
25516,26,Magenta
25516,27,Lime
25516,226,Bright_Light_Yellow
2554,0,Black
2554,1,Blue
2554,2,Green
2554,4,Red
2554,6,Brown
2554,14,Yellow
2554,15,White
2554,70,Reddish_Brown
2554,320,Dark_Red
2555,0,Black
2555,1,Blue
2555,2,Green
2555,3,Dark_Turquoise
2555,4,Red
2555,6,Brown
2555,7,Light_Gray
2555,8,Dark_Gray
2555,14,Yellow
2555,15,White
2555,19,Tan
2555,25,Orange
2555,27,Lime
2555,70,Reddish_Brown
2555,71,Light_Bluish_Gray
2555,72,Dark_Bluish_Gray
2555,73,Medium_Blue
2555,74,Medium_Green
2555,85,Dark_Purple
2555,120,Light_Lime
2555,288,Dark_Green
2555,320,Dark_Red
2555,326,Yellowish_Green
255526,0,Black
255526,1,Blue
255526,2,Green
255526,3,Dark_Turquoise
255526,4,Red
255526,6,Brown
255526,7,Light_Gray
255526,8,Dark_Gray
255526,14,Yellow
255526,15,White
255526,19,Tan
255526,25,Orange
255526,27,Lime
255526,70,Reddish_Brown
255526,71,Light_Bluish_Gray
255526,72,Dark_Bluish_Gray
255526,73,Medium_Blue
255526,74,Medium_Green
255526,85,Dark_Purple
255526,120,Light_Lime
255526,288,Dark_Green
255526,320,Dark_Red
255526,326,Yellowish_Green
2560,0,Black
2560,4,Red
2560,6,Brown
2560,70,Reddish_Brown
2560,308,Dark_Brown
2561,0,Black
2561,6,Brown
2561,70,Reddish_Brown
25613,226,Bright_Light_Yellow
2562,0,Black
2562,1,Blue
2562,4,Red
2562,6,Brown
2562,70,Reddish_Brown
2563,4,Red
2563,6,Brown
2563,7,Light_Gray
2563,15,White
2563,70,Reddish_Brown
2564,0,Black
2564,1,Blue
2564,4,Red
2564,8,Dark_Gray
2564,14,Yellow
2564,15,White
2564,72,Dark_Bluish_Gray
2566,0,Black
2566,1,Blue
2566,2,Green
2566,4,Red
2566,6,Brown
2566,7,Light_Gray
2566,8,Dark_Gray
2566,14,Yellow
2566,15,White
2566,19,Tan
2566,70,Reddish_Brown
2566,71,Light_Bluish_Gray
2566,308,Dark_Brown
2566,351,Medium_Dark_Pink
2569,0,Black
2569,1,Blue
2569,2,Green
2569,4,Red
2569,6,Brown
2569,7,Light_Gray
2569,8,Dark_Gray
2569,14,Yellow
2569,15,White
2569,19,Tan
2569,71,Light_Bluish_Gray
2569,72,Dark_Bluish_Gray
2569,85,Dark_Purple
2569,379,Sand_Blue
2570,0,Black
2570,6,Brown
2570,8,Dark_Gray
2570,70,Reddish_Brown
2570,72,Dark_Bluish_Gray
2570,73,Medium_Blue
2571,14,Yellow
2571,15,White
2571,27,Lime
2571,70,Reddish_Brown
2571,322,Medium_Azure
2571,326,Yellowish_Green
2572,15,White
2573,0,Black
2573,2,Green
2573,7,Light_Gray
2573,25,Orange
2573,71,Light_Bluish_Gray
2574,4,Red
2577,0,Black
2577,1,Blue
2577,2,Green
2577,4,Red
2577,5,Dark_Pink
2577,6,Brown
2577,7,Light_Gray
2577,8,Dark_Gray
2577,14,Yellow
2577,15,White
2577,19,Tan
2577,27,Lime
2577,70,Reddish_Brown
2577,71,Light_Bluish_Gray
2577,72,Dark_Bluish_Gray
2577,272,Dark_Blue
2577,288,Dark_Green
2577,378,Sand_Green
2577,484,Dark_Orange
2578,2,Green
2578,14,Yellow
2578a,2,Green
2578a,14,Yellow
2578b,14,Yellow
258,7,Light_Gray
258,15,White
2580c01,0,Black
2580c01,4,Red
2580c01,7,Light_Gray
2582,0,Black
2582,1,Blue
2582,7,Light_Gray
2582,14,Yellow
2582,15,White
2582,73,Medium_Blue
2583,0,Black
2583,1,Blue
2583,2,Green
2583,4,Red
2583,6,Brown
2583,7,Light_Gray
2583,8,Dark_Gray
2583,14,Yellow
2583,15,White
2583,19,Tan
2584,0,Black
2584,1,Blue
2584,4,Red
2584,7,Light_Gray
2584,14,Yellow
2584,15,White
2584,70,Reddish_Brown
2584,71,Light_Bluish_Gray
2584,320,Dark_Red
2585,0,Black
2585,1,Blue
2585,4,Red
2585,7,Light_Gray
2585,14,Yellow
2585,15,White
2585,71,Light_Bluish_Gray
2586,0,Black
2586,6,Brown
2586,7,Light_Gray
2586,8,Dark_Gray
2586,14,Yellow
2586,15,White
2586,19,Tan
2586,22,Purple
2586,26,Magenta
2586,28,Dark_Tan
2586,29,Bright_Pink
2586,31,Lavender
2586,70,Reddish_Brown
2586,71,Light_Bluish_Gray
2586,85,Dark_Purple
2586,320,Dark_Red
2586,378,Sand_Green
2587,0,Black
2587,2,Green
2587,4,Red
2587,7,Light_Gray
2587,8,Dark_Gray
2587,19,Tan
2587,72,Dark_Bluish_Gray
2587,73,Medium_Blue
2587,85,Dark_Purple
2587,288,Dark_Green
2587,308,Dark_Brown
2587,320,Dark_Red
25892,0,Black
25892,1,Blue
25892,15,White
25892,19,Tan
25892,26,Magenta
25892,30,Medium_Lavender
25892,72,Dark_Bluish_Gray
25893a,0,Black
25893a,71,Light_Bluish_Gray
259,4,Red
259,7,Light_Gray
259,15,White
2593,0,Black
2593,1,Blue
2593,2,Green
2593,4,Red
2593,7,Light_Gray
2593,14,Yellow
2594,0,Black
2594,1,Blue
2594,7,Light_Gray
2594,8,Dark_Gray
2594,19,Tan
2594,71,Light_Bluish_Gray
2594,72,Dark_Bluish_Gray
25972,0,Black
25972,19,Tan
25972,28,Dark_Tan
25972,70,Reddish_Brown
25972,71,Light_Bluish_Gray
25972,226,Bright_Light_Yellow
25972,308,Dark_Brown
2598,19,Tan
2599,0,Black
2599,1,Blue
2599,4,Red
2599,7,Light_Gray
2599,14,Yellow
2599,25,Orange
2599,27,Lime
26,2,Green
26,7,Light_Gray
26007,0,Black
26007,3,Dark_Turquoise
26007,4,Red
26007,19,Tan
26007,28,Dark_Tan
26007,308,Dark_Brown
26021,0,Black
26021,1,Blue
26021,3,Dark_Turquoise
26021,4,Red
26021,15,White
26021,27,Lime
26021,70,Reddish_Brown
26021,191,Bright_Light_Orange
26021,272,Dark_Blue
26021,322,Medium_Azure
26021,379,Sand_Blue
26022,3,Dark_Turquoise
26022,4,Red
26022,10,Bright_Green
26022,14,Yellow
26022,15,White
26022,25,Orange
26022,27,Lime
26022,71,Light_Bluish_Gray
26022,85,Dark_Purple
26022,191,Bright_Light_Orange
26022,272,Dark_Blue
26022,320,Dark_Red
26022,322,Medium_Azure
26045,15,White
26047,0,Black
26047,2,Green
26047,3,Dark_Turquoise
26047,5,Dark_Pink
26047,14,Yellow
26047,15,White
26047,19,Tan
26047,29,Bright_Pink
26047,30,Medium_Lavender
26047,70,Reddish_Brown
26047,71,Light_Bluish_Gray
26047,72,Dark_Bluish_Gray
26047,191,Bright_Light_Orange
26047,212,Bright_Light_Blue
26047,226,Bright_Light_Yellow
26047,272,Dark_Blue
26047,320,Dark_Red
26047,321,Dark_Azure
26047,326,Yellowish_Green
26047,378,Sand_Green
2605c01,0,Black
26064,2,Green
26066,2,Green
26066,15,White
26066,19,Tan
26066,28,Dark_Tan
26066,70,Reddish_Brown
26066,72,Dark_Bluish_Gray
26066,226,Bright_Light_Yellow
26066,379,Sand_Blue
2607,0,Black
2607,1,Blue
2607,4,Red
2607,7,Light_Gray
2607,8,Dark_Gray
2607,15,White
26079,288,Dark_Green
2607b,0,Black
2607b,1,Blue
2607b,4,Red
2607b,7,Light_Gray
2607b,8,Dark_Gray
2607b,15,White
2609,0,Black
2609,1,Blue
2609,15,White
2609a,0,Black
2609a,1,Blue
2609a,15,White
2609b,0,Black
2609b,4,Red
2609b,8,Dark_Gray
2609b,14,Yellow
2609b,15,White
2609c,1,Blue
2610,14,Yellow
2612,15,White
2612,30,Medium_Lavender
2612,71,Light_Bluish_Gray
26139,15,White
26139,28,Dark_Tan
26139,70,Reddish_Brown
26139,226,Bright_Light_Yellow
26139,308,Dark_Brown
26139,484,Dark_Orange
2614,0,Black
2617,0,Black
2617,7,Light_Gray
2617,8,Dark_Gray
2617,19,Tan
2617,72,Dark_Bluish_Gray
2618,0,Black
2618,7,Light_Gray
2618,8,Dark_Gray
2618,14,Yellow
2618,19,Tan
2618,71,Light_Bluish_Gray
2619,4,Red
262,1,Blue
262,2,Green
262,4,Red
262,6,Brown
262,7,Light_Gray
262,10,Bright_Green
262,15,White
262,19,Tan
262,26,Magenta
262,70,Reddish_Brown
262,71,Light_Bluish_Gray
262,72,Dark_Bluish_Gray
262,74,Medium_Green
262,272,Dark_Blue
2621,0,Black
2621,1,Blue
2621,4,Red
2621,14,Yellow
2621,19,Tan
2621,70,Reddish_Brown
2622,0,Black
2622,1,Blue
2622,4,Red
2622,7,Light_Gray
2622,15,White
2622,70,Reddish_Brown
2623,0,Black
2623,1,Blue
2623,2,Green
2623,4,Red
2623,6,Brown
2623,7,Light_Gray
2623,8,Dark_Gray
2623,14,Yellow
2623,15,White
2623,19,Tan
2625,0,Black
2625,1,Blue
2625,4,Red
2625,7,Light_Gray
2625,8,Dark_Gray
2625,15,White
2625,19,Tan
2625,71,Light_Bluish_Gray
2625,72,Dark_Bluish_Gray
2626,0,Black
2626,1,Blue
2626,2,Green
2626,4,Red
2626,7,Light_Gray
2626,14,Yellow
2626,15,White
2626,19,Tan
2627,15,White
2628,1,Blue
2628,10,Bright_Green
2628,15,White
2628,71,Light_Bluish_Gray
2628,72,Dark_Bluish_Gray
2628,191,Bright_Light_Orange
2628,323,Light_Aqua
26287,4,Red
26287,71,Light_Bluish_Gray
2629,10,Bright_Green
2629,15,White
2629,19,Tan
2629,29,Bright_Pink
2629,31,Lavender
2629,71,Light_Bluish_Gray
2629,212,Bright_Light_Blue
2629,226,Bright_Light_Yellow
2629,322,Medium_Azure
2629,323,Light_Aqua
2629,326,Yellowish_Green
263,0,Black
2630,0,Black
2630,10,Bright_Green
2630,15,White
2630,28,Dark_Tan
2630,288,Dark_Green
2631,3,Dark_Turquoise
2631,15,White
2631,19,Tan
2631,28,Dark_Tan
2631,70,Reddish_Brown
2631,72,Dark_Bluish_Gray
2631,226,Bright_Light_Yellow
2631,308,Dark_Brown
2634,15,White
2634c01,15,White
2634c02,15,White
2636,4,Red
2636,7,Light_Gray
2637,0,Black
2637,1,Blue
2637,4,Red
2637,7,Light_Gray
2637,14,Yellow
2637,15,White
2637,70,Reddish_Brown
2637,71,Light_Bluish_Gray
2638,4,Red
2638,7,Light_Gray
2638,14,Yellow
2638,71,Light_Bluish_Gray
2638,72,Dark_Bluish_Gray
2639,0,Black
2639,1,Blue
2639,4,Red
2639,6,Brown
2639,7,Light_Gray
2639,8,Dark_Gray
2639,14,Yellow
2639,15,White
2639,19,Tan
2639,28,Dark_Tan
2639,29,Bright_Pink
2639,70,Reddish_Brown
2639,71,Light_Bluish_Gray
2639,72,Dark_Bluish_Gray
2639,191,Bright_Light_Orange
2639,272,Dark_Blue
2639,320,Dark_Red
264,0,Black
264,1,Blue
264,4,Red
264,14,Yellow
2640,28,Dark_Tan
2640,226,Bright_Light_Yellow
2640,484,Dark_Orange
2641,7,Light_Gray
2641,14,Yellow
2642,0,Black
2642,7,Light_Gray
2642,8,Dark_Gray
2642,15,White
2642,19,Tan
2642,71,Light_Bluish_Gray
2642,72,Dark_Bluish_Gray
2650,4,Red
2651,4,Red
2651,216,Rust
2653,0,Black
2653,1,Blue
2653,2,Green
2653,3,Dark_Turquoise
2653,4,Red
2653,6,Brown
2653,7,Light_Gray
2653,8,Dark_Gray
2653,14,Yellow
2653,15,White
2653,19,Tan
2653,70,Reddish_Brown
2653,71,Light_Bluish_Gray
2653,72,Dark_Bluish_Gray
2653,212,Bright_Light_Blue
2653,226,Bright_Light_Yellow
2653,322,Medium_Azure
2653,378,Sand_Green
2654,0,Black
2654,1,Blue
2654,2,Green
2654,4,Red
2654,6,Brown
2654,7,Light_Gray
2654,8,Dark_Gray
2654,10,Bright_Green
2654,14,Yellow
2654,15,White
2654,19,Tan
2654,25,Orange
2654,26,Magenta
2654,27,Lime
2654,28,Dark_Tan
2654,29,Bright_Pink
2654,30,Medium_Lavender
2654,70,Reddish_Brown
2654,71,Light_Bluish_Gray
2654,72,Dark_Bluish_Gray
2654,73,Medium_Blue
2654,89,Blue_Violet
2654,191,Bright_Light_Orange
2654,272,Dark_Blue
2654,320,Dark_Red
2654,321,Dark_Azure
2654,326,Yellowish_Green
2654,379,Sand_Blue
2654a,0,Black
2654a,1,Blue
2654a,2,Green
2654a,4,Red
2654a,6,Brown
2654a,7,Light_Gray
2654a,8,Dark_Gray
2654a,10,Bright_Green
2654a,14,Yellow
2654a,15,White
2654a,19,Tan
2654a,25,Orange
2654a,26,Magenta
2654a,27,Lime
2654a,28,Dark_Tan
2654a,29,Bright_Pink
2654a,30,Medium_Lavender
2654a,70,Reddish_Brown
2654a,71,Light_Bluish_Gray
2654a,72,Dark_Bluish_Gray
2654a,73,Medium_Blue
2654a,89,Blue_Violet
2654a,191,Bright_Light_Orange
2654a,272,Dark_Blue
2654a,320,Dark_Red
2654a,321,Dark_Azure
2654a,326,Yellowish_Green
2654a,379,Sand_Blue
2655,0,Black
2655,7,Light_Gray
2655,14,Yellow
2655,15,White
2655,71,Light_Bluish_Gray
26559,4,Red
26559,25,Orange
26559,27,Lime
26559,71,Light_Bluish_Gray
26559,72,Dark_Bluish_Gray
26559,85,Dark_Purple
26559,89,Blue_Violet
26559,191,Bright_Light_Orange
26559,272,Dark_Blue
2656,15,White
2656,25,Orange
2656,322,Medium_Azure
2656,323,Light_Aqua
26560,4,Red
26560,25,Orange
26560,27,Lime
26560,71,Light_Bluish_Gray
26560,85,Dark_Purple
26560,89,Blue_Violet
26560,191,Bright_Light_Orange
26560,272,Dark_Blue
26560,484,Dark_Orange
26561,4,Red
26561,25,Orange
26561,27,Lime
26561,191,Bright_Light_Orange
2657,15,White
2657,25,Orange
2657,322,Medium_Azure
26597,15,White
26597,71,Light_Bluish_Gray
26597,191,Bright_Light_Orange
26599,0,Black
26599,71,Light_Bluish_Gray
265ac01,4,Red
265ac01,14,Yellow
265bc01,14,Yellow
26601,0,Black
26601,1,Blue
26601,2,Green
26601,3,Dark_Turquoise
26601,4,Red
26601,5,Dark_Pink
26601,14,Yellow
26601,15,White
26601,19,Tan
26601,25,Orange
26601,26,Magenta
26601,27,Lime
26601,28,Dark_Tan
26601,29,Bright_Pink
26601,30,Medium_Lavender
26601,31,Lavender
26601,70,Reddish_Brown
26601,71,Light_Bluish_Gray
26601,72,Dark_Bluish_Gray
26601,73,Medium_Blue
26601,85,Dark_Purple
26601,191,Bright_Light_Orange
26601,212,Bright_Light_Blue
26601,226,Bright_Light_Yellow
26601,272,Dark_Blue
26601,288,Dark_Green
26601,308,Dark_Brown
26601,320,Dark_Red
26601,321,Dark_Azure
26601,322,Medium_Azure
26601,330,Olive_Green
26601,378,Sand_Green
26601,379,Sand_Blue
26601,484,Dark_Orange
26603,0,Black
26603,1,Blue
26603,2,Green
26603,4,Red
26603,10,Bright_Green
26603,14,Yellow
26603,15,White
26603,19,Tan
26603,25,Orange
26603,26,Magenta
26603,27,Lime
26603,28,Dark_Tan
26603,29,Bright_Pink
26603,31,Lavender
26603,70,Reddish_Brown
26603,71,Light_Bluish_Gray
26603,72,Dark_Bluish_Gray
26603,73,Medium_Blue
26603,85,Dark_Purple
26603,191,Bright_Light_Orange
26603,212,Bright_Light_Blue
26603,272,Dark_Blue
26603,320,Dark_Red
26603,321,Dark_Azure
26603,322,Medium_Azure
26603,326,Yellowish_Green
26603,379,Sand_Blue
26604,0,Black
26604,1,Blue
26604,4,Red
26604,10,Bright_Green
26604,15,White
26604,19,Tan
26604,25,Orange
26604,70,Reddish_Brown
26604,71,Light_Bluish_Gray
26604,72,Dark_Bluish_Gray
26604,73,Medium_Blue
26604,191,Bright_Light_Orange
26604,288,Dark_Green
26604,378,Sand_Green
26604,379,Sand_Blue
2662,14,Yellow
266ac01,15,White
266bc01,15,White
266bc02,0,Black
2670,7,Light_Gray
2671,7,Light_Gray
2672,7,Light_Gray
2676,15,White
2676,484,Dark_Orange
2677,7,Light_Gray
2678,7,Light_Gray
2680,0,Black
2680b,0,Black
2681,0,Black
2682a,0,Black
2682a,2,Green
2682a,15,White
2682a,27,Lime
2682a,72,Dark_Bluish_Gray
2682a,288,Dark_Green
2682a,320,Dark_Red
2682a,378,Sand_Green
26831,0,Black
26831,15,White
26831,28,Dark_Tan
26831,71,Light_Bluish_Gray
26831,72,Dark_Bluish_Gray
26831,308,Dark_Brown
2686c01,0,Black
2687,0,Black
26907,0,Black
26910,15,White
26911,0,Black
26912,15,White
26913,15,White
2694,14,Yellow
2695,0,Black
2695,1,Blue
2695,2,Green
2695,3,Dark_Turquoise
2695,4,Red
2695,6,Brown
2695,7,Light_Gray
2695,8,Dark_Gray
2695,14,Yellow
2695,15,White
2695,19,Tan
2695,71,Light_Bluish_Gray
2695,272,Dark_Blue
2695,320,Dark_Red
2695,462,Medium_Orange
2696,0,Black
27,4,Red
27,14,Yellow
27,15,White
27059,1,Blue
27059,30,Medium_Lavender
27059,72,Dark_Bluish_Gray
27059,272,Dark_Blue
27059,321,Dark_Azure
27063,0,Black
27063,15,White
27063,72,Dark_Bluish_Gray
270c02,0,Black
271,0,Black
271,4,Red
271,14,Yellow
271,15,White
2711,0,Black
2711,1,Blue
2711,2,Green
2711,4,Red
2711,6,Brown
2711,7,Light_Gray
2711,8,Dark_Gray
2711,14,Yellow
2711,15,White
2711,19,Tan
2712,0,Black
2712,7,Light_Gray
2712,14,Yellow
2713,3,Dark_Turquoise
2713,4,Red
2713,11,Light_Turquoise
2713,14,Yellow
2713,15,White
2713,85,Dark_Purple
27145,0,Black
27145,1,Blue
27145,4,Red
27145,10,Bright_Green
27145,14,Yellow
27145,15,White
27145,25,Orange
27145,70,Reddish_Brown
27145,85,Dark_Purple
27145,191,Bright_Light_Orange
27145,308,Dark_Brown
27145,484,Dark_Orange
27149,0,Black
27149,15,White
27149,26,Magenta
27149,30,Medium_Lavender
27149,85,Dark_Purple
27149,288,Dark_Green
2714a,0,Black
2714a,4,Red
2714a,7,Light_Gray
2714a,14,Yellow
2714a,71,Light_Bluish_Gray
2714b,0,Black
2714b,71,Light_Bluish_Gray
2714b,226,Bright_Light_Yellow
2715,0,Black
2715,1,Blue
2715,2,Green
2715,3,Dark_Turquoise
2715,4,Red
2715,14,Yellow
2715,15,White
27150,0,Black
27150,26,Magenta
27150,29,Bright_Pink
27151,0,Black
27151,4,Red
27151,272,Dark_Blue
2716,0,Black
2716,8,Dark_Gray
27167,0,Black
27167,1,Blue
27167,2,Green
27167,3,Dark_Turquoise
27167,4,Red
27167,14,Yellow
27167,15,White
27167,25,Orange
27167,85,Dark_Purple
27167,191,Bright_Light_Orange
27167,272,Dark_Blue
27167,288,Dark_Green
27167,320,Dark_Red
27168,72,Dark_Bluish_Gray
27169,0,Black
27169,72,Dark_Bluish_Gray
27169,85,Dark_Purple
2717,0,Black
2717,1,Blue
2717,2,Green
2717,3,Dark_Turquoise
2717,4,Red
2717,7,Light_Gray
2717,14,Yellow
2717,15,White
27186,29,Bright_Pink
27186,70,Reddish_Brown
27186,226,Bright_Light_Yellow
27186,308,Dark_Brown
27186,484,Dark_Orange
2719,0,Black
2719,7,Light_Gray
2719,71,Light_Bluish_Gray
272,15,White
2723,0,Black
2723,3,Dark_Turquoise
2723,4,Red
2723,7,Light_Gray
2723,14,Yellow
2723,15,White
2723,70,Reddish_Brown
2723,71,Light_Bluish_Gray
2723,72,Dark_Bluish_Gray
2723,73,Medium_Blue
2723,321,Dark_Azure
2723,484,Dark_Orange
27254,72,Dark_Bluish_Gray
27255,71,Light_Bluish_Gray
27255,321,Dark_Azure
27257,0,Black
27261,0,Black
27261,4,Red
27261,10,Bright_Green
27261,15,White
27261,19,Tan
27261,26,Magenta
27261,28,Dark_Tan
27261,29,Bright_Pink
27261,70,Reddish_Brown
27261,71,Light_Bluish_Gray
27261,72,Dark_Bluish_Gray
27261,73,Medium_Blue
27261,191,Bright_Light_Orange
27261,212,Bright_Light_Blue
27261,226,Bright_Light_Yellow
27261,288,Dark_Green
27261,308,Dark_Brown
27261,320,Dark_Red
27262,0,Black
27262,2,Green
27262,4,Red
27262,10,Bright_Green
27262,15,White
27262,26,Magenta
27262,71,Light_Bluish_Gray
27262,85,Dark_Purple
27262,272,Dark_Blue
27262,288,Dark_Green
27262,320,Dark_Red
27263,0,Black
27263,1,Blue
27263,2,Green
27263,3,Dark_Turquoise
27263,4,Red
27263,14,Yellow
27263,15,White
27263,19,Tan
27263,25,Orange
27263,27,Lime
27263,28,Dark_Tan
27263,70,Reddish_Brown
27263,71,Light_Bluish_Gray
27263,72,Dark_Bluish_Gray
27263,191,Bright_Light_Orange
27263,272,Dark_Blue
27263,320,Dark_Red
27263,321,Dark_Azure
27263,322,Medium_Azure
27263,330,Olive_Green
27263,379,Sand_Blue
27263,484,Dark_Orange
27266,2,Green
27266,3,Dark_Turquoise
27266,14,Yellow
27266,25,Orange
27266,70,Reddish_Brown
27266,72,Dark_Bluish_Gray
27266,73,Medium_Blue
27266,85,Dark_Purple
273,0,Black
2730,0,Black
2730,1,Blue
2730,2,Green
2730,3,Dark_Turquoise
2730,4,Red
2730,7,Light_Gray
2730,14,Yellow
2730,15,White
2730,19,Tan
2730,25,Orange
2730,28,Dark_Tan
2730,71,Light_Bluish_Gray
2730,72,Dark_Bluish_Gray
2730,272,Dark_Blue
2730,321,Dark_Azure
27323,0,Black
27323,72,Dark_Bluish_Gray
27323,484,Dark_Orange
27328,0,Black
27329,73,Medium_Blue
2736,7,Light_Gray
2736,28,Dark_Tan
2736,71,Light_Bluish_Gray
2737,0,Black
2737,15,White
2738,0,Black
2738,1,Blue
2738,15,White
27385,0,Black
27385,4,Red
27393,0,Black
27393,15,White
274,0,Black
274,1,Blue
274,2,Green
274,3,Dark_Turquoise
274,4,Red
274,6,Brown
274,7,Light_Gray
274,8,Dark_Gray
274,14,Yellow
274,15,White
274,19,Tan
274,70,Reddish_Brown
274,71,Light_Bluish_Gray
274,72,Dark_Bluish_Gray
274,73,Medium_Blue
2741,0,Black
2741,1,Blue
2741,2,Green
2741,4,Red
2741,7,Light_Gray
2741,14,Yellow
2741,15,White
2741,19,Tan
2741,25,Orange
2741,72,Dark_Bluish_Gray
2741,321,Dark_Azure
2742c01,0,Black
2743,0,Black
2743,1,Blue
2743,2,Green
2743,4,Red
2743,6,Brown
2743,7,Light_Gray
2743,8,Dark_Gray
2743,14,Yellow
2743,15,White
2743,19,Tan
2743,71,Light_Bluish_Gray
2743,72,Dark_Bluish_Gray
2743,379,Sand_Blue
2744,0,Black
2744,1,Blue
2744,2,Green
2744,3,Dark_Turquoise
2744,4,Red
2744,6,Brown
2744,7,Light_Gray
2744,8,Dark_Gray
2744,14,Yellow
2744,15,White
2744,19,Tan
2744,25,Orange
2744,27,Lime
2744,71,Light_Bluish_Gray
2744,272,Dark_Blue
2744,308,Dark_Brown
27448,0,Black
27448,15,White
27448,72,Dark_Bluish_Gray
27448,484,Dark_Orange
2745,4,Red
2745,7,Light_Gray
2745,14,Yellow
2745,15,White
2748,0,Black
2748,1,Blue
2748,2,Green
2748,4,Red
2748,6,Brown
2748,7,Light_Gray
2748,8,Dark_Gray
2748,10,Bright_Green
2748,14,Yellow
2748,15,White
2748,17,Light_Green
2748,19,Tan
2748,71,Light_Bluish_Gray
2748,72,Dark_Bluish_Gray
2748,212,Bright_Light_Blue
275,0,Black
275,1,Blue
275,4,Red
275,6,Brown
275,7,Light_Gray
275,8,Dark_Gray
275,14,Yellow
275,15,White
275,19,Tan
275,25,Orange
275,70,Reddish_Brown
275,71,Light_Bluish_Gray
275,72,Dark_Bluish_Gray
275,272,Dark_Blue
275,320,Dark_Red
275,351,Medium_Dark_Pink
275,379,Sand_Blue
275,484,Dark_Orange
27507,0,Black
27507,1,Blue
27507,3,Dark_Turquoise
27507,4,Red
27507,5,Dark_Pink
27507,10,Bright_Green
27507,14,Yellow
27507,15,White
27507,19,Tan
27507,25,Orange
27507,26,Magenta
27507,27,Lime
27507,28,Dark_Tan
27507,29,Bright_Pink
27507,31,Lavender
27507,70,Reddish_Brown
27507,71,Light_Bluish_Gray
27507,72,Dark_Bluish_Gray
27507,85,Dark_Purple
27507,89,Blue_Violet
27507,191,Bright_Light_Orange
27507,212,Bright_Light_Blue
27507,226,Bright_Light_Yellow
27507,272,Dark_Blue
27507,320,Dark_Red
27507,321,Dark_Azure
27507,322,Medium_Azure
27507,323,Light_Aqua
27507,330,Olive_Green
27507,378,Sand_Green
27507,379,Sand_Blue
27507,484,Dark_Orange
2752,0,Black
2752,15,White
2752,19,Tan
2752,71,Light_Bluish_Gray
2752,72,Dark_Bluish_Gray
2757,7,Light_Gray
2764,0,Black
276c01,2,Green
276c01,4,Red
2775c01,7,Light_Gray
278,0,Black
278,1,Blue
278,2,Green
278,4,Red
278,6,Brown
278,7,Light_Gray
278,8,Dark_Gray
278,14,Yellow
278,15,White
278,19,Tan
278,29,Bright_Pink
278,70,Reddish_Brown
278,71,Light_Bluish_Gray
278,72,Dark_Bluish_Gray
278,226,Bright_Light_Yellow
278,323,Light_Aqua
278,378,Sand_Green
2780,0,Black
2780,7,Light_Gray
2781,0,Black
2782,0,Black
2790,0,Black
2790,7,Light_Gray
2791,0,Black
2791,7,Light_Gray
2792,0,Black
27925,0,Black
27925,1,Blue
27925,2,Green
27925,3,Dark_Turquoise
27925,4,Red
27925,5,Dark_Pink
27925,10,Bright_Green
27925,14,Yellow
27925,15,White
27925,19,Tan
27925,25,Orange
27925,26,Magenta
27925,27,Lime
27925,28,Dark_Tan
27925,29,Bright_Pink
27925,30,Medium_Lavender
27925,31,Lavender
27925,70,Reddish_Brown
27925,71,Light_Bluish_Gray
27925,72,Dark_Bluish_Gray
27925,85,Dark_Purple
27925,191,Bright_Light_Orange
27925,212,Bright_Light_Blue
27925,226,Bright_Light_Yellow
27925,272,Dark_Blue
27925,288,Dark_Green
27925,308,Dark_Brown
27925,320,Dark_Red
27925,321,Dark_Azure
27925,322,Medium_Azure
27925,323,Light_Aqua
27925,326,Yellowish_Green
27925,330,Olive_Green
27925,378,Sand_Green
27925,379,Sand_Blue
27925,484,Dark_Orange
27928,19,Tan
27928,70,Reddish_Brown
27928,71,Light_Bluish_Gray
27928,308,Dark_Brown
27938,72,Dark_Bluish_Gray
2793c01-f1,14,Yellow
2793c02,14,Yellow
27940,0,Black
27940,1,Blue
27940,2,Green
27940,4,Red
27940,15,White
27940,70,Reddish_Brown
27940,71,Light_Bluish_Gray
27940,72,Dark_Bluish_Gray
27965,0,Black
27965,14,Yellow
27965,25,Orange
27965,30,Medium_Lavender
27965,70,Reddish_Brown
27965,288,Dark_Green
27976,0,Black
27976,5,Dark_Pink
27976,14,Yellow
27976,15,White
27976,27,Lime
27976,85,Dark_Purple
27976,89,Blue_Violet
27976,191,Bright_Light_Orange
27976,288,Dark_Green
27976,322,Medium_Azure
27976,323,Light_Aqua
2797c01-f1,0,Black
2797c01-f1,14,Yellow
2797c02,0,Black
2797c02,14,Yellow
27a,4,Red
27a,15,White
27ac01,4,Red
27ac01,15,White
27bc01,4,Red
27bc01,14,Yellow
27bc01,15,White
27c,4,Red
27c,14,Yellow
27c,15,White
27cc01,4,Red
27cc01,14,Yellow
27cc01,15,White
28,0,Black
28,1,Blue
28,2,Green
28,3,Dark_Turquoise
28,4,Red
28,5,Dark_Pink
28,6,Brown
28,7,Light_Gray
28,8,Dark_Gray
28,10,Bright_Green
28,14,Yellow
28,15,White
28,19,Tan
28,25,Orange
28,26,Magenta
28,27,Lime
28,29,Bright_Pink
28,31,Lavender
28,70,Reddish_Brown
28,71,Light_Bluish_Gray
28,72,Dark_Bluish_Gray
28,73,Medium_Blue
28,85,Dark_Purple
28,212,Bright_Light_Blue
28,272,Dark_Blue
28,288,Dark_Green
28,308,Dark_Brown
28,320,Dark_Red
28,321,Dark_Azure
28,322,Medium_Azure
28,323,Light_Aqua
28,326,Yellowish_Green
28,351,Medium_Dark_Pink
28,378,Sand_Green
28,379,Sand_Blue
28,484,Dark_Orange
2807,0,Black
281,14,Yellow
2814,14,Yellow
2815,0,Black
2815,14,Yellow
2815,322,Medium_Azure
2817,0,Black
2817,1,Blue
2817,2,Green
2817,3,Dark_Turquoise
2817,4,Red
2817,6,Brown
2817,7,Light_Gray
2817,8,Dark_Gray
2817,14,Yellow
2817,15,White
2817,19,Tan
2817,25,Orange
2817,71,Light_Bluish_Gray
2817,72,Dark_Bluish_Gray
2817,320,Dark_Red
2817,322,Medium_Azure
2819,0,Black
2819,1,Blue
2819,2,Green
2819,4,Red
2819,6,Brown
2819,7,Light_Gray
2819,14,Yellow
2819,15,White
2819,19,Tan
2819,25,Orange
2819,71,Light_Bluish_Gray
2819,72,Dark_Bluish_Gray
2819,484,Dark_Orange
28192,0,Black
28192,1,Blue
28192,2,Green
28192,3,Dark_Turquoise
28192,4,Red
28192,10,Bright_Green
28192,14,Yellow
28192,15,White
28192,19,Tan
28192,25,Orange
28192,26,Magenta
28192,27,Lime
28192,28,Dark_Tan
28192,30,Medium_Lavender
28192,70,Reddish_Brown
28192,71,Light_Bluish_Gray
28192,72,Dark_Bluish_Gray
28192,73,Medium_Blue
28192,85,Dark_Purple
28192,191,Bright_Light_Orange
28192,212,Bright_Light_Blue
28192,272,Dark_Blue
28192,308,Dark_Brown
28192,320,Dark_Red
28192,321,Dark_Azure
28192,322,Medium_Azure
28192,379,Sand_Blue
2821,29,Bright_Pink
2821,71,Light_Bluish_Gray
2821,191,Bright_Light_Orange
28216,0,Black
28216,72,Dark_Bluish_Gray
28220,0,Black
28220,14,Yellow
28220,15,White
28220,25,Orange
28220,71,Light_Bluish_Gray
28220,272,Dark_Blue
2823,0,Black
2823,1,Blue
2823,4,Red
2823,14,Yellow
2823,15,White
2825,0,Black
2825,1,Blue
2825,2,Green
2825,3,Dark_Turquoise
2825,4,Red
2825,6,Brown
2825,7,Light_Gray
2825,8,Dark_Gray
2825,14,Yellow
2825,15,White
2825,19,Tan
2825,22,Purple
2825,25,Orange
2825,27,Lime
2825,71,Light_Bluish_Gray
2825,72,Dark_Bluish_Gray
28321,0,Black
28324,0,Black
28324,15,White
28326,0,Black
28326,4,Red
28326,10,Bright_Green
28326,14,Yellow
28326,15,White
28326,19,Tan
28326,25,Orange
28326,30,Medium_Lavender
28326,70,Reddish_Brown
28326,71,Light_Bluish_Gray
28326,72,Dark_Bluish_Gray
28326,226,Bright_Light_Yellow
28326,288,Dark_Green
28326,320,Dark_Red
28326,321,Dark_Azure
28326,322,Medium_Azure
28327,0,Black
28327,1,Blue
28327,3,Dark_Turquoise
28327,5,Dark_Pink
28327,15,White
28327,19,Tan
28327,27,Lime
28327,70,Reddish_Brown
28327,72,Dark_Bluish_Gray
28327,226,Bright_Light_Yellow
28327,323,Light_Aqua
28327,378,Sand_Green
2837a,7,Light_Gray
28387,5,Dark_Pink
28387,14,Yellow
28387,25,Orange
28387,85,Dark_Purple
28387,89,Blue_Violet
28387,272,Dark_Blue
28387,322,Medium_Azure
28387,323,Light_Aqua
2838c01,7,Light_Gray
2842c01,0,Black
2842c02,0,Black
28432,0,Black
28432,70,Reddish_Brown
28432,226,Bright_Light_Yellow
28432,320,Dark_Red
28466,14,Yellow
28466,15,White
28466,29,Bright_Pink
28466,31,Lavender
28466,85,Dark_Purple
28466,191,Bright_Light_Orange
28466,321,Dark_Azure
28466,322,Medium_Azure
2847c01,7,Light_Gray
2847c01,15,White
2847c02,0,Black
2847c02,14,Yellow
2850a,1,Blue
2850a,7,Light_Gray
2850a,71,Light_Bluish_Gray
2850a,72,Dark_Bluish_Gray
2850b,2,Green
2850b,7,Light_Gray
2850b,71,Light_Bluish_Gray
2850b,72,Dark_Bluish_Gray
2851,0,Black
2851,1,Blue
2851,3,Dark_Turquoise
2851,4,Red
2851,8,Dark_Gray
2851,14,Yellow
2851,15,White
2851,19,Tan
2851,25,Orange
2851,72,Dark_Bluish_Gray
2851,216,Rust
2852,0,Black
2852,1,Blue
2852,7,Light_Gray
2852,14,Yellow
2852,15,White
2852,25,Orange
2852,71,Light_Bluish_Gray
2853,0,Black
2853,1,Blue
2853,3,Dark_Turquoise
2853,4,Red
2853,7,Light_Gray
2853,14,Yellow
2853,15,White
2853,19,Tan
2853,25,Orange
2853,71,Light_Bluish_Gray
2853,216,Rust
28533,0,Black
28533,4,Red
28533,10,Bright_Green
28533,15,White
28533,29,Bright_Pink
28535,0,Black
28535,14,Yellow
28535,29,Bright_Pink
28535,72,Dark_Bluish_Gray
28535,85,Dark_Purple
28535,323,Light_Aqua
2853b,0,Black
2853b,1,Blue
2853b,3,Dark_Turquoise
2853b,4,Red
2853b,7,Light_Gray
2853b,14,Yellow
2853b,15,White
2853b,19,Tan
2853b,25,Orange
2853b,71,Light_Bluish_Gray
2853b,216,Rust
2854,0,Black
2854,1,Blue
2854,4,Red
2854,7,Light_Gray
2854,8,Dark_Gray
2854,14,Yellow
2854,15,White
2854,19,Tan
2854,25,Orange
2854,71,Light_Bluish_Gray
2854,72,Dark_Bluish_Gray
2855,0,Black
2855,7,Light_Gray
2855,71,Light_Bluish_Gray
28551,0,Black
28551,2,Green
28551,15,White
28551,71,Light_Bluish_Gray
28551,85,Dark_Purple
28551,191,Bright_Light_Orange
28551,272,Dark_Blue
28551,484,Dark_Orange
2856,0,Black
2856,7,Light_Gray
2857,0,Black
28588,0,Black
28588,2,Green
28588,4,Red
28588,15,White
28588,72,Dark_Bluish_Gray
28588,85,Dark_Purple
28588,288,Dark_Green
28598,28,Dark_Tan
28598,288,Dark_Green
28598,378,Sand_Green
285c01,0,Black
285c01,4,Red
28621,0,Black
28621,1,Blue
28621,3,Dark_Turquoise
28621,4,Red
28621,5,Dark_Pink
28621,10,Bright_Green
28621,14,Yellow
28621,15,White
28621,19,Tan
28621,25,Orange
28621,26,Magenta
28621,27,Lime
28621,28,Dark_Tan
28621,30,Medium_Lavender
28621,31,Lavender
28621,70,Reddish_Brown
28621,71,Light_Bluish_Gray
28621,72,Dark_Bluish_Gray
28621,85,Dark_Purple
28621,191,Bright_Light_Orange
28621,212,Bright_Light_Blue
28621,272,Dark_Blue
28621,320,Dark_Red
28621,321,Dark_Azure
28621,322,Medium_Azure
28621,323,Light_Aqua
28621,326,Yellowish_Green
28621,330,Olive_Green
28621,378,Sand_Green
28621,484,Dark_Orange
28631,15,White
2866,14,Yellow
28660,15,White
28660,29,Bright_Pink
28660,31,Lavender
28660,85,Dark_Purple
28660,323,Light_Aqua
28660,379,Sand_Blue
2868c01,0,Black
2871a,0,Black
2871a,7,Light_Gray
2871a,71,Light_Bluish_Gray
2871b,0,Black
2871b,71,Light_Bluish_Gray
2871b,308,Dark_Brown
2872,0,Black
2872,1,Blue
2872,2,Green
2872,4,Red
2872,6,Brown
2872,7,Light_Gray
2872,8,Dark_Gray
2872,14,Yellow
2872,15,White
2872,19,Tan
2872,25,Orange
2872,31,Lavender
2872,70,Reddish_Brown
2872,71,Light_Bluish_Gray
2872,72,Dark_Bluish_Gray
2872,272,Dark_Blue
2872,288,Dark_Green
2872,320,Dark_Red
2872,321,Dark_Azure
2872,323,Light_Aqua
2872,351,Medium_Dark_Pink
2873,0,Black
2873,1,Blue
2873,2,Green
2873,4,Red
2873,6,Brown
2873,7,Light_Gray
2873,8,Dark_Gray
2873,14,Yellow
2873,15,White
2873,19,Tan
2873,26,Magenta
2873,74,Medium_Green
2874,0,Black
2874,7,Light_Gray
2875,0,Black
2875,1,Blue
2875,2,Green
2875,4,Red
2875,6,Brown
2875,7,Light_Gray
2875,8,Dark_Gray
2875,14,Yellow
2875,15,White
2875,19,Tan
2876,0,Black
2876,1,Blue
2876,2,Green
2876,4,Red
2876,6,Brown
2876,7,Light_Gray
2876,8,Dark_Gray
2876,14,Yellow
2876,15,White
2876,19,Tan
2876,25,Orange
2876,71,Light_Bluish_Gray
2876,72,Dark_Bluish_Gray
2877,0,Black
2877,1,Blue
2877,2,Green
2877,4,Red
2877,6,Brown
2877,7,Light_Gray
2877,8,Dark_Gray
2877,10,Bright_Green
2877,14,Yellow
2877,15,White
2877,19,Tan
2877,25,Orange
2877,70,Reddish_Brown
2877,71,Light_Bluish_Gray
2877,72,Dark_Bluish_Gray
2877,272,Dark_Blue
2877,288,Dark_Green
2877,320,Dark_Red
2877,379,Sand_Blue
28779,0,Black
28779,85,Dark_Purple
2878,0,Black
2878,7,Light_Gray
2878,71,Light_Bluish_Gray
28782,15,White
2878c01,0,Black
2878c01,7,Light_Gray
2878c01,71,Light_Bluish_Gray
2878c02,0,Black
2879,0,Black
28802,0,Black
28802,1,Blue
28802,2,Green
28802,4,Red
28802,14,Yellow
28802,15,White
28802,19,Tan
28802,27,Lime
28802,70,Reddish_Brown
28802,71,Light_Bluish_Gray
28802,72,Dark_Bluish_Gray
28802,322,Medium_Azure
28802,323,Light_Aqua
2881,0,Black
28870,0,Black
28870,2,Green
28870,15,White
28870,30,Medium_Lavender
28870,71,Light_Bluish_Gray
28870,85,Dark_Purple
28870,272,Dark_Blue
28870,321,Dark_Azure
289,0,Black
289,2,Green
289,4,Red
289,10,Bright_Green
289,11,Light_Turquoise
289,14,Yellow
289,15,White
289,25,Orange
289,115,Medium_Lime
289,118,Aqua
289,462,Medium_Orange
2891,7,Light_Gray
2892,7,Light_Gray
28925c06,15,White
28974,0,Black
28974,2,Green
28974,3,Dark_Turquoise
28974,4,Red
28974,15,White
28974,70,Reddish_Brown
28974,71,Light_Bluish_Gray
28974,72,Dark_Bluish_Gray
28974,308,Dark_Brown
29,0,Black
29,4,Red
29,14,Yellow
29,15,White
2900,8,Dark_Gray
2901,0,Black
2902,0,Black
2903,0,Black
2903,4,Red
2903,14,Yellow
2903,15,White
2903,19,Tan
2903,25,Orange
2903,71,Light_Bluish_Gray
2903,72,Dark_Bluish_Gray
2903,320,Dark_Red
2904,0,Black
2904,1,Blue
2904,2,Green
2904,4,Red
2904,14,Yellow
2904,15,White
2904,19,Tan
2904,25,Orange
2905,0,Black
2905,1,Blue
2905,2,Green
2905,3,Dark_Turquoise
2905,4,Red
2905,7,Light_Gray
2905,8,Dark_Gray
2905,14,Yellow
2905,15,White
2905,19,Tan
2905,25,Orange
2905,27,Lime
2905,71,Light_Bluish_Gray
2905,72,Dark_Bluish_Gray
2905,320,Dark_Red
2905,484,Dark_Orange
2906,0,Black
2907,7,Light_Gray
2907,71,Light_Bluish_Gray
2908,7,Light_Gray
29085c01-bl,0,Black
29096,15,White
29096,71,Light_Bluish_Gray
291,0,Black
291,1,Blue
291,4,Red
291,8,Dark_Gray
291,14,Yellow
291,15,White
29109,10,Bright_Green
29110,0,Black
29110,4,Red
29110,14,Yellow
29110,26,Magenta
29110,31,Lavender
29110,85,Dark_Purple
29110,191,Bright_Light_Orange
29111,0,Black
29111,4,Red
29111,15,White
29111,226,Bright_Light_Yellow
29114,15,White
29115,0,Black
29115,15,White
29115,70,Reddish_Brown
29115,71,Light_Bluish_Gray
29115,72,Dark_Bluish_Gray
29117a,0,Black
29117b,0,Black
29119,0,Black
29119,1,Blue
29119,2,Green
29119,3,Dark_Turquoise
29119,4,Red
29119,5,Dark_Pink
29119,10,Bright_Green
29119,14,Yellow
29119,15,White
29119,19,Tan
29119,25,Orange
29119,26,Magenta
29119,27,Lime
29119,28,Dark_Tan
29119,29,Bright_Pink
29119,30,Medium_Lavender
29119,70,Reddish_Brown
29119,71,Light_Bluish_Gray
29119,72,Dark_Bluish_Gray
29119,85,Dark_Purple
29119,89,Blue_Violet
29119,191,Bright_Light_Orange
29119,212,Bright_Light_Blue
29119,226,Bright_Light_Yellow
29119,272,Dark_Blue
29119,288,Dark_Green
29119,308,Dark_Brown
29119,320,Dark_Red
29119,321,Dark_Azure
29119,322,Medium_Azure
29119,326,Yellowish_Green
29119,330,Olive_Green
29119,378,Sand_Green
29119,379,Sand_Blue
29119,484,Dark_Orange
29120,0,Black
29120,1,Blue
29120,2,Green
29120,3,Dark_Turquoise
29120,4,Red
29120,5,Dark_Pink
29120,10,Bright_Green
29120,14,Yellow
29120,15,White
29120,19,Tan
29120,25,Orange
29120,26,Magenta
29120,27,Lime
29120,28,Dark_Tan
29120,29,Bright_Pink
29120,30,Medium_Lavender
29120,70,Reddish_Brown
29120,71,Light_Bluish_Gray
29120,72,Dark_Bluish_Gray
29120,85,Dark_Purple
29120,89,Blue_Violet
29120,191,Bright_Light_Orange
29120,212,Bright_Light_Blue
29120,226,Bright_Light_Yellow
29120,272,Dark_Blue
29120,288,Dark_Green
29120,308,Dark_Brown
29120,320,Dark_Red
29120,321,Dark_Azure
29120,322,Medium_Azure
29120,326,Yellowish_Green
29120,330,Olive_Green
29120,378,Sand_Green
29120,379,Sand_Blue
29120,484,Dark_Orange
2916,0,Black
2916,7,Light_Gray
2916,14,Yellow
2917,0,Black
2917,7,Light_Gray
2917,15,White
292,0,Black
292,7,Light_Gray
292,71,Light_Bluish_Gray
2920,0,Black
2921,0,Black
2921,1,Blue
2921,2,Green
2921,4,Red
2921,6,Brown
2921,7,Light_Gray
2921,8,Dark_Gray
2921,14,Yellow
2921,15,White
2921,19,Tan
2921,25,Orange
2921,31,Lavender
2921,70,Reddish_Brown
2921,71,Light_Bluish_Gray
2921,72,Dark_Bluish_Gray
2921,272,Dark_Blue
2921,288,Dark_Green
2921,320,Dark_Red
2921,321,Dark_Azure
2921,323,Light_Aqua
2921,351,Medium_Dark_Pink
292126,0,Black
292126,1,Blue
292126,2,Green
292126,4,Red
292126,6,Brown
292126,7,Light_Gray
292126,8,Dark_Gray
292126,14,Yellow
292126,15,White
292126,19,Tan
292126,25,Orange
292126,31,Lavender
292126,70,Reddish_Brown
292126,71,Light_Bluish_Gray
292126,72,Dark_Bluish_Gray
292126,272,Dark_Blue
292126,288,Dark_Green
292126,320,Dark_Red
292126,321,Dark_Azure
292126,323,Light_Aqua
292126,351,Medium_Dark_Pink
2923,0,Black
2923,1,Blue
2923,2,Green
2923,4,Red
2923,6,Brown
2923,7,Light_Gray
2923,8,Dark_Gray
2923,14,Yellow
2923,15,White
2923,19,Tan
2924a,4,Red
2924b,2,Green
2924b,4,Red
2926,0,Black
2926,4,Red
2926,7,Light_Gray
2926,13,Pink
2926,71,Light_Bluish_Gray
2926,100,Light_Salmon
2927,0,Black
2928,0,Black
2928,2,Green
2928,4,Red
2928,8,Dark_Gray
293,1,Blue
293,2,Green
293,6,Brown
293,7,Light_Gray
293,10,Bright_Green
293,14,Yellow
293,15,White
293,17,Light_Green
293,19,Tan
293,25,Orange
293,71,Light_Bluish_Gray
293,72,Dark_Bluish_Gray
293,74,Medium_Green
293,212,Bright_Light_Blue
2937,0,Black
2937,1,Blue
2937,4,Red
2937,14,Yellow
2937,15,White
2937,25,Orange
2937,71,Light_Bluish_Gray
2937,72,Dark_Bluish_Gray
294,0,Black
294,1,Blue
294,4,Red
294,7,Light_Gray
294,14,Yellow
294,15,White
294,71,Light_Bluish_Gray
295,0,Black
295,1,Blue
295,15,White
2950,0,Black
2950,1,Blue
2950,4,Red
2950,14,Yellow
2950,15,White
2951,0,Black
2951,14,Yellow
2951,15,White
2952,0,Black
2952,1,Blue
2952,4,Red
2952,6,Brown
2952,7,Light_Gray
2952,14,Yellow
2952,15,White
2952,19,Tan
2952,25,Orange
2952,71,Light_Bluish_Gray
2952,72,Dark_Bluish_Gray
2958,0,Black
2958,3,Dark_Turquoise
2958,4,Red
2958,7,Light_Gray
2958,14,Yellow
2958,15,White
2958,70,Reddish_Brown
2958,71,Light_Bluish_Gray
2958,72,Dark_Bluish_Gray
2958,73,Medium_Blue
2958,321,Dark_Azure
2958,484,Dark_Orange
29592,0,Black
296,0,Black
296,1,Blue
296,2,Green
296,4,Red
296,5,Dark_Pink
296,6,Brown
296,7,Light_Gray
296,8,Dark_Gray
296,13,Pink
296,14,Yellow
296,15,White
296,18,Light_Yellow
296,19,Tan
296,25,Orange
296,27,Lime
296,28,Dark_Tan
296,29,Bright_Pink
296,70,Reddish_Brown
296,71,Light_Bluish_Gray
296,72,Dark_Bluish_Gray
296,89,Blue_Violet
296,191,Bright_Light_Orange
296,320,Dark_Red
296,323,Light_Aqua
296,351,Medium_Dark_Pink
296,378,Sand_Green
296,379,Sand_Blue
29601,71,Light_Bluish_Gray
29633,226,Bright_Light_Yellow
29634,0,Black
29634,5,Dark_Pink
29634,484,Dark_Orange
29635,272,Dark_Blue
29636,71,Light_Bluish_Gray
297,0,Black
297,1,Blue
297,2,Green
297,4,Red
297,6,Brown
297,7,Light_Gray
297,8,Dark_Gray
297,14,Yellow
297,15,White
297,19,Tan
297,71,Light_Bluish_Gray
2972,0,Black
2972,7,Light_Gray
2972,14,Yellow
2972,15,White
2972,25,Orange
2972,72,Dark_Bluish_Gray
298,0,Black
298,1,Blue
298,4,Red
298,6,Brown
298,7,Light_Gray
298,14,Yellow
298,15,White
298,19,Tan
298,71,Light_Bluish_Gray
298,378,Sand_Green
2980c01,14,Yellow
2982c02,1,Blue
2983,7,Light_Gray
2983,71,Light_Bluish_Gray
2984,4,Red
2985,4,Red
2986,4,Red
2986ac01,7,Light_Gray
2986ac01,71,Light_Bluish_Gray
2989,0,Black
2989,72,Dark_Bluish_Gray
298c01,0,Black
298c01,1,Blue
298c01,14,Yellow
2991,0,Black
2991,72,Dark_Bluish_Gray
2994,0,Black
2994,1,Blue
2994,2,Green
2994,4,Red
2994,6,Brown
2994,7,Light_Gray
2994,8,Dark_Gray
2994,14,Yellow
2994,15,White
2994,19,Tan
2994,25,Orange
2994,71,Light_Bluish_Gray
2995,0,Black
2995,7,Light_Gray
2996,7,Light_Gray
2996,14,Yellow
2996,15,White
2996,71,Light_Bluish_Gray
2997,0,Black
2998,15,White
2999,7,Light_Gray
29ac01,4,Red
29ac01,15,White
29b,4,Red
29bc01,4,Red
29bc01,15,White
29c,0,Black
29c,4,Red
29c,14,Yellow
29c,15,White
29c01,4,Red
29c01,14,Yellow
29c01,15,White
29cc01,4,Red
29cc01,14,Yellow
29cc01,15,White
3,1,Blue
3,4,Red
3,14,Yellow
3,15,White
300,0,Black
300,4,Red
300,7,Light_Gray
300,14,Yellow
300,70,Reddish_Brown
300,71,Light_Bluish_Gray
30000,1,Blue
30000,2,Green
30000,7,Light_Gray
30000,8,Dark_Gray
30000,14,Yellow
30000,15,White
30000,19,Tan
30000,70,Reddish_Brown
30000,71,Light_Bluish_Gray
30000,72,Dark_Bluish_Gray
30000,89,Blue_Violet
30000,272,Dark_Blue
30002,0,Black
30002,1,Blue
30002,2,Green
30002,4,Red
30002,6,Brown
30002,7,Light_Gray
30002,8,Dark_Gray
30002,14,Yellow
30002,15,White
30002,19,Tan
30002,27,Lime
30002,71,Light_Bluish_Gray
30002,351,Medium_Dark_Pink
30002,484,Dark_Orange
30008,0,Black
30008,1,Blue
30008,2,Green
30008,3,Dark_Turquoise
30008,4,Red
30008,5,Dark_Pink
30008,6,Brown
30008,7,Light_Gray
30008,8,Dark_Gray
30008,10,Bright_Green
30008,13,Pink
30008,14,Yellow
30008,15,White
30008,18,Light_Yellow
30008,19,Tan
30008,22,Purple
30008,25,Orange
30008,26,Magenta
30008,27,Lime
30008,28,Dark_Tan
30008,29,Bright_Pink
30008,30,Medium_Lavender
30008,31,Lavender
30008,68,Very_Light_Orange
30008,70,Reddish_Brown
30008,71,Light_Bluish_Gray
30008,72,Dark_Bluish_Gray
30008,73,Medium_Blue
30008,77,Light_Pink
30008,85,Dark_Purple
30008,89,Blue_Violet
30008,125,Light_Orange
30008,151,Very_Light_Bluish_Gray
30008,191,Bright_Light_Orange
30008,212,Bright_Light_Blue
30008,226,Bright_Light_Yellow
30008,272,Dark_Blue
30008,288,Dark_Green
30008,308,Dark_Brown
30008,313,Maersk_Blue
30008,320,Dark_Red
30008,321,Dark_Azure
30008,322,Medium_Azure
30008,323,Light_Aqua
30008,326,Yellowish_Green
30008,330,Olive_Green
30008,351,Medium_Dark_Pink
30008,378,Sand_Green
30008,379,Sand_Blue
30008,462,Medium_Orange
30008,484,Dark_Orange
30008,503,Very_Light_Gray
3001,0,Black
3001,1,Blue
3001,2,Green
3001,3,Dark_Turquoise
3001,4,Red
3001,5,Dark_Pink
3001,6,Brown
3001,7,Light_Gray
3001,8,Dark_Gray
3001,10,Bright_Green
3001,12,Salmon
3001,13,Pink
3001,14,Yellow
3001,15,White
3001,18,Light_Yellow
3001,19,Tan
3001,22,Purple
3001,25,Orange
3001,26,Magenta
3001,27,Lime
3001,28,Dark_Tan
3001,29,Bright_Pink
3001,30,Medium_Lavender
3001,31,Lavender
3001,68,Very_Light_Orange
3001,69,Light_Purple
3001,70,Reddish_Brown
3001,71,Light_Bluish_Gray
3001,72,Dark_Bluish_Gray
3001,73,Medium_Blue
3001,85,Dark_Purple
3001,89,Blue_Violet
3001,112,Medium_Violet
3001,125,Light_Orange
3001,191,Bright_Light_Orange
3001,212,Bright_Light_Blue
3001,226,Bright_Light_Yellow
3001,272,Dark_Blue
3001,288,Dark_Green
3001,308,Dark_Brown
3001,313,Maersk_Blue
3001,320,Dark_Red
3001,321,Dark_Azure
3001,322,Medium_Azure
3001,323,Light_Aqua
3001,326,Yellowish_Green
3001,330,Olive_Green
3001,335,Sand_Red
3001,351,Medium_Dark_Pink
3001,378,Sand_Green
3001,379,Sand_Blue
3001,462,Medium_Orange
3001,484,Dark_Orange
30014,0,Black
30014,8,Dark_Gray
30016,15,White
30016,26,Magenta
30016,29,Bright_Pink
30016,351,Medium_Dark_Pink
30016,462,Medium_Orange
30018,15,White
3001b,4,Red
3002,0,Black
3002,1,Blue
3002,2,Green
3002,4,Red
3002,5,Dark_Pink
3002,6,Brown
3002,7,Light_Gray
3002,8,Dark_Gray
3002,10,Bright_Green
3002,13,Pink
3002,14,Yellow
3002,15,White
3002,18,Light_Yellow
3002,19,Tan
3002,22,Purple
3002,25,Orange
3002,26,Magenta
3002,27,Lime
3002,28,Dark_Tan
3002,29,Bright_Pink
3002,30,Medium_Lavender
3002,31,Lavender
3002,68,Very_Light_Orange
3002,70,Reddish_Brown
3002,71,Light_Bluish_Gray
3002,72,Dark_Bluish_Gray
3002,73,Medium_Blue
3002,85,Dark_Purple
3002,125,Light_Orange
3002,151,Very_Light_Bluish_Gray
3002,191,Bright_Light_Orange
3002,212,Bright_Light_Blue
3002,272,Dark_Blue
3002,288,Dark_Green
3002,308,Dark_Brown
3002,320,Dark_Red
3002,321,Dark_Azure
3002,322,Medium_Azure
3002,326,Yellowish_Green
3002,330,Olive_Green
3002,351,Medium_Dark_Pink
3002,378,Sand_Green
3002,379,Sand_Blue
3002,462,Medium_Orange
3002,484,Dark_Orange
30022,0,Black
30022,3,Dark_Turquoise
30022,7,Light_Gray
30022,14,Yellow
30022,15,White
30022,25,Orange
30022,71,Light_Bluish_Gray
30027,7,Light_Gray
30027,14,Yellow
30027,15,White
30027a,7,Light_Gray
30027a,14,Yellow
30027a,15,White
30027b,0,Black
30027b,2,Green
30027b,4,Red
30027b,7,Light_Gray
30027b,14,Yellow
30027b,15,White
30027b,19,Tan
30027b,25,Orange
30027b,27,Lime
30027b,70,Reddish_Brown
30027b,71,Light_Bluish_Gray
30027b,73,Medium_Blue
30028,0,Black
30029,0,Black
30029,1,Blue
30029,4,Red
30029,7,Light_Gray
30029,14,Yellow
30029,15,White
30029,71,Light_Bluish_Gray
30029,72,Dark_Bluish_Gray
30029,191,Bright_Light_Orange
3003,0,Black
3003,1,Blue
3003,2,Green
3003,3,Dark_Turquoise
3003,4,Red
3003,5,Dark_Pink
3003,6,Brown
3003,7,Light_Gray
3003,8,Dark_Gray
3003,10,Bright_Green
3003,13,Pink
3003,14,Yellow
3003,15,White
3003,18,Light_Yellow
3003,19,Tan
3003,20,Light_Violet
3003,22,Purple
3003,25,Orange
3003,26,Magenta
3003,27,Lime
3003,28,Dark_Tan
3003,29,Bright_Pink
3003,30,Medium_Lavender
3003,31,Lavender
3003,68,Very_Light_Orange
3003,69,Light_Purple
3003,70,Reddish_Brown
3003,71,Light_Bluish_Gray
3003,72,Dark_Bluish_Gray
3003,73,Medium_Blue
3003,85,Dark_Purple
3003,125,Light_Orange
3003,191,Bright_Light_Orange
3003,212,Bright_Light_Blue
3003,226,Bright_Light_Yellow
3003,272,Dark_Blue
3003,288,Dark_Green
3003,308,Dark_Brown
3003,313,Maersk_Blue
3003,320,Dark_Red
3003,321,Dark_Azure
3003,322,Medium_Azure
3003,323,Light_Aqua
3003,326,Yellowish_Green
3003,335,Sand_Red
3003,351,Medium_Dark_Pink
3003,378,Sand_Green
3003,379,Sand_Blue
3003,462,Medium_Orange
3003,484,Dark_Orange
300301,0,Black
300301,1,Blue
300301,2,Green
300301,3,Dark_Turquoise
300301,4,Red
300301,5,Dark_Pink
300301,6,Brown
300301,7,Light_Gray
300301,8,Dark_Gray
300301,10,Bright_Green
300301,13,Pink
300301,14,Yellow
300301,15,White
300301,18,Light_Yellow
300301,19,Tan
300301,20,Light_Violet
300301,22,Purple
300301,25,Orange
300301,26,Magenta
300301,27,Lime
300301,28,Dark_Tan
300301,29,Bright_Pink
300301,30,Medium_Lavender
300301,31,Lavender
300301,68,Very_Light_Orange
300301,69,Light_Purple
300301,70,Reddish_Brown
300301,71,Light_Bluish_Gray
300301,72,Dark_Bluish_Gray
300301,73,Medium_Blue
300301,85,Dark_Purple
300301,125,Light_Orange
300301,191,Bright_Light_Orange
300301,212,Bright_Light_Blue
300301,226,Bright_Light_Yellow
300301,272,Dark_Blue
300301,288,Dark_Green
300301,308,Dark_Brown
300301,313,Maersk_Blue
300301,320,Dark_Red
300301,321,Dark_Azure
300301,322,Medium_Azure
300301,323,Light_Aqua
300301,326,Yellowish_Green
300301,335,Sand_Red
300301,351,Medium_Dark_Pink
300301,378,Sand_Green
300301,379,Sand_Blue
300301,462,Medium_Orange
300301,484,Dark_Orange
30031,0,Black
30031,4,Red
30031,8,Dark_Gray
30031,14,Yellow
30031,70,Reddish_Brown
30031,71,Light_Bluish_Gray
30031,72,Dark_Bluish_Gray
3003126,0,Black
3003126,4,Red
3003126,8,Dark_Gray
3003126,14,Yellow
3003126,70,Reddish_Brown
3003126,71,Light_Bluish_Gray
3003126,72,Dark_Bluish_Gray
30032,6,Brown
300321,0,Black
300321,1,Blue
300321,2,Green
300321,3,Dark_Turquoise
300321,4,Red
300321,5,Dark_Pink
300321,6,Brown
300321,7,Light_Gray
300321,8,Dark_Gray
300321,10,Bright_Green
300321,13,Pink
300321,14,Yellow
300321,15,White
300321,18,Light_Yellow
300321,19,Tan
300321,20,Light_Violet
300321,22,Purple
300321,25,Orange
300321,26,Magenta
300321,27,Lime
300321,28,Dark_Tan
300321,29,Bright_Pink
300321,30,Medium_Lavender
300321,31,Lavender
300321,68,Very_Light_Orange
300321,69,Light_Purple
300321,70,Reddish_Brown
300321,71,Light_Bluish_Gray
300321,72,Dark_Bluish_Gray
300321,73,Medium_Blue
300321,85,Dark_Purple
300321,125,Light_Orange
300321,191,Bright_Light_Orange
300321,212,Bright_Light_Blue
300321,226,Bright_Light_Yellow
300321,272,Dark_Blue
300321,288,Dark_Green
300321,308,Dark_Brown
300321,313,Maersk_Blue
300321,320,Dark_Red
300321,321,Dark_Azure
300321,322,Medium_Azure
300321,323,Light_Aqua
300321,326,Yellowish_Green
300321,335,Sand_Red
300321,351,Medium_Dark_Pink
300321,378,Sand_Green
300321,379,Sand_Blue
300321,462,Medium_Orange
300321,484,Dark_Orange
30033,0,Black
30033,4,Red
30033,8,Dark_Gray
30033,15,White
30033,26,Magenta
30033,27,Lime
30033,70,Reddish_Brown
30033,71,Light_Bluish_Gray
30033,72,Dark_Bluish_Gray
30034,0,Black
30034,15,White
30035,0,Black
30035,1,Blue
30035,15,White
30036,0,Black
30036,2,Green
30036,15,White
30036,70,Reddish_Brown
30036,71,Light_Bluish_Gray
30036,72,Dark_Bluish_Gray
30037,7,Light_Gray
30037,8,Dark_Gray
30037,15,White
30038,0,Black
30038,4,Red
30038,8,Dark_Gray
30038,14,Yellow
30038,15,White
30038,19,Tan
30039,0,Black
30039,1,Blue
30039,4,Red
30039,7,Light_Gray
30039,14,Yellow
30039,15,White
3004,0,Black
3004,1,Blue
3004,2,Green
3004,3,Dark_Turquoise
3004,4,Red
3004,5,Dark_Pink
3004,6,Brown
3004,7,Light_Gray
3004,8,Dark_Gray
3004,10,Bright_Green
3004,13,Pink
3004,14,Yellow
3004,15,White
3004,18,Light_Yellow
3004,19,Tan
3004,22,Purple
3004,25,Orange
3004,26,Magenta
3004,27,Lime
3004,28,Dark_Tan
3004,29,Bright_Pink
3004,30,Medium_Lavender
3004,31,Lavender
3004,68,Very_Light_Orange
3004,69,Light_Purple
3004,70,Reddish_Brown
3004,71,Light_Bluish_Gray
3004,72,Dark_Bluish_Gray
3004,73,Medium_Blue
3004,74,Medium_Green
3004,85,Dark_Purple
3004,89,Blue_Violet
3004,118,Aqua
3004,125,Light_Orange
3004,151,Very_Light_Bluish_Gray
3004,191,Bright_Light_Orange
3004,212,Bright_Light_Blue
3004,226,Bright_Light_Yellow
3004,272,Dark_Blue
3004,288,Dark_Green
3004,308,Dark_Brown
3004,313,Maersk_Blue
3004,320,Dark_Red
3004,321,Dark_Azure
3004,322,Medium_Azure
3004,323,Light_Aqua
3004,326,Yellowish_Green
3004,330,Olive_Green
3004,335,Sand_Red
3004,351,Medium_Dark_Pink
3004,378,Sand_Green
3004,379,Sand_Blue
3004,462,Medium_Orange
3004,484,Dark_Orange
300401,0,Black
300401,1,Blue
300401,2,Green
300401,3,Dark_Turquoise
300401,4,Red
300401,5,Dark_Pink
300401,6,Brown
300401,7,Light_Gray
300401,8,Dark_Gray
300401,10,Bright_Green
300401,13,Pink
300401,14,Yellow
300401,15,White
300401,18,Light_Yellow
300401,19,Tan
300401,22,Purple
300401,25,Orange
300401,26,Magenta
300401,27,Lime
300401,28,Dark_Tan
300401,29,Bright_Pink
300401,30,Medium_Lavender
300401,31,Lavender
300401,68,Very_Light_Orange
300401,69,Light_Purple
300401,70,Reddish_Brown
300401,71,Light_Bluish_Gray
300401,72,Dark_Bluish_Gray
300401,73,Medium_Blue
300401,74,Medium_Green
300401,85,Dark_Purple
300401,89,Blue_Violet
300401,118,Aqua
300401,125,Light_Orange
300401,151,Very_Light_Bluish_Gray
300401,191,Bright_Light_Orange
300401,212,Bright_Light_Blue
300401,226,Bright_Light_Yellow
300401,272,Dark_Blue
300401,288,Dark_Green
300401,308,Dark_Brown
300401,313,Maersk_Blue
300401,320,Dark_Red
300401,321,Dark_Azure
300401,322,Medium_Azure
300401,323,Light_Aqua
300401,326,Yellowish_Green
300401,330,Olive_Green
300401,335,Sand_Red
300401,351,Medium_Dark_Pink
300401,378,Sand_Green
300401,379,Sand_Blue
300401,462,Medium_Orange
300401,484,Dark_Orange
30041,0,Black
30041,4,Red
30041,7,Light_Gray
30041,8,Dark_Gray
30041,14,Yellow
30041,15,White
30041,19,Tan
30041,28,Dark_Tan
30041,72,Dark_Bluish_Gray
30042,0,Black
30042,1,Blue
30042,2,Green
30042,4,Red
30042,7,Light_Gray
30042,8,Dark_Gray
30042,15,White
30042,19,Tan
30042,27,Lime
30042,28,Dark_Tan
30042,70,Reddish_Brown
30042,71,Light_Bluish_Gray
30042,72,Dark_Bluish_Gray
300421,0,Black
300421,1,Blue
300421,2,Green
300421,3,Dark_Turquoise
300421,4,Red
300421,5,Dark_Pink
300421,6,Brown
300421,7,Light_Gray
300421,8,Dark_Gray
300421,10,Bright_Green
300421,13,Pink
300421,14,Yellow
300421,15,White
300421,18,Light_Yellow
300421,19,Tan
300421,22,Purple
300421,25,Orange
300421,26,Magenta
300421,27,Lime
300421,28,Dark_Tan
300421,29,Bright_Pink
300421,30,Medium_Lavender
300421,31,Lavender
300421,68,Very_Light_Orange
300421,69,Light_Purple
300421,70,Reddish_Brown
300421,71,Light_Bluish_Gray
300421,72,Dark_Bluish_Gray
300421,73,Medium_Blue
300421,74,Medium_Green
300421,85,Dark_Purple
300421,89,Blue_Violet
300421,118,Aqua
300421,125,Light_Orange
300421,151,Very_Light_Bluish_Gray
300421,191,Bright_Light_Orange
300421,212,Bright_Light_Blue
300421,226,Bright_Light_Yellow
300421,272,Dark_Blue
300421,288,Dark_Green
300421,308,Dark_Brown
300421,313,Maersk_Blue
300421,320,Dark_Red
300421,321,Dark_Azure
300421,322,Medium_Azure
300421,323,Light_Aqua
300421,326,Yellowish_Green
300421,330,Olive_Green
300421,335,Sand_Red
300421,351,Medium_Dark_Pink
300421,378,Sand_Green
300421,379,Sand_Blue
300421,462,Medium_Orange
300421,484,Dark_Orange
30043,0,Black
30043,4,Red
30043,6,Brown
30043,14,Yellow
30043,70,Reddish_Brown
30043,71,Light_Bluish_Gray
30044,0,Black
30044,1,Blue
30044,2,Green
30044,4,Red
30044,5,Dark_Pink
30044,6,Brown
30044,7,Light_Gray
30044,10,Bright_Green
30044,14,Yellow
30044,15,White
30044,19,Tan
30044,29,Bright_Pink
30044,70,Reddish_Brown
30044,71,Light_Bluish_Gray
30044,72,Dark_Bluish_Gray
30044,212,Bright_Light_Blue
30044,272,Dark_Blue
30044,288,Dark_Green
30044,320,Dark_Red
30044,378,Sand_Green
30044,379,Sand_Blue
30044,484,Dark_Orange
30045,0,Black
30045,8,Dark_Gray
30045,72,Dark_Bluish_Gray
30045,320,Dark_Red
30046,0,Black
30046,4,Red
30046,14,Yellow
30046,15,White
30046,72,Dark_Bluish_Gray
30047,0,Black
30048,0,Black
30048,19,Tan
30048,70,Reddish_Brown
30048,71,Light_Bluish_Gray
3005,0,Black
3005,1,Blue
3005,2,Green
3005,3,Dark_Turquoise
3005,4,Red
3005,5,Dark_Pink
3005,6,Brown
3005,7,Light_Gray
3005,8,Dark_Gray
3005,10,Bright_Green
3005,13,Pink
3005,14,Yellow
3005,15,White
3005,18,Light_Yellow
3005,19,Tan
3005,22,Purple
3005,25,Orange
3005,26,Magenta
3005,27,Lime
3005,28,Dark_Tan
3005,29,Bright_Pink
3005,30,Medium_Lavender
3005,31,Lavender
3005,68,Very_Light_Orange
3005,70,Reddish_Brown
3005,71,Light_Bluish_Gray
3005,72,Dark_Bluish_Gray
3005,73,Medium_Blue
3005,74,Medium_Green
3005,85,Dark_Purple
3005,118,Aqua
3005,125,Light_Orange
3005,151,Very_Light_Bluish_Gray
3005,191,Bright_Light_Orange
3005,212,Bright_Light_Blue
3005,226,Bright_Light_Yellow
3005,272,Dark_Blue
3005,288,Dark_Green
3005,308,Dark_Brown
3005,313,Maersk_Blue
3005,320,Dark_Red
3005,321,Dark_Azure
3005,322,Medium_Azure
3005,323,Light_Aqua
3005,326,Yellowish_Green
3005,330,Olive_Green
3005,351,Medium_Dark_Pink
3005,378,Sand_Green
3005,379,Sand_Blue
3005,462,Medium_Orange
3005,484,Dark_Orange
300521,0,Black
300521,1,Blue
300521,2,Green
300521,3,Dark_Turquoise
300521,4,Red
300521,5,Dark_Pink
300521,6,Brown
300521,7,Light_Gray
300521,8,Dark_Gray
300521,10,Bright_Green
300521,13,Pink
300521,14,Yellow
300521,15,White
300521,18,Light_Yellow
300521,19,Tan
300521,22,Purple
300521,25,Orange
300521,26,Magenta
300521,27,Lime
300521,28,Dark_Tan
300521,29,Bright_Pink
300521,30,Medium_Lavender
300521,31,Lavender
300521,68,Very_Light_Orange
300521,70,Reddish_Brown
300521,71,Light_Bluish_Gray
300521,72,Dark_Bluish_Gray
300521,73,Medium_Blue
300521,74,Medium_Green
300521,85,Dark_Purple
300521,118,Aqua
300521,125,Light_Orange
300521,151,Very_Light_Bluish_Gray
300521,191,Bright_Light_Orange
300521,212,Bright_Light_Blue
300521,226,Bright_Light_Yellow
300521,272,Dark_Blue
300521,288,Dark_Green
300521,308,Dark_Brown
300521,313,Maersk_Blue
300521,320,Dark_Red
300521,321,Dark_Azure
300521,322,Medium_Azure
300521,323,Light_Aqua
300521,326,Yellowish_Green
300521,330,Olive_Green
300521,351,Medium_Dark_Pink
300521,378,Sand_Green
300521,379,Sand_Blue
300521,462,Medium_Orange
300521,484,Dark_Orange
30055,0,Black
30055,1,Blue
30055,2,Green
30055,4,Red
30055,6,Brown
30055,7,Light_Gray
30055,8,Dark_Gray
30055,13,Pink
30055,14,Yellow
30055,15,White
30055,19,Tan
30055,70,Reddish_Brown
30055,71,Light_Bluish_Gray
30055,72,Dark_Bluish_Gray
30055,379,Sand_Blue
30055,484,Dark_Orange
30056,0,Black
30056,1,Blue
30056,2,Green
30056,4,Red
30056,5,Dark_Pink
30056,14,Yellow
30056,15,White
30056,18,Light_Yellow
30056,19,Tan
30056,26,Magenta
30056,70,Reddish_Brown
30056,73,Medium_Blue
30056,484,Dark_Orange
30058,0,Black
30058,1,Blue
30058,2,Green
30058,7,Light_Gray
30058,19,Tan
30059,0,Black
30059,1,Blue
30059,2,Green
30059,4,Red
30059,6,Brown
30059,7,Light_Gray
30059,8,Dark_Gray
30059,14,Yellow
30059,15,White
30059,19,Tan
30059,71,Light_Bluish_Gray
30059,72,Dark_Bluish_Gray
30059,378,Sand_Green
30059,484,Dark_Orange
3006,0,Black
3006,1,Blue
3006,2,Green
3006,4,Red
3006,6,Brown
3006,7,Light_Gray
3006,8,Dark_Gray
3006,10,Bright_Green
3006,14,Yellow
3006,15,White
3006,19,Tan
3006,25,Orange
3006,27,Lime
3006,70,Reddish_Brown
3006,71,Light_Bluish_Gray
3006,72,Dark_Bluish_Gray
3006,125,Light_Orange
3006,151,Very_Light_Bluish_Gray
3006,320,Dark_Red
3006,378,Sand_Green
3006,379,Sand_Blue
3006,484,Dark_Orange
30061,0,Black
30061,1,Blue
30061,4,Red
30061,14,Yellow
30061,15,White
30061,19,Tan
30061,226,Bright_Light_Yellow
30061,272,Dark_Blue
30062,0,Black
30062,14,Yellow
30063,0,Black
30063,1,Blue
30063,2,Green
30063,4,Red
30063,5,Dark_Pink
30063,6,Brown
30063,7,Light_Gray
30063,8,Dark_Gray
30063,13,Pink
30063,14,Yellow
30063,15,White
30063,18,Light_Yellow
30063,19,Tan
30063,25,Orange
30063,27,Lime
30063,28,Dark_Tan
30063,29,Bright_Pink
30063,70,Reddish_Brown
30063,71,Light_Bluish_Gray
30063,72,Dark_Bluish_Gray
30063,89,Blue_Violet
30063,191,Bright_Light_Orange
30063,320,Dark_Red
30063,323,Light_Aqua
30063,351,Medium_Dark_Pink
30063,378,Sand_Green
30063,379,Sand_Blue
30065,0,Black
30065,1,Blue
30065,2,Green
30065,4,Red
30065,6,Brown
30065,7,Light_Gray
30065,8,Dark_Gray
30065,11,Light_Turquoise
30065,13,Pink
30065,14,Yellow
30065,15,White
30065,19,Tan
30065,25,Orange
30065,26,Magenta
30065,27,Lime
30065,28,Dark_Tan
30065,31,Lavender
30065,70,Reddish_Brown
30065,71,Light_Bluish_Gray
30065,72,Dark_Bluish_Gray
30065,77,Light_Pink
30065,85,Dark_Purple
30065,191,Bright_Light_Orange
30065,272,Dark_Blue
30065,288,Dark_Green
30065,320,Dark_Red
30065,322,Medium_Azure
30065,351,Medium_Dark_Pink
30065,378,Sand_Green
30065,379,Sand_Blue
30068,0,Black
30068,1,Blue
30068,2,Green
30068,3,Dark_Turquoise
30068,4,Red
30068,5,Dark_Pink
30068,6,Brown
30068,7,Light_Gray
30068,8,Dark_Gray
30068,10,Bright_Green
30068,14,Yellow
30068,15,White
30068,19,Tan
30068,25,Orange
30068,26,Magenta
30068,27,Lime
30068,29,Bright_Pink
30068,31,Lavender
30068,70,Reddish_Brown
30068,71,Light_Bluish_Gray
30068,72,Dark_Bluish_Gray
30068,73,Medium_Blue
30068,85,Dark_Purple
30068,212,Bright_Light_Blue
30068,272,Dark_Blue
30068,288,Dark_Green
30068,308,Dark_Brown
30068,320,Dark_Red
30068,321,Dark_Azure
30068,322,Medium_Azure
30068,323,Light_Aqua
30068,326,Yellowish_Green
30068,351,Medium_Dark_Pink
30068,378,Sand_Green
30068,379,Sand_Blue
30068,484,Dark_Orange
30069,0,Black
30069,1,Blue
30069,2,Green
30069,3,Dark_Turquoise
30069,4,Red
30069,6,Brown
30069,7,Light_Gray
30069,8,Dark_Gray
30069,10,Bright_Green
30069,14,Yellow
30069,15,White
30069,19,Tan
30069,25,Orange
30069,26,Magenta
30069,27,Lime
30069,28,Dark_Tan
30069,29,Bright_Pink
30069,68,Very_Light_Orange
30069,70,Reddish_Brown
30069,71,Light_Bluish_Gray
30069,72,Dark_Bluish_Gray
30069,73,Medium_Blue
30069,191,Bright_Light_Orange
30069,212,Bright_Light_Blue
30069,272,Dark_Blue
30069,288,Dark_Green
30069,313,Maersk_Blue
30069,320,Dark_Red
30069,321,Dark_Azure
30069,322,Medium_Azure
30069,378,Sand_Green
30069,379,Sand_Blue
3007,0,Black
3007,1,Blue
3007,2,Green
3007,4,Red
3007,5,Dark_Pink
3007,6,Brown
3007,7,Light_Gray
3007,8,Dark_Gray
3007,14,Yellow
3007,15,White
3007,18,Light_Yellow
3007,19,Tan
3007,25,Orange
3007,27,Lime
3007,29,Bright_Pink
3007,30,Medium_Lavender
3007,31,Lavender
3007,68,Very_Light_Orange
3007,70,Reddish_Brown
3007,71,Light_Bluish_Gray
3007,72,Dark_Bluish_Gray
3007,73,Medium_Blue
3007,85,Dark_Purple
3007,125,Light_Orange
3007,226,Bright_Light_Yellow
3007,272,Dark_Blue
3007,288,Dark_Green
3007,313,Maersk_Blue
3007,320,Dark_Red
3007,330,Olive_Green
3007,378,Sand_Green
3007,379,Sand_Blue
3007,484,Dark_Orange
30071,0,Black
30071,1,Blue
30071,2,Green
30071,3,Dark_Turquoise
30071,4,Red
30071,5,Dark_Pink
30071,6,Brown
30071,7,Light_Gray
30071,8,Dark_Gray
30071,10,Bright_Green
30071,13,Pink
30071,14,Yellow
30071,15,White
30071,18,Light_Yellow
30071,19,Tan
30071,22,Purple
30071,25,Orange
30071,26,Magenta
30071,27,Lime
30071,28,Dark_Tan
30071,29,Bright_Pink
30071,30,Medium_Lavender
30071,31,Lavender
30071,68,Very_Light_Orange
30071,70,Reddish_Brown
30071,71,Light_Bluish_Gray
30071,72,Dark_Bluish_Gray
30071,73,Medium_Blue
30071,74,Medium_Green
30071,85,Dark_Purple
30071,118,Aqua
30071,125,Light_Orange
30071,151,Very_Light_Bluish_Gray
30071,191,Bright_Light_Orange
30071,212,Bright_Light_Blue
30071,226,Bright_Light_Yellow
30071,272,Dark_Blue
30071,288,Dark_Green
30071,308,Dark_Brown
30071,313,Maersk_Blue
30071,320,Dark_Red
30071,321,Dark_Azure
30071,322,Medium_Azure
30071,323,Light_Aqua
30071,326,Yellowish_Green
30071,330,Olive_Green
30071,351,Medium_Dark_Pink
30071,378,Sand_Green
30071,379,Sand_Blue
30071,462,Medium_Orange
30071,484,Dark_Orange
30072,0,Black
30072,1,Blue
30072,2,Green
30072,4,Red
30072,8,Dark_Gray
30072,14,Yellow
30072,15,White
30072,20,Light_Violet
30072,72,Dark_Bluish_Gray
30072,212,Bright_Light_Blue
30072,226,Bright_Light_Yellow
30072,379,Sand_Blue
30073,0,Black
30073,15,White
30074,0,Black
30074,15,White
30075,1,Blue
30075,2,Green
30075,4,Red
30076,0,Black
30076,1,Blue
30076,4,Red
30076,7,Light_Gray
30076,71,Light_Bluish_Gray
30076,212,Bright_Light_Blue
30077,4,Red
30077,9,Light_Blue
30077,13,Pink
30077,14,Yellow
30077,15,White
30077,351,Medium_Dark_Pink
30078,2,Green
30078,4,Red
30078,8,Dark_Gray
30078,14,Yellow
30078,26,Magenta
30078,351,Medium_Dark_Pink
30078,462,Medium_Orange
30079,14,Yellow
30079,15,White
3008,0,Black
3008,1,Blue
3008,2,Green
3008,3,Dark_Turquoise
3008,4,Red
3008,5,Dark_Pink
3008,6,Brown
3008,7,Light_Gray
3008,8,Dark_Gray
3008,9,Light_Blue
3008,14,Yellow
3008,15,White
3008,19,Tan
3008,25,Orange
3008,26,Magenta
3008,27,Lime
3008,28,Dark_Tan
3008,30,Medium_Lavender
3008,31,Lavender
3008,68,Very_Light_Orange
3008,70,Reddish_Brown
3008,71,Light_Bluish_Gray
3008,72,Dark_Bluish_Gray
3008,73,Medium_Blue
3008,85,Dark_Purple
3008,110,Violet
3008,125,Light_Orange
3008,212,Bright_Light_Blue
3008,226,Bright_Light_Yellow
3008,272,Dark_Blue
3008,288,Dark_Green
3008,308,Dark_Brown
3008,320,Dark_Red
3008,321,Dark_Azure
3008,323,Light_Aqua
3008,330,Olive_Green
3008,351,Medium_Dark_Pink
3008,378,Sand_Green
3008,484,Dark_Orange
30082,8,Dark_Gray
30083,0,Black
30083,15,White
30084,0,Black
30085,0,Black
30085,7,Light_Gray
30085,72,Dark_Bluish_Gray
30088,0,Black
30088,4,Red
30088,8,Dark_Gray
30088,14,Yellow
30088,72,Dark_Bluish_Gray
30089b,0,Black
30089b,4,Red
30089b,15,White
30089b,27,Lime
30089b,321,Dark_Azure
3009,0,Black
3009,1,Blue
3009,2,Green
3009,3,Dark_Turquoise
3009,4,Red
3009,5,Dark_Pink
3009,6,Brown
3009,7,Light_Gray
3009,8,Dark_Gray
3009,10,Bright_Green
3009,13,Pink
3009,14,Yellow
3009,15,White
3009,18,Light_Yellow
3009,19,Tan
3009,22,Purple
3009,25,Orange
3009,26,Magenta
3009,27,Lime
3009,28,Dark_Tan
3009,29,Bright_Pink
3009,30,Medium_Lavender
3009,31,Lavender
3009,68,Very_Light_Orange
3009,69,Light_Purple
3009,70,Reddish_Brown
3009,71,Light_Bluish_Gray
3009,72,Dark_Bluish_Gray
3009,73,Medium_Blue
3009,85,Dark_Purple
3009,89,Blue_Violet
3009,118,Aqua
3009,125,Light_Orange
3009,191,Bright_Light_Orange
3009,226,Bright_Light_Yellow
3009,272,Dark_Blue
3009,288,Dark_Green
3009,308,Dark_Brown
3009,313,Maersk_Blue
3009,320,Dark_Red
3009,321,Dark_Azure
3009,322,Medium_Azure
3009,323,Light_Aqua
3009,326,Yellowish_Green
3009,330,Olive_Green
3009,335,Sand_Red
3009,378,Sand_Green
3009,379,Sand_Blue
3009,462,Medium_Orange
3009,484,Dark_Orange
30091,7,Light_Gray
30091,8,Dark_Gray
30091,25,Orange
30091,71,Light_Bluish_Gray
30091,72,Dark_Bluish_Gray
30092,0,Black
30092,1,Blue
30092,2,Green
30092,4,Red
30092,14,Yellow
30092,15,White
30092,19,Tan
30093,0,Black
30093,1,Blue
30093,2,Green
30093,4,Red
30093,5,Dark_Pink
30093,10,Bright_Green
30093,14,Yellow
30093,15,White
30093,28,Dark_Tan
30093,70,Reddish_Brown
30093,288,Dark_Green
30094,0,Black
30094,1,Blue
30094,4,Red
30094,7,Light_Gray
30094,14,Yellow
30094,15,White
30094,19,Tan
30094,70,Reddish_Brown
30094,71,Light_Bluish_Gray
30094,72,Dark_Bluish_Gray
30095,0,Black
30095,6,Brown
30095,14,Yellow
30095,70,Reddish_Brown
30095,72,Dark_Bluish_Gray
30097,15,White
30099,0,Black
30099,1,Blue
30099,2,Green
30099,3,Dark_Turquoise
30099,4,Red
30099,6,Brown
30099,7,Light_Gray
30099,8,Dark_Gray
30099,10,Bright_Green
30099,14,Yellow
30099,15,White
30099,19,Tan
30099,25,Orange
30099,28,Dark_Tan
30099,31,Lavender
30099,70,Reddish_Brown
30099,71,Light_Bluish_Gray
30099,72,Dark_Bluish_Gray
30099,85,Dark_Purple
30099,89,Blue_Violet
30099,212,Bright_Light_Blue
30099,272,Dark_Blue
30099,308,Dark_Brown
30099,320,Dark_Red
30099,321,Dark_Azure
30099,322,Medium_Azure
30099,323,Light_Aqua
30099,484,Dark_Orange
3010,0,Black
3010,1,Blue
3010,2,Green
3010,3,Dark_Turquoise
3010,4,Red
3010,5,Dark_Pink
3010,6,Brown
3010,7,Light_Gray
3010,8,Dark_Gray
3010,10,Bright_Green
3010,13,Pink
3010,14,Yellow
3010,15,White
3010,18,Light_Yellow
3010,19,Tan
3010,20,Light_Violet
3010,22,Purple
3010,25,Orange
3010,26,Magenta
3010,27,Lime
3010,28,Dark_Tan
3010,29,Bright_Pink
3010,30,Medium_Lavender
3010,31,Lavender
3010,68,Very_Light_Orange
3010,69,Light_Purple
3010,70,Reddish_Brown
3010,71,Light_Bluish_Gray
3010,72,Dark_Bluish_Gray
3010,73,Medium_Blue
3010,74,Medium_Green
3010,85,Dark_Purple
3010,118,Aqua
3010,125,Light_Orange
3010,151,Very_Light_Bluish_Gray
3010,191,Bright_Light_Orange
3010,212,Bright_Light_Blue
3010,226,Bright_Light_Yellow
3010,272,Dark_Blue
3010,288,Dark_Green
3010,308,Dark_Brown
3010,313,Maersk_Blue
3010,320,Dark_Red
3010,321,Dark_Azure
3010,322,Medium_Azure
3010,323,Light_Aqua
3010,326,Yellowish_Green
3010,330,Olive_Green
3010,351,Medium_Dark_Pink
3010,378,Sand_Green
3010,379,Sand_Blue
3010,462,Medium_Orange
3010,484,Dark_Orange
30100,0,Black
30100,1,Blue
30100,2,Green
30100,8,Dark_Gray
30101,0,Black
30101,7,Light_Gray
30101,8,Dark_Gray
30101,15,White
30101,19,Tan
30102,0,Black
30102,6,Brown
30102,8,Dark_Gray
30102,19,Tan
301021,0,Black
301021,1,Blue
301021,2,Green
301021,3,Dark_Turquoise
301021,4,Red
301021,5,Dark_Pink
301021,6,Brown
301021,7,Light_Gray
301021,8,Dark_Gray
301021,10,Bright_Green
301021,13,Pink
301021,14,Yellow
301021,15,White
301021,18,Light_Yellow
301021,19,Tan
301021,20,Light_Violet
301021,22,Purple
301021,25,Orange
301021,26,Magenta
301021,27,Lime
301021,28,Dark_Tan
301021,29,Bright_Pink
301021,30,Medium_Lavender
301021,31,Lavender
301021,68,Very_Light_Orange
301021,69,Light_Purple
301021,70,Reddish_Brown
301021,71,Light_Bluish_Gray
301021,72,Dark_Bluish_Gray
301021,73,Medium_Blue
301021,74,Medium_Green
301021,85,Dark_Purple
301021,118,Aqua
301021,125,Light_Orange
301021,151,Very_Light_Bluish_Gray
301021,191,Bright_Light_Orange
301021,212,Bright_Light_Blue
301021,226,Bright_Light_Yellow
301021,272,Dark_Blue
301021,288,Dark_Green
301021,308,Dark_Brown
301021,313,Maersk_Blue
301021,320,Dark_Red
301021,321,Dark_Azure
301021,322,Medium_Azure
301021,323,Light_Aqua
301021,326,Yellowish_Green
301021,330,Olive_Green
301021,351,Medium_Dark_Pink
301021,378,Sand_Green
301021,379,Sand_Blue
301021,462,Medium_Orange
301021,484,Dark_Orange
30103,0,Black
30103,8,Dark_Gray
30103,19,Tan
30103,72,Dark_Bluish_Gray
30104,0,Black
30104,6,Brown
30104,7,Light_Gray
30104,8,Dark_Gray
30104,70,Reddish_Brown
30104,71,Light_Bluish_Gray
30104,72,Dark_Bluish_Gray
30104b,0,Black
30104b,6,Brown
30104b,7,Light_Gray
30104b,8,Dark_Gray
30104b,70,Reddish_Brown
30104b,71,Light_Bluish_Gray
30104b,72,Dark_Bluish_Gray
30105,0,Black
30105,8,Dark_Gray
30105,72,Dark_Bluish_Gray
30106,71,Light_Bluish_Gray
30106,322,Medium_Azure
30107,14,Yellow
30107,74,Medium_Green
30109,1,Blue
30109,13,Pink
30109,14,Yellow
30109,73,Medium_Blue
30109,191,Bright_Light_Orange
30109,351,Medium_Dark_Pink
3011,0,Black
3011,1,Blue
3011,2,Green
3011,3,Dark_Turquoise
3011,4,Red
3011,5,Dark_Pink
3011,6,Brown
3011,7,Light_Gray
3011,8,Dark_Gray
3011,9,Light_Blue
3011,10,Bright_Green
3011,14,Yellow
3011,15,White
3011,18,Light_Yellow
3011,19,Tan
3011,25,Orange
3011,27,Lime
3011,28,Dark_Tan
3011,29,Bright_Pink
3011,70,Reddish_Brown
3011,71,Light_Bluish_Gray
3011,72,Dark_Bluish_Gray
3011,73,Medium_Blue
3011,110,Violet
3011,115,Medium_Lime
3011,151,Very_Light_Bluish_Gray
3011,191,Bright_Light_Orange
3011,212,Bright_Light_Blue
3011,226,Bright_Light_Yellow
3011,272,Dark_Blue
3011,320,Dark_Red
3011,321,Dark_Azure
3011,322,Medium_Azure
3011,323,Light_Aqua
3011,326,Yellowish_Green
3011,379,Sand_Blue
3011,462,Medium_Orange
3011,484,Dark_Orange
30110,2,Green
30110,6,Brown
30110,14,Yellow
30110,15,White
30112b,2,Green
30112b,4,Red
30112b,5,Dark_Pink
30112b,20,Light_Violet
30113,6,Brown
30114,0,Black
30115,0,Black
30115,2,Green
30115,3,Dark_Turquoise
30115,4,Red
30115,27,Lime
30115,28,Dark_Tan
30115,71,Light_Bluish_Gray
30115,272,Dark_Blue
30115,288,Dark_Green
30117,0,Black
30117,7,Light_Gray
30117,14,Yellow
30117,19,Tan
30117,72,Dark_Bluish_Gray
30118,7,Light_Gray
30118,8,Dark_Gray
30118,14,Yellow
30119,0,Black
30119,7,Light_Gray
30119,8,Dark_Gray
30120,0,Black
30120,2,Green
30120,7,Light_Gray
30121,0,Black
30121,8,Dark_Gray
30124,0,Black
30124,1,Blue
30124,2,Green
30124,4,Red
30124,7,Light_Gray
30124,8,Dark_Gray
30124,10,Bright_Green
30124,14,Yellow
30124,15,White
30124,19,Tan
30124,25,Orange
30124,26,Magenta
30124,27,Lime
30124,28,Dark_Tan
30124,71,Light_Bluish_Gray
30124,72,Dark_Bluish_Gray
30124,73,Medium_Blue
30124,85,Dark_Purple
30124,272,Dark_Blue
30124,288,Dark_Green
30124,320,Dark_Red
30124,321,Dark_Azure
30124,484,Dark_Orange
30124b,0,Black
30124b,1,Blue
30124b,2,Green
30124b,4,Red
30124b,7,Light_Gray
30124b,8,Dark_Gray
30124b,10,Bright_Green
30124b,14,Yellow
30124b,15,White
30124b,19,Tan
30124b,25,Orange
30124b,26,Magenta
30124b,27,Lime
30124b,28,Dark_Tan
30124b,71,Light_Bluish_Gray
30124b,72,Dark_Bluish_Gray
30124b,73,Medium_Blue
30124b,85,Dark_Purple
30124b,272,Dark_Blue
30124b,288,Dark_Green
30124b,320,Dark_Red
30124b,321,Dark_Azure
30124b,484,Dark_Orange
30125,0,Black
30125,1,Blue
30125,2,Green
30125,4,Red
30125,6,Brown
30125,7,Light_Gray
30125,8,Dark_Gray
30125,14,Yellow
30125,15,White
30125,19,Tan
30125,71,Light_Bluish_Gray
30125,72,Dark_Bluish_Gray
30125,89,Blue_Violet
30125,191,Bright_Light_Orange
30125,378,Sand_Green
30126,1,Blue
30126,2,Green
30126,4,Red
30126,14,Yellow
30126,15,White
30126,72,Dark_Bluish_Gray
30126,191,Bright_Light_Orange
30126,378,Sand_Green
30127,1,Blue
30127,2,Green
30127,4,Red
30127,15,White
30129,6,Brown
3013,4,Red
30130,0,Black
30130,2,Green
30130,4,Red
30130,8,Dark_Gray
30130,15,White
30130,72,Dark_Bluish_Gray
30130,272,Dark_Blue
30130,288,Dark_Green
30131,6,Brown
30132,0,Black
30132,8,Dark_Gray
30132,72,Dark_Bluish_Gray
30132,326,Yellowish_Green
30132,378,Sand_Green
30133,0,Black
30133,1,Blue
30133,4,Red
30133,14,Yellow
30133,15,White
30133,19,Tan
30133,320,Dark_Red
30134,0,Black
30134,4,Red
30134,6,Brown
30134,15,White
30134,18,Light_Yellow
30134,28,Dark_Tan
30134,70,Reddish_Brown
30134,72,Dark_Bluish_Gray
30134,73,Medium_Blue
30134,320,Dark_Red
30134,321,Dark_Azure
30134,484,Dark_Orange
30135,0,Black
30135,1,Blue
30135,6,Brown
30135,8,Dark_Gray
30135,15,White
30135,19,Tan
30135,28,Dark_Tan
30135,72,Dark_Bluish_Gray
30135,272,Dark_Blue
30135,378,Sand_Green
30136,0,Black
30136,1,Blue
30136,2,Green
30136,3,Dark_Turquoise
30136,4,Red
30136,6,Brown
30136,7,Light_Gray
30136,8,Dark_Gray
30136,14,Yellow
30136,15,White
30136,19,Tan
30136,28,Dark_Tan
30136,31,Lavender
30136,70,Reddish_Brown
30136,71,Light_Bluish_Gray
30136,72,Dark_Bluish_Gray
30136,212,Bright_Light_Blue
30136,308,Dark_Brown
30136,320,Dark_Red
30136,330,Olive_Green
30136,484,Dark_Orange
30137,0,Black
30137,1,Blue
30137,2,Green
30137,4,Red
30137,6,Brown
30137,7,Light_Gray
30137,8,Dark_Gray
30137,14,Yellow
30137,15,White
30137,19,Tan
30137,29,Bright_Pink
30137,30,Medium_Lavender
30137,70,Reddish_Brown
30137,71,Light_Bluish_Gray
30137,72,Dark_Bluish_Gray
30137,308,Dark_Brown
30137,320,Dark_Red
30137,330,Olive_Green
30139,0,Black
30139,6,Brown
30139,19,Tan
30139,70,Reddish_Brown
30139,85,Dark_Purple
30140,0,Black
30140,1,Blue
30140,2,Green
30140,4,Red
30140,6,Brown
30140,14,Yellow
30140,15,White
30140,19,Tan
30140,70,Reddish_Brown
30140,72,Dark_Bluish_Gray
30141,2,Green
30141,8,Dark_Gray
30141,70,Reddish_Brown
30141,72,Dark_Bluish_Gray
30144,0,Black
30144,1,Blue
30144,2,Green
30144,4,Red
30144,7,Light_Gray
30144,14,Yellow
30144,15,White
30144,19,Tan
30144,71,Light_Bluish_Gray
30144,72,Dark_Bluish_Gray
30145,0,Black
30145,1,Blue
30145,2,Green
30145,4,Red
30145,6,Brown
30145,7,Light_Gray
30145,8,Dark_Gray
30145,9,Light_Blue
30145,14,Yellow
30145,15,White
30145,19,Tan
30145,25,Orange
30145,28,Dark_Tan
30145,29,Bright_Pink
30145,70,Reddish_Brown
30145,71,Light_Bluish_Gray
30145,72,Dark_Bluish_Gray
30145,73,Medium_Blue
30145,191,Bright_Light_Orange
30145,226,Bright_Light_Yellow
30145,320,Dark_Red
30145,379,Sand_Blue
30145,484,Dark_Orange
30147,0,Black
30147,7,Light_Gray
30147,8,Dark_Gray
30147,14,Yellow
30147,72,Dark_Bluish_Gray
30148,0,Black
30148,15,White
30149,0,Black
30149,2,Green
30149,4,Red
30149,7,Light_Gray
30149,8,Dark_Gray
30149,14,Yellow
30149,15,White
30149,19,Tan
30149,27,Lime
30149,71,Light_Bluish_Gray
30149,72,Dark_Bluish_Gray
30149,272,Dark_Blue
30149,288,Dark_Green
30149,320,Dark_Red
30149,321,Dark_Azure
30150,0,Black
30150,1,Blue
30150,4,Red
30150,6,Brown
30150,14,Yellow
30150,15,White
30150,25,Orange
30150,30,Medium_Lavender
30150,70,Reddish_Brown
30150,71,Light_Bluish_Gray
30150,72,Dark_Bluish_Gray
30150,212,Bright_Light_Blue
30150,272,Dark_Blue
30150,320,Dark_Red
30151b,4,Red
30154,0,Black
30154,8,Dark_Gray
30154,72,Dark_Bluish_Gray
30155,0,Black
30155,6,Brown
30155,7,Light_Gray
30155,8,Dark_Gray
30155,15,White
30155,19,Tan
30155,71,Light_Bluish_Gray
30155,72,Dark_Bluish_Gray
30156,8,Dark_Gray
30156,19,Tan
30157,4,Red
30157,6,Brown
30157,7,Light_Gray
30157,8,Dark_Gray
30157,19,Tan
30157,70,Reddish_Brown
30157,71,Light_Bluish_Gray
30157,72,Dark_Bluish_Gray
30158,1,Blue
30158,2,Green
30158,6,Brown
30158,70,Reddish_Brown
30158c01,1,Blue
30158c01,2,Green
30158c01,6,Brown
30158c01,70,Reddish_Brown
30159,0,Black
30159,8,Dark_Gray
30159,15,White
30159,19,Tan
30162,0,Black
30162,2,Green
30162,4,Red
30162,7,Light_Gray
30162,8,Dark_Gray
30162,15,White
30162,19,Tan
30162,25,Orange
30162,71,Light_Bluish_Gray
30162,72,Dark_Bluish_Gray
30162,288,Dark_Green
30162,320,Dark_Red
30162,321,Dark_Azure
30163,0,Black
30163,1,Blue
30163,6,Brown
30163,19,Tan
30163,28,Dark_Tan
30163,70,Reddish_Brown
30163,71,Light_Bluish_Gray
30163,72,Dark_Bluish_Gray
30163,272,Dark_Blue
30163,378,Sand_Green
30164,0,Black
30164,4,Red
30164,8,Dark_Gray
30164,19,Tan
30164,70,Reddish_Brown
30164,71,Light_Bluish_Gray
30165,0,Black
30165,1,Blue
30165,2,Green
30165,4,Red
30165,5,Dark_Pink
30165,6,Brown
30165,8,Dark_Gray
30165,10,Bright_Green
30165,14,Yellow
30165,15,White
30165,19,Tan
30165,25,Orange
30165,27,Lime
30165,29,Bright_Pink
30165,30,Medium_Lavender
30165,70,Reddish_Brown
30165,71,Light_Bluish_Gray
30165,72,Dark_Bluish_Gray
30165,85,Dark_Purple
30165,191,Bright_Light_Orange
30165,212,Bright_Light_Blue
30165,272,Dark_Blue
30165,288,Dark_Green
30165,320,Dark_Red
30165,321,Dark_Azure
30165,322,Medium_Azure
30165,378,Sand_Green
30165,379,Sand_Blue
30165,484,Dark_Orange
30166,15,White
30166,70,Reddish_Brown
30166,71,Light_Bluish_Gray
30166,72,Dark_Bluish_Gray
30166,320,Dark_Red
30167,0,Black
30167,4,Red
30167,6,Brown
30167,19,Tan
30167,70,Reddish_Brown
30168,14,Yellow
30168,15,White
30168,19,Tan
30169,0,Black
30169,4,Red
30169,8,Dark_Gray
30169,15,White
30169,19,Tan
30169,27,Lime
30169,71,Light_Bluish_Gray
30169,272,Dark_Blue
30169,320,Dark_Red
30170,0,Black
30170,8,Dark_Gray
30170,15,White
30170,28,Dark_Tan
30170,72,Dark_Bluish_Gray
30171,0,Black
30171,1,Blue
30171,2,Green
30171,6,Brown
30171,7,Light_Gray
30171,10,Bright_Green
30171,15,White
30171,19,Tan
30171,26,Magenta
30171,70,Reddish_Brown
30171,71,Light_Bluish_Gray
30171,72,Dark_Bluish_Gray
30171,288,Dark_Green
30171,308,Dark_Brown
30172,15,White
30172,19,Tan
30172,28,Dark_Tan
30172,72,Dark_Bluish_Gray
30172,326,Yellowish_Green
30173a,0,Black
30173a,3,Dark_Turquoise
30173a,7,Light_Gray
30173a,71,Light_Bluish_Gray
30173b,0,Black
30173b,19,Tan
30174,0,Black
30174,4,Red
30174,8,Dark_Gray
30174,72,Dark_Bluish_Gray
30174,320,Dark_Red
30175,0,Black
30175,4,Red
30175,7,Light_Gray
30175,8,Dark_Gray
30175,71,Light_Bluish_Gray
30175,72,Dark_Bluish_Gray
30176,2,Green
30176,4,Red
30176,27,Lime
30176,72,Dark_Bluish_Gray
30176,378,Sand_Green
30177,0,Black
30177,1,Blue
30177,2,Green
30177,4,Red
30177,5,Dark_Pink
30177,8,Dark_Gray
30177,14,Yellow
30177,15,White
30177,71,Light_Bluish_Gray
30177,72,Dark_Bluish_Gray
30177,85,Dark_Purple
30179,0,Black
30179,4,Red
30179,8,Dark_Gray
30179,14,Yellow
30179,15,White
30179,72,Dark_Bluish_Gray
30180,0,Black
30180,1,Blue
30180,2,Green
30180,4,Red
30180,6,Brown
30180,7,Light_Gray
30180,14,Yellow
30180,15,White
30180,25,Orange
30180,71,Light_Bluish_Gray
30180,378,Sand_Green
30181,0,Black
30181,1,Blue
30181,2,Green
30181,4,Red
30181,7,Light_Gray
30181,14,Yellow
30181,15,White
30182,0,Black
30182,2,Green
30182,4,Red
30182,14,Yellow
30182,15,White
30183,0,Black
30183,1,Blue
30183,2,Green
30183,4,Red
30183,7,Light_Gray
30183,8,Dark_Gray
30183,14,Yellow
30183,15,White
30183,25,Orange
30183,71,Light_Bluish_Gray
30183,72,Dark_Bluish_Gray
30184,0,Black
30184,4,Red
30184,7,Light_Gray
30184,8,Dark_Gray
30185c01,0,Black
30185c01,8,Dark_Gray
30185c02,14,Yellow
30185c03,0,Black
30185c04,5,Dark_Pink
30185c05,0,Black
30189,0,Black
30189,1,Blue
30189,4,Red
30189,7,Light_Gray
30189,14,Yellow
30189,15,White
30189,320,Dark_Red
30190,0,Black
30190,1,Blue
30190,7,Light_Gray
30190,15,White
30190,71,Light_Bluish_Gray
30191,0,Black
30191,1,Blue
30191,2,Green
30191,4,Red
30191,7,Light_Gray
30191,14,Yellow
30191,15,White
30191,70,Reddish_Brown
30191,71,Light_Bluish_Gray
30191,320,Dark_Red
30192,0,Black
30192,8,Dark_Gray
30192,71,Light_Bluish_Gray
30192,72,Dark_Bluish_Gray
30193,8,Dark_Gray
30193,71,Light_Bluish_Gray
30193,72,Dark_Bluish_Gray
30194,8,Dark_Gray
30194,72,Dark_Bluish_Gray
30195,8,Dark_Gray
30198,8,Dark_Gray
302,0,Black
302,1,Blue
302,2,Green
302,4,Red
302,14,Yellow
302,15,White
3020,0,Black
3020,1,Blue
3020,2,Green
3020,3,Dark_Turquoise
3020,4,Red
3020,5,Dark_Pink
3020,6,Brown
3020,7,Light_Gray
3020,8,Dark_Gray
3020,10,Bright_Green
3020,11,Light_Turquoise
3020,13,Pink
3020,14,Yellow
3020,15,White
3020,18,Light_Yellow
3020,19,Tan
3020,22,Purple
3020,25,Orange
3020,26,Magenta
3020,27,Lime
3020,28,Dark_Tan
3020,29,Bright_Pink
3020,30,Medium_Lavender
3020,31,Lavender
3020,68,Very_Light_Orange
3020,69,Light_Purple
3020,70,Reddish_Brown
3020,71,Light_Bluish_Gray
3020,72,Dark_Bluish_Gray
3020,73,Medium_Blue
3020,85,Dark_Purple
3020,118,Aqua
3020,151,Very_Light_Bluish_Gray
3020,191,Bright_Light_Orange
3020,212,Bright_Light_Blue
3020,226,Bright_Light_Yellow
3020,232,Sky_Blue
3020,272,Dark_Blue
3020,288,Dark_Green
3020,308,Dark_Brown
3020,313,Maersk_Blue
3020,320,Dark_Red
3020,321,Dark_Azure
3020,322,Medium_Azure
3020,323,Light_Aqua
3020,326,Yellowish_Green
3020,330,Olive_Green
3020,351,Medium_Dark_Pink
3020,378,Sand_Green
3020,379,Sand_Blue
3020,462,Medium_Orange
3020,484,Dark_Orange
30200,0,Black
30201,0,Black
30201,7,Light_Gray
30201,8,Dark_Gray
30201,72,Dark_Bluish_Gray
30202,8,Dark_Gray
302021,0,Black
302021,1,Blue
302021,2,Green
302021,3,Dark_Turquoise
302021,4,Red
302021,5,Dark_Pink
302021,6,Brown
302021,7,Light_Gray
302021,8,Dark_Gray
302021,10,Bright_Green
302021,11,Light_Turquoise
302021,13,Pink
302021,14,Yellow
302021,15,White
302021,18,Light_Yellow
302021,19,Tan
302021,22,Purple
302021,25,Orange
302021,26,Magenta
302021,27,Lime
302021,28,Dark_Tan
302021,29,Bright_Pink
302021,30,Medium_Lavender
302021,31,Lavender
302021,68,Very_Light_Orange
302021,69,Light_Purple
302021,70,Reddish_Brown
302021,71,Light_Bluish_Gray
302021,72,Dark_Bluish_Gray
302021,73,Medium_Blue
302021,85,Dark_Purple
302021,118,Aqua
302021,151,Very_Light_Bluish_Gray
302021,191,Bright_Light_Orange
302021,212,Bright_Light_Blue
302021,226,Bright_Light_Yellow
302021,232,Sky_Blue
302021,272,Dark_Blue
302021,288,Dark_Green
302021,308,Dark_Brown
302021,313,Maersk_Blue
302021,320,Dark_Red
302021,321,Dark_Azure
302021,322,Medium_Azure
302021,323,Light_Aqua
302021,326,Yellowish_Green
302021,330,Olive_Green
302021,351,Medium_Dark_Pink
302021,378,Sand_Green
302021,379,Sand_Blue
302021,462,Medium_Orange
302021,484,Dark_Orange
302026,0,Black
302026,1,Blue
302026,2,Green
302026,3,Dark_Turquoise
302026,4,Red
302026,5,Dark_Pink
302026,6,Brown
302026,7,Light_Gray
302026,8,Dark_Gray
302026,10,Bright_Green
302026,11,Light_Turquoise
302026,13,Pink
302026,14,Yellow
302026,15,White
302026,18,Light_Yellow
302026,19,Tan
302026,22,Purple
302026,25,Orange
302026,26,Magenta
302026,27,Lime
302026,28,Dark_Tan
302026,29,Bright_Pink
302026,30,Medium_Lavender
302026,31,Lavender
302026,68,Very_Light_Orange
302026,69,Light_Purple
302026,70,Reddish_Brown
302026,71,Light_Bluish_Gray
302026,72,Dark_Bluish_Gray
302026,73,Medium_Blue
302026,85,Dark_Purple
302026,118,Aqua
302026,151,Very_Light_Bluish_Gray
302026,191,Bright_Light_Orange
302026,212,Bright_Light_Blue
302026,226,Bright_Light_Yellow
302026,232,Sky_Blue
302026,272,Dark_Blue
302026,288,Dark_Green
302026,308,Dark_Brown
302026,313,Maersk_Blue
302026,320,Dark_Red
302026,321,Dark_Azure
302026,322,Medium_Azure
302026,323,Light_Aqua
302026,326,Yellowish_Green
302026,330,Olive_Green
302026,351,Medium_Dark_Pink
302026,378,Sand_Green
302026,379,Sand_Blue
302026,462,Medium_Orange
302026,484,Dark_Orange
30208,7,Light_Gray
30208,15,White
30208,71,Light_Bluish_Gray
30208,379,Sand_Blue
30209,1,Blue
30209,2,Green
30209,4,Red
30209,8,Dark_Gray
30209,14,Yellow
30209,15,White
30209,19,Tan
30209,72,Dark_Bluish_Gray
3021,0,Black
3021,1,Blue
3021,2,Green
3021,3,Dark_Turquoise
3021,4,Red
3021,5,Dark_Pink
3021,6,Brown
3021,7,Light_Gray
3021,8,Dark_Gray
3021,10,Bright_Green
3021,13,Pink
3021,14,Yellow
3021,15,White
3021,18,Light_Yellow
3021,19,Tan
3021,22,Purple
3021,25,Orange
3021,26,Magenta
3021,27,Lime
3021,28,Dark_Tan
3021,29,Bright_Pink
3021,30,Medium_Lavender
3021,31,Lavender
3021,68,Very_Light_Orange
3021,70,Reddish_Brown
3021,71,Light_Bluish_Gray
3021,72,Dark_Bluish_Gray
3021,73,Medium_Blue
3021,74,Medium_Green
3021,85,Dark_Purple
3021,89,Blue_Violet
3021,110,Violet
3021,125,Light_Orange
3021,151,Very_Light_Bluish_Gray
3021,191,Bright_Light_Orange
3021,212,Bright_Light_Blue
3021,226,Bright_Light_Yellow
3021,272,Dark_Blue
3021,288,Dark_Green
3021,308,Dark_Brown
3021,313,Maersk_Blue
3021,320,Dark_Red
3021,321,Dark_Azure
3021,322,Medium_Azure
3021,323,Light_Aqua
3021,326,Yellowish_Green
3021,330,Olive_Green
3021,335,Sand_Red
3021,351,Medium_Dark_Pink
3021,378,Sand_Green
3021,379,Sand_Blue
3021,462,Medium_Orange
3021,484,Dark_Orange
302101,0,Black
302101,1,Blue
302101,2,Green
302101,3,Dark_Turquoise
302101,4,Red
302101,5,Dark_Pink
302101,6,Brown
302101,7,Light_Gray
302101,8,Dark_Gray
302101,10,Bright_Green
302101,13,Pink
302101,14,Yellow
302101,15,White
302101,18,Light_Yellow
302101,19,Tan
302101,22,Purple
302101,25,Orange
302101,26,Magenta
302101,27,Lime
302101,28,Dark_Tan
302101,29,Bright_Pink
302101,30,Medium_Lavender
302101,31,Lavender
302101,68,Very_Light_Orange
302101,70,Reddish_Brown
302101,71,Light_Bluish_Gray
302101,72,Dark_Bluish_Gray
302101,73,Medium_Blue
302101,74,Medium_Green
302101,85,Dark_Purple
302101,89,Blue_Violet
302101,110,Violet
302101,125,Light_Orange
302101,151,Very_Light_Bluish_Gray
302101,191,Bright_Light_Orange
302101,212,Bright_Light_Blue
302101,226,Bright_Light_Yellow
302101,272,Dark_Blue
302101,288,Dark_Green
302101,308,Dark_Brown
302101,313,Maersk_Blue
302101,320,Dark_Red
302101,321,Dark_Azure
302101,322,Medium_Azure
302101,323,Light_Aqua
302101,326,Yellowish_Green
302101,330,Olive_Green
302101,335,Sand_Red
302101,351,Medium_Dark_Pink
302101,378,Sand_Green
302101,379,Sand_Blue
302101,462,Medium_Orange
302101,484,Dark_Orange
30211,0,Black
30211,8,Dark_Gray
30212,8,Dark_Gray
30215,15,White
30216,351,Medium_Dark_Pink
30218,4,Red
30218,15,White
30218,17,Light_Green
30218,191,Bright_Light_Orange
30218,462,Medium_Orange
30219,0,Black
30219,15,White
3022,0,Black
3022,1,Blue
3022,2,Green
3022,3,Dark_Turquoise
3022,4,Red
3022,5,Dark_Pink
3022,6,Brown
3022,7,Light_Gray
3022,8,Dark_Gray
3022,10,Bright_Green
3022,13,Pink
3022,14,Yellow
3022,15,White
3022,18,Light_Yellow
3022,19,Tan
3022,22,Purple
3022,25,Orange
3022,26,Magenta
3022,27,Lime
3022,28,Dark_Tan
3022,29,Bright_Pink
3022,30,Medium_Lavender
3022,31,Lavender
3022,68,Very_Light_Orange
3022,69,Light_Purple
3022,70,Reddish_Brown
3022,71,Light_Bluish_Gray
3022,72,Dark_Bluish_Gray
3022,73,Medium_Blue
3022,85,Dark_Purple
3022,89,Blue_Violet
3022,125,Light_Orange
3022,151,Very_Light_Bluish_Gray
3022,191,Bright_Light_Orange
3022,212,Bright_Light_Blue
3022,226,Bright_Light_Yellow
3022,272,Dark_Blue
3022,288,Dark_Green
3022,308,Dark_Brown
3022,313,Maersk_Blue
3022,320,Dark_Red
3022,321,Dark_Azure
3022,322,Medium_Azure
3022,323,Light_Aqua
3022,326,Yellowish_Green
3022,330,Olive_Green
3022,351,Medium_Dark_Pink
3022,366,Earth_Orange
3022,378,Sand_Green
3022,379,Sand_Blue
3022,462,Medium_Orange
3022,484,Dark_Orange
30222,4,Red
30222,6,Brown
30222,14,Yellow
30222,70,Reddish_Brown
30222,71,Light_Bluish_Gray
30222,462,Medium_Orange
302226,0,Black
302226,1,Blue
302226,2,Green
302226,3,Dark_Turquoise
302226,4,Red
302226,5,Dark_Pink
302226,6,Brown
302226,7,Light_Gray
302226,8,Dark_Gray
302226,10,Bright_Green
302226,13,Pink
302226,14,Yellow
302226,15,White
302226,18,Light_Yellow
302226,19,Tan
302226,22,Purple
302226,25,Orange
302226,26,Magenta
302226,27,Lime
302226,28,Dark_Tan
302226,29,Bright_Pink
302226,30,Medium_Lavender
302226,31,Lavender
302226,68,Very_Light_Orange
302226,69,Light_Purple
302226,70,Reddish_Brown
302226,71,Light_Bluish_Gray
302226,72,Dark_Bluish_Gray
302226,73,Medium_Blue
302226,85,Dark_Purple
302226,89,Blue_Violet
302226,125,Light_Orange
302226,151,Very_Light_Bluish_Gray
302226,191,Bright_Light_Orange
302226,212,Bright_Light_Blue
302226,226,Bright_Light_Yellow
302226,272,Dark_Blue
302226,288,Dark_Green
302226,308,Dark_Brown
302226,313,Maersk_Blue
302226,320,Dark_Red
302226,321,Dark_Azure
302226,322,Medium_Azure
302226,323,Light_Aqua
302226,326,Yellowish_Green
302226,330,Olive_Green
302226,351,Medium_Dark_Pink
302226,366,Earth_Orange
302226,378,Sand_Green
302226,379,Sand_Blue
302226,462,Medium_Orange
302226,484,Dark_Orange
30223,0,Black
30223,6,Brown
30223,70,Reddish_Brown
30223,320,Dark_Red
30224,7,Light_Gray
30224,14,Yellow
30224,71,Light_Bluish_Gray
30224,462,Medium_Orange
30225,72,Dark_Bluish_Gray
30226,0,Black
30226,1,Blue
30226,14,Yellow
30226,15,White
30228,0,Black
30228,8,Dark_Gray
30228,72,Dark_Bluish_Gray
30229,8,Dark_Gray
30229,72,Dark_Bluish_Gray
3023,0,Black
3023,1,Blue
3023,2,Green
3023,3,Dark_Turquoise
3023,4,Red
3023,5,Dark_Pink
3023,6,Brown
3023,7,Light_Gray
3023,8,Dark_Gray
3023,10,Bright_Green
3023,13,Pink
3023,14,Yellow
3023,15,White
3023,18,Light_Yellow
3023,19,Tan
3023,22,Purple
3023,25,Orange
3023,26,Magenta
3023,27,Lime
3023,28,Dark_Tan
3023,29,Bright_Pink
3023,30,Medium_Lavender
3023,31,Lavender
3023,68,Very_Light_Orange
3023,70,Reddish_Brown
3023,71,Light_Bluish_Gray
3023,72,Dark_Bluish_Gray
3023,73,Medium_Blue
3023,77,Light_Pink
3023,85,Dark_Purple
3023,89,Blue_Violet
3023,118,Aqua
3023,125,Light_Orange
3023,151,Very_Light_Bluish_Gray
3023,191,Bright_Light_Orange
3023,212,Bright_Light_Blue
3023,226,Bright_Light_Yellow
3023,232,Sky_Blue
3023,272,Dark_Blue
3023,288,Dark_Green
3023,308,Dark_Brown
3023,313,Maersk_Blue
3023,320,Dark_Red
3023,321,Dark_Azure
3023,322,Medium_Azure
3023,323,Light_Aqua
3023,326,Yellowish_Green
3023,330,Olive_Green
3023,335,Sand_Red
3023,351,Medium_Dark_Pink
3023,378,Sand_Green
3023,379,Sand_Blue
3023,462,Medium_Orange
3023,484,Dark_Orange
302323,0,Black
302323,1,Blue
302323,2,Green
302323,3,Dark_Turquoise
302323,4,Red
302323,5,Dark_Pink
302323,6,Brown
302323,7,Light_Gray
302323,8,Dark_Gray
302323,10,Bright_Green
302323,13,Pink
302323,14,Yellow
302323,15,White
302323,18,Light_Yellow
302323,19,Tan
302323,22,Purple
302323,25,Orange
302323,26,Magenta
302323,27,Lime
302323,28,Dark_Tan
302323,29,Bright_Pink
302323,30,Medium_Lavender
302323,31,Lavender
302323,68,Very_Light_Orange
302323,70,Reddish_Brown
302323,71,Light_Bluish_Gray
302323,72,Dark_Bluish_Gray
302323,73,Medium_Blue
302323,77,Light_Pink
302323,85,Dark_Purple
302323,89,Blue_Violet
302323,118,Aqua
302323,125,Light_Orange
302323,151,Very_Light_Bluish_Gray
302323,191,Bright_Light_Orange
302323,212,Bright_Light_Blue
302323,226,Bright_Light_Yellow
302323,232,Sky_Blue
302323,272,Dark_Blue
302323,288,Dark_Green
302323,308,Dark_Brown
302323,313,Maersk_Blue
302323,320,Dark_Red
302323,321,Dark_Azure
302323,322,Medium_Azure
302323,323,Light_Aqua
302323,326,Yellowish_Green
302323,330,Olive_Green
302323,335,Sand_Red
302323,351,Medium_Dark_Pink
302323,378,Sand_Green
302323,379,Sand_Blue
302323,462,Medium_Orange
302323,484,Dark_Orange
30235,0,Black
30235,1,Blue
30235,2,Green
30235,7,Light_Gray
30236,0,Black
30236,1,Blue
30236,2,Green
30236,4,Red
30236,6,Brown
30236,7,Light_Gray
30236,8,Dark_Gray
30236,14,Yellow
30236,15,White
30236,19,Tan
30236,26,Magenta
30236,27,Lime
30236,31,Lavender
30236,70,Reddish_Brown
30236,71,Light_Bluish_Gray
30236,72,Dark_Bluish_Gray
30236,320,Dark_Red
30236,484,Dark_Orange
30237,0,Black
30237,1,Blue
30237,4,Red
30237,7,Light_Gray
30237,8,Dark_Gray
30237,14,Yellow
30237,15,White
30237,19,Tan
30237,25,Orange
30237,70,Reddish_Brown
30237,71,Light_Bluish_Gray
30237,72,Dark_Bluish_Gray
30237,322,Medium_Azure
30238,0,Black
30238,1,Blue
30238,4,Red
30238,7,Light_Gray
30238,25,Orange
30239,2,Green
30239,27,Lime
30239,28,Dark_Tan
3023a,0,Black
3023a,1,Blue
3023a,4,Red
3023a,7,Light_Gray
3023a,14,Yellow
3023a,15,White
3023b,0,Black
3023b,1,Blue
3023b,2,Green
3023b,3,Dark_Turquoise
3023b,4,Red
3023b,5,Dark_Pink
3023b,6,Brown
3023b,7,Light_Gray
3023b,8,Dark_Gray
3023b,10,Bright_Green
3023b,13,Pink
3023b,14,Yellow
3023b,15,White
3023b,18,Light_Yellow
3023b,19,Tan
3023b,22,Purple
3023b,25,Orange
3023b,26,Magenta
3023b,27,Lime
3023b,28,Dark_Tan
3023b,29,Bright_Pink
3023b,30,Medium_Lavender
3023b,31,Lavender
3023b,68,Very_Light_Orange
3023b,70,Reddish_Brown
3023b,71,Light_Bluish_Gray
3023b,72,Dark_Bluish_Gray
3023b,73,Medium_Blue
3023b,77,Light_Pink
3023b,85,Dark_Purple
3023b,89,Blue_Violet
3023b,118,Aqua
3023b,125,Light_Orange
3023b,151,Very_Light_Bluish_Gray
3023b,191,Bright_Light_Orange
3023b,212,Bright_Light_Blue
3023b,226,Bright_Light_Yellow
3023b,232,Sky_Blue
3023b,272,Dark_Blue
3023b,288,Dark_Green
3023b,308,Dark_Brown
3023b,313,Maersk_Blue
3023b,320,Dark_Red
3023b,321,Dark_Azure
3023b,322,Medium_Azure
3023b,323,Light_Aqua
3023b,326,Yellowish_Green
3023b,330,Olive_Green
3023b,335,Sand_Red
3023b,351,Medium_Dark_Pink
3023b,378,Sand_Green
3023b,379,Sand_Blue
3023b,462,Medium_Orange
3023b,484,Dark_Orange
3024,0,Black
3024,1,Blue
3024,2,Green
3024,3,Dark_Turquoise
3024,4,Red
3024,5,Dark_Pink
3024,6,Brown
3024,7,Light_Gray
3024,8,Dark_Gray
3024,10,Bright_Green
3024,13,Pink
3024,14,Yellow
3024,15,White
3024,18,Light_Yellow
3024,19,Tan
3024,22,Purple
3024,25,Orange
3024,26,Magenta
3024,27,Lime
3024,28,Dark_Tan
3024,29,Bright_Pink
3024,30,Medium_Lavender
3024,31,Lavender
3024,68,Very_Light_Orange
3024,70,Reddish_Brown
3024,71,Light_Bluish_Gray
3024,72,Dark_Bluish_Gray
3024,73,Medium_Blue
3024,77,Light_Pink
3024,85,Dark_Purple
3024,89,Blue_Violet
3024,125,Light_Orange
3024,151,Very_Light_Bluish_Gray
3024,191,Bright_Light_Orange
3024,212,Bright_Light_Blue
3024,226,Bright_Light_Yellow
3024,272,Dark_Blue
3024,288,Dark_Green
3024,308,Dark_Brown
3024,313,Maersk_Blue
3024,320,Dark_Red
3024,321,Dark_Azure
3024,322,Medium_Azure
3024,323,Light_Aqua
3024,326,Yellowish_Green
3024,330,Olive_Green
3024,351,Medium_Dark_Pink
3024,378,Sand_Green
3024,379,Sand_Blue
3024,462,Medium_Orange
3024,484,Dark_Orange
3024,503,Very_Light_Gray
30240,0,Black
30240,7,Light_Gray
30240,8,Dark_Gray
30240,15,White
30240,71,Light_Bluish_Gray
30240,72,Dark_Bluish_Gray
302421,0,Black
302421,1,Blue
302421,2,Green
302421,3,Dark_Turquoise
302421,4,Red
302421,5,Dark_Pink
302421,6,Brown
302421,7,Light_Gray
302421,8,Dark_Gray
302421,10,Bright_Green
302421,13,Pink
302421,14,Yellow
302421,15,White
302421,18,Light_Yellow
302421,19,Tan
302421,22,Purple
302421,25,Orange
302421,26,Magenta
302421,27,Lime
302421,28,Dark_Tan
302421,29,Bright_Pink
302421,30,Medium_Lavender
302421,31,Lavender
302421,68,Very_Light_Orange
302421,70,Reddish_Brown
302421,71,Light_Bluish_Gray
302421,72,Dark_Bluish_Gray
302421,73,Medium_Blue
302421,77,Light_Pink
302421,85,Dark_Purple
302421,89,Blue_Violet
302421,125,Light_Orange
302421,151,Very_Light_Bluish_Gray
302421,191,Bright_Light_Orange
302421,212,Bright_Light_Blue
302421,226,Bright_Light_Yellow
302421,272,Dark_Blue
302421,288,Dark_Green
302421,308,Dark_Brown
302421,313,Maersk_Blue
302421,320,Dark_Red
302421,321,Dark_Azure
302421,322,Medium_Azure
302421,323,Light_Aqua
302421,326,Yellowish_Green
302421,330,Olive_Green
302421,351,Medium_Dark_Pink
302421,378,Sand_Green
302421,379,Sand_Blue
302421,462,Medium_Orange
302421,484,Dark_Orange
302421,503,Very_Light_Gray
30244,0,Black
30244,1,Blue
30244,2,Green
30244,3,Dark_Turquoise
30244,4,Red
30244,6,Brown
30244,7,Light_Gray
30244,8,Dark_Gray
30244,14,Yellow
30244,15,White
30244,19,Tan
30244,22,Purple
30244,25,Orange
30244,27,Lime
30244,70,Reddish_Brown
30244,71,Light_Bluish_Gray
30244,72,Dark_Bluish_Gray
30244,73,Medium_Blue
30244,85,Dark_Purple
30244,191,Bright_Light_Orange
30244,272,Dark_Blue
30244,288,Dark_Green
30244,320,Dark_Red
30244,321,Dark_Azure
30244,330,Olive_Green
30244,335,Sand_Red
30244,378,Sand_Green
30244,379,Sand_Blue
30244,484,Dark_Orange
30246,0,Black
30246,7,Light_Gray
30246,8,Dark_Gray
30246,15,White
30246,19,Tan
30246,29,Bright_Pink
30246,71,Light_Bluish_Gray
30246,322,Medium_Azure
30246,378,Sand_Green
30246,484,Dark_Orange
30248,0,Black
30248,1,Blue
30248,3,Dark_Turquoise
30248,7,Light_Gray
30248,8,Dark_Gray
30248,15,White
30248,25,Orange
30248,71,Light_Bluish_Gray
30248,72,Dark_Bluish_Gray
30248,272,Dark_Blue
30249,0,Black
30249,1,Blue
30249,2,Green
30249,4,Red
30249,7,Light_Gray
30249,14,Yellow
30249,15,White
30249,19,Tan
30249,28,Dark_Tan
30249,29,Bright_Pink
30249,70,Reddish_Brown
30249,71,Light_Bluish_Gray
30249,72,Dark_Bluish_Gray
30249,226,Bright_Light_Yellow
30249,288,Dark_Green
30249,378,Sand_Green
30250,0,Black
30250,2,Green
30250,4,Red
30250,14,Yellow
30250,15,White
30255,15,White
30256,0,Black
30256,4,Red
30256,7,Light_Gray
30256,15,White
30256,22,Purple
30256,71,Light_Bluish_Gray
30256,72,Dark_Bluish_Gray
30256,379,Sand_Blue
30258,0,Black
30258,8,Dark_Gray
30258,14,Yellow
30258,15,White
30258,72,Dark_Bluish_Gray
30259,6,Brown
30259,7,Light_Gray
30259,14,Yellow
30259,15,White
30259,70,Reddish_Brown
30259,71,Light_Bluish_Gray
30259,288,Dark_Green
30259,320,Dark_Red
3026,0,Black
3026,2,Green
3026,4,Red
3026,7,Light_Gray
3026,10,Bright_Green
3026,14,Yellow
3026,15,White
3026,71,Light_Bluish_Gray
3026,72,Dark_Bluish_Gray
30260,0,Black
30260,15,White
30261,0,Black
30261,14,Yellow
30261,15,White
30261,288,Dark_Green
30262,0,Black
30263,0,Black
30263,1,Blue
30263,2,Green
30263,4,Red
30263,7,Light_Gray
30263,14,Yellow
30263,15,White
30263,72,Dark_Bluish_Gray
3027,0,Black
3027,1,Blue
3027,2,Green
3027,4,Red
3027,7,Light_Gray
3027,8,Dark_Gray
3027,14,Yellow
3027,15,White
3027,19,Tan
3027,27,Lime
3027,28,Dark_Tan
3027,31,Lavender
3027,70,Reddish_Brown
3027,71,Light_Bluish_Gray
3027,72,Dark_Bluish_Gray
3027,74,Medium_Green
3027,288,Dark_Green
3027,320,Dark_Red
30272,7,Light_Gray
30272,71,Light_Bluish_Gray
30273,0,Black
30273,1,Blue
30273,2,Green
30273,8,Dark_Gray
30273,15,White
30273,71,Light_Bluish_Gray
30273,73,Medium_Blue
30274,0,Black
30274,8,Dark_Gray
30274,15,White
30274,19,Tan
30274,71,Light_Bluish_Gray
30274,72,Dark_Bluish_Gray
30275,0,Black
30275,4,Red
30275,6,Brown
30275,8,Dark_Gray
30275,70,Reddish_Brown
30275,484,Dark_Orange
30276,14,Yellow
30276,272,Dark_Blue
30277,0,Black
30277,1,Blue
30277,7,Light_Gray
30277,14,Yellow
30278c01,0,Black
30278c01,4,Red
30278c01,7,Light_Gray
30278c01,14,Yellow
30278c01,15,White
3028,0,Black
3028,1,Blue
3028,2,Green
3028,3,Dark_Turquoise
3028,4,Red
3028,6,Brown
3028,7,Light_Gray
3028,8,Dark_Gray
3028,10,Bright_Green
3028,14,Yellow
3028,15,White
3028,19,Tan
3028,25,Orange
3028,26,Magenta
3028,28,Dark_Tan
3028,29,Bright_Pink
3028,30,Medium_Lavender
3028,70,Reddish_Brown
3028,71,Light_Bluish_Gray
3028,72,Dark_Bluish_Gray
3028,73,Medium_Blue
3028,85,Dark_Purple
3028,212,Bright_Light_Blue
3028,288,Dark_Green
3028,308,Dark_Brown
3028,320,Dark_Red
3028,321,Dark_Azure
3028,351,Medium_Dark_Pink
3028,484,Dark_Orange
30283,0,Black
30283,1,Blue
30283,6,Brown
30283,7,Light_Gray
30283,8,Dark_Gray
30283,14,Yellow
30283,15,White
30283,25,Orange
30283,71,Light_Bluish_Gray
30283,72,Dark_Bluish_Gray
30283,272,Dark_Blue
30284,0,Black
30284,6,Brown
30284,14,Yellow
30284,70,Reddish_Brown
30285,0,Black
30285,1,Blue
30285,2,Green
30285,4,Red
30285,7,Light_Gray
30285,14,Yellow
30285,15,White
30285,25,Orange
30285,71,Light_Bluish_Gray
30285,72,Dark_Bluish_Gray
30286,8,Dark_Gray
30286,308,Dark_Brown
30287,0,Black
30287,1,Blue
30287,2,Green
30287,10,Bright_Green
30287,70,Reddish_Brown
30287,272,Dark_Blue
30288,1,Blue
30288,2,Green
30288,4,Red
30288,7,Light_Gray
30288,14,Yellow
30288,71,Light_Bluish_Gray
3029,0,Black
3029,1,Blue
3029,2,Green
3029,4,Red
3029,6,Brown
3029,7,Light_Gray
3029,8,Dark_Gray
3029,10,Bright_Green
3029,14,Yellow
3029,15,White
3029,19,Tan
3029,25,Orange
3029,27,Lime
3029,28,Dark_Tan
3029,70,Reddish_Brown
3029,71,Light_Bluish_Gray
3029,72,Dark_Bluish_Gray
3029,73,Medium_Blue
3029,74,Medium_Green
3029,115,Medium_Lime
3029,212,Bright_Light_Blue
3029,226,Bright_Light_Yellow
3029,272,Dark_Blue
3029,288,Dark_Green
3029,320,Dark_Red
3029,321,Dark_Azure
3029,322,Medium_Azure
3029,330,Olive_Green
3029,378,Sand_Green
30292,0,Black
30292,2,Green
30292,4,Red
30292,5,Dark_Pink
30292,8,Dark_Gray
30292,14,Yellow
30292,15,White
30292,19,Tan
30292,29,Bright_Pink
30292,71,Light_Bluish_Gray
30292,72,Dark_Bluish_Gray
30292,272,Dark_Blue
30292,288,Dark_Green
30293,0,Black
30293,6,Brown
30293,15,White
30293,28,Dark_Tan
30293,70,Reddish_Brown
30293,72,Dark_Bluish_Gray
30294,0,Black
30294,6,Brown
30294,15,White
30294,28,Dark_Tan
30294,70,Reddish_Brown
30294,72,Dark_Bluish_Gray
30294,288,Dark_Green
30295,8,Dark_Gray
30295,72,Dark_Bluish_Gray
30296,0,Black
30296,7,Light_Gray
30296,8,Dark_Gray
30296,14,Yellow
30296,15,White
30296,19,Tan
30296,72,Dark_Bluish_Gray
30298,6,Brown
30299,8,Dark_Gray
303,0,Black
303,7,Light_Gray
3030,0,Black
3030,1,Blue
3030,2,Green
3030,3,Dark_Turquoise
3030,4,Red
3030,5,Dark_Pink
3030,6,Brown
3030,7,Light_Gray
3030,8,Dark_Gray
3030,10,Bright_Green
3030,14,Yellow
3030,15,White
3030,19,Tan
3030,25,Orange
3030,27,Lime
3030,28,Dark_Tan
3030,29,Bright_Pink
3030,30,Medium_Lavender
3030,31,Lavender
3030,70,Reddish_Brown
3030,71,Light_Bluish_Gray
3030,72,Dark_Bluish_Gray
3030,191,Bright_Light_Orange
3030,232,Sky_Blue
3030,288,Dark_Green
3030,308,Dark_Brown
3030,320,Dark_Red
3030,322,Medium_Azure
3030,351,Medium_Dark_Pink
3030,379,Sand_Blue
30300,1,Blue
30300,4,Red
30300,7,Light_Gray
30300,8,Dark_Gray
30300,14,Yellow
30300,25,Orange
30300,27,Lime
30300,71,Light_Bluish_Gray
30303,6,Brown
30303,7,Light_Gray
30303,8,Dark_Gray
30303,19,Tan
30303,71,Light_Bluish_Gray
30303,272,Dark_Blue
30304,8,Dark_Gray
30304,15,White
30304,72,Dark_Bluish_Gray
3031,0,Black
3031,1,Blue
3031,2,Green
3031,3,Dark_Turquoise
3031,4,Red
3031,5,Dark_Pink
3031,6,Brown
3031,7,Light_Gray
3031,8,Dark_Gray
3031,10,Bright_Green
3031,14,Yellow
3031,15,White
3031,19,Tan
3031,23,Dark_Blue_Violet
3031,25,Orange
3031,26,Magenta
3031,27,Lime
3031,28,Dark_Tan
3031,29,Bright_Pink
3031,30,Medium_Lavender
3031,31,Lavender
3031,70,Reddish_Brown
3031,71,Light_Bluish_Gray
3031,72,Dark_Bluish_Gray
3031,73,Medium_Blue
3031,85,Dark_Purple
3031,89,Blue_Violet
3031,191,Bright_Light_Orange
3031,226,Bright_Light_Yellow
3031,232,Sky_Blue
3031,272,Dark_Blue
3031,288,Dark_Green
3031,313,Maersk_Blue
3031,320,Dark_Red
3031,322,Medium_Azure
3031,326,Yellowish_Green
3031,335,Sand_Red
3031,351,Medium_Dark_Pink
3031,378,Sand_Green
3031,379,Sand_Blue
3031,462,Medium_Orange
3032,0,Black
3032,1,Blue
3032,2,Green
3032,3,Dark_Turquoise
3032,4,Red
3032,6,Brown
3032,7,Light_Gray
3032,8,Dark_Gray
3032,10,Bright_Green
3032,14,Yellow
3032,15,White
3032,19,Tan
3032,25,Orange
3032,26,Magenta
3032,27,Lime
3032,28,Dark_Tan
3032,30,Medium_Lavender
3032,31,Lavender
3032,70,Reddish_Brown
3032,71,Light_Bluish_Gray
3032,72,Dark_Bluish_Gray
3032,73,Medium_Blue
3032,85,Dark_Purple
3032,89,Blue_Violet
3032,115,Medium_Lime
3032,191,Bright_Light_Orange
3032,212,Bright_Light_Blue
3032,232,Sky_Blue
3032,272,Dark_Blue
3032,288,Dark_Green
3032,313,Maersk_Blue
3032,320,Dark_Red
3032,321,Dark_Azure
3032,322,Medium_Azure
3032,323,Light_Aqua
3032,330,Olive_Green
3032,351,Medium_Dark_Pink
3032,378,Sand_Green
3032,379,Sand_Blue
3032,462,Medium_Orange
3032,484,Dark_Orange
30320,0,Black
30320,7,Light_Gray
30320,14,Yellow
30320,19,Tan
30320,72,Dark_Bluish_Gray
30322,1,Blue
30322,4,Red
30322,14,Yellow
30322,15,White
303223,0,Black
303223,1,Blue
303223,2,Green
303223,3,Dark_Turquoise
303223,4,Red
303223,6,Brown
303223,7,Light_Gray
303223,8,Dark_Gray
303223,10,Bright_Green
303223,14,Yellow
303223,15,White
303223,19,Tan
303223,25,Orange
303223,26,Magenta
303223,27,Lime
303223,28,Dark_Tan
303223,30,Medium_Lavender
303223,31,Lavender
303223,70,Reddish_Brown
303223,71,Light_Bluish_Gray
303223,72,Dark_Bluish_Gray
303223,73,Medium_Blue
303223,85,Dark_Purple
303223,89,Blue_Violet
303223,115,Medium_Lime
303223,191,Bright_Light_Orange
303223,212,Bright_Light_Blue
303223,232,Sky_Blue
303223,272,Dark_Blue
303223,288,Dark_Green
303223,313,Maersk_Blue
303223,320,Dark_Red
303223,321,Dark_Azure
303223,322,Medium_Azure
303223,323,Light_Aqua
303223,330,Olive_Green
303223,351,Medium_Dark_Pink
303223,378,Sand_Green
303223,379,Sand_Blue
303223,462,Medium_Orange
303223,484,Dark_Orange
303226,0,Black
303226,1,Blue
303226,2,Green
303226,3,Dark_Turquoise
303226,4,Red
303226,6,Brown
303226,7,Light_Gray
303226,8,Dark_Gray
303226,10,Bright_Green
303226,14,Yellow
303226,15,White
303226,19,Tan
303226,25,Orange
303226,26,Magenta
303226,27,Lime
303226,28,Dark_Tan
303226,30,Medium_Lavender
303226,31,Lavender
303226,70,Reddish_Brown
303226,71,Light_Bluish_Gray
303226,72,Dark_Bluish_Gray
303226,73,Medium_Blue
303226,85,Dark_Purple
303226,89,Blue_Violet
303226,115,Medium_Lime
303226,191,Bright_Light_Orange
303226,212,Bright_Light_Blue
303226,232,Sky_Blue
303226,272,Dark_Blue
303226,288,Dark_Green
303226,313,Maersk_Blue
303226,320,Dark_Red
303226,321,Dark_Azure
303226,322,Medium_Azure
303226,323,Light_Aqua
303226,330,Olive_Green
303226,351,Medium_Dark_Pink
303226,378,Sand_Green
303226,379,Sand_Blue
303226,462,Medium_Orange
303226,484,Dark_Orange
30323,2,Green
30323,7,Light_Gray
30323,14,Yellow
30323,15,White
30323,71,Light_Bluish_Gray
30323,72,Dark_Bluish_Gray
30324,0,Black
30324,7,Light_Gray
30324,15,White
30325,1,Blue
30325,4,Red
30325,6,Brown
30325,7,Light_Gray
30325,8,Dark_Gray
30325,27,Lime
30325,71,Light_Bluish_Gray
30325,72,Dark_Bluish_Gray
3033,0,Black
3033,1,Blue
3033,2,Green
3033,3,Dark_Turquoise
3033,4,Red
3033,7,Light_Gray
3033,8,Dark_Gray
3033,14,Yellow
3033,15,White
3033,19,Tan
3033,25,Orange
3033,26,Magenta
3033,27,Lime
3033,28,Dark_Tan
3033,31,Lavender
3033,70,Reddish_Brown
3033,71,Light_Bluish_Gray
3033,72,Dark_Bluish_Gray
3033,73,Medium_Blue
3033,85,Dark_Purple
3033,89,Blue_Violet
3033,272,Dark_Blue
3033,288,Dark_Green
3033,308,Dark_Brown
3033,320,Dark_Red
3033,321,Dark_Azure
3033,322,Medium_Azure
3033,378,Sand_Green
3033,462,Medium_Orange
3033,484,Dark_Orange
30332,0,Black
30332,2,Green
30332,6,Brown
30332,70,Reddish_Brown
30338,6,Brown
30338,70,Reddish_Brown
30339,2,Green
3034,0,Black
3034,1,Blue
3034,2,Green
3034,3,Dark_Turquoise
3034,4,Red
3034,5,Dark_Pink
3034,6,Brown
3034,7,Light_Gray
3034,8,Dark_Gray
3034,10,Bright_Green
3034,14,Yellow
3034,15,White
3034,19,Tan
3034,25,Orange
3034,26,Magenta
3034,27,Lime
3034,28,Dark_Tan
3034,29,Bright_Pink
3034,30,Medium_Lavender
3034,31,Lavender
3034,70,Reddish_Brown
3034,71,Light_Bluish_Gray
3034,72,Dark_Bluish_Gray
3034,73,Medium_Blue
3034,85,Dark_Purple
3034,118,Aqua
3034,191,Bright_Light_Orange
3034,212,Bright_Light_Blue
3034,226,Bright_Light_Yellow
3034,232,Sky_Blue
3034,272,Dark_Blue
3034,288,Dark_Green
3034,320,Dark_Red
3034,321,Dark_Azure
3034,322,Medium_Azure
3034,326,Yellowish_Green
3034,330,Olive_Green
3034,351,Medium_Dark_Pink
3034,378,Sand_Green
3034,462,Medium_Orange
3034,484,Dark_Orange
30340,0,Black
30340,2,Green
30340,4,Red
30340,14,Yellow
30340,15,White
30340,25,Orange
30340,70,Reddish_Brown
30340,72,Dark_Bluish_Gray
30340,322,Medium_Azure
30342,7,Light_Gray
30342,8,Dark_Gray
30342,71,Light_Bluish_Gray
30342,308,Dark_Brown
30343c01,0,Black
30343c01,15,White
30343c02,0,Black
30343c02,118,Aqua
30344,0,Black
30344,6,Brown
30344,8,Dark_Gray
30344,19,Tan
30346c01,8,Dark_Gray
3035,0,Black
3035,1,Blue
3035,2,Green
3035,4,Red
3035,6,Brown
3035,7,Light_Gray
3035,8,Dark_Gray
3035,10,Bright_Green
3035,14,Yellow
3035,15,White
3035,19,Tan
3035,25,Orange
3035,26,Magenta
3035,27,Lime
3035,28,Dark_Tan
3035,29,Bright_Pink
3035,31,Lavender
3035,70,Reddish_Brown
3035,71,Light_Bluish_Gray
3035,72,Dark_Bluish_Gray
3035,73,Medium_Blue
3035,85,Dark_Purple
3035,120,Light_Lime
3035,191,Bright_Light_Orange
3035,212,Bright_Light_Blue
3035,226,Bright_Light_Yellow
3035,272,Dark_Blue
3035,288,Dark_Green
3035,308,Dark_Brown
3035,313,Maersk_Blue
3035,320,Dark_Red
3035,321,Dark_Azure
3035,322,Medium_Azure
3035,323,Light_Aqua
3035,378,Sand_Green
3035,379,Sand_Blue
3035,462,Medium_Orange
3035,484,Dark_Orange
30350a,0,Black
30350a,4,Red
30350a,7,Light_Gray
30350a,14,Yellow
30350a,15,White
30350a,70,Reddish_Brown
30350a,72,Dark_Bluish_Gray
30350a,320,Dark_Red
30350b,0,Black
30350b,1,Blue
30350b,4,Red
30350b,15,White
30350b,19,Tan
30350b,26,Magenta
30350b,70,Reddish_Brown
30350b,71,Light_Bluish_Gray
30350b,72,Dark_Bluish_Gray
30350b,212,Bright_Light_Blue
30350b,272,Dark_Blue
30350b,288,Dark_Green
30350b,320,Dark_Red
30350c,0,Black
30350c,1,Blue
30350c,4,Red
30350c,15,White
30350c,70,Reddish_Brown
30350c,72,Dark_Bluish_Gray
30355,0,Black
30355,1,Blue
30355,4,Red
30355,7,Light_Gray
30355,14,Yellow
30355,15,White
30355,19,Tan
30355,28,Dark_Tan
30355,70,Reddish_Brown
30355,71,Light_Bluish_Gray
30355,72,Dark_Bluish_Gray
30355,272,Dark_Blue
30355,320,Dark_Red
30355,322,Medium_Azure
30355,379,Sand_Blue
30356,0,Black
30356,1,Blue
30356,4,Red
30356,7,Light_Gray
30356,14,Yellow
30356,15,White
30356,28,Dark_Tan
30356,70,Reddish_Brown
30356,71,Light_Bluish_Gray
30356,72,Dark_Bluish_Gray
30356,272,Dark_Blue
30356,320,Dark_Red
30356,322,Medium_Azure
30356,379,Sand_Blue
30357,0,Black
30357,1,Blue
30357,2,Green
30357,3,Dark_Turquoise
30357,4,Red
30357,5,Dark_Pink
30357,6,Brown
30357,7,Light_Gray
30357,8,Dark_Gray
30357,10,Bright_Green
30357,14,Yellow
30357,15,White
30357,19,Tan
30357,25,Orange
30357,26,Magenta
30357,27,Lime
30357,28,Dark_Tan
30357,29,Bright_Pink
30357,30,Medium_Lavender
30357,31,Lavender
30357,70,Reddish_Brown
30357,71,Light_Bluish_Gray
30357,72,Dark_Bluish_Gray
30357,73,Medium_Blue
30357,85,Dark_Purple
30357,191,Bright_Light_Orange
30357,226,Bright_Light_Yellow
30357,232,Sky_Blue
30357,272,Dark_Blue
30357,288,Dark_Green
30357,320,Dark_Red
30357,321,Dark_Azure
30357,322,Medium_Azure
30357,323,Light_Aqua
30357,326,Yellowish_Green
30357,330,Olive_Green
30357,379,Sand_Blue
30357,484,Dark_Orange
30358,0,Black
30358,4,Red
30358,8,Dark_Gray
30358,15,White
30358,19,Tan
30358,71,Light_Bluish_Gray
30358,72,Dark_Bluish_Gray
30359,0,Black
30359,8,Dark_Gray
30359,19,Tan
30359,335,Sand_Red
30359,379,Sand_Blue
30359a,0,Black
30359a,8,Dark_Gray
30359a,19,Tan
30359a,335,Sand_Red
30359a,379,Sand_Blue
30359b,0,Black
30359b,8,Dark_Gray
30359b,14,Yellow
30359b,15,White
30359b,70,Reddish_Brown
30359b,71,Light_Bluish_Gray
30359b,72,Dark_Bluish_Gray
30359b,272,Dark_Blue
3036,0,Black
3036,1,Blue
3036,2,Green
3036,3,Dark_Turquoise
3036,4,Red
3036,5,Dark_Pink
3036,6,Brown
3036,7,Light_Gray
3036,8,Dark_Gray
3036,10,Bright_Green
3036,14,Yellow
3036,15,White
3036,18,Light_Yellow
3036,19,Tan
3036,25,Orange
3036,26,Magenta
3036,27,Lime
3036,28,Dark_Tan
3036,29,Bright_Pink
3036,30,Medium_Lavender
3036,31,Lavender
3036,70,Reddish_Brown
3036,71,Light_Bluish_Gray
3036,72,Dark_Bluish_Gray
3036,73,Medium_Blue
3036,191,Bright_Light_Orange
3036,212,Bright_Light_Blue
3036,272,Dark_Blue
3036,288,Dark_Green
3036,320,Dark_Red
3036,321,Dark_Azure
3036,322,Medium_Azure
3036,378,Sand_Green
3036,379,Sand_Blue
3036,462,Medium_Orange
30360,0,Black
30360,4,Red
30360,7,Light_Gray
30360,8,Dark_Gray
30360,14,Yellow
30360,15,White
30360,19,Tan
30360,25,Orange
30360,71,Light_Bluish_Gray
30360,72,Dark_Bluish_Gray
30360,288,Dark_Green
30360,320,Dark_Red
30361,7,Light_Gray
30361,378,Sand_Green
30361a,7,Light_Gray
30361a,378,Sand_Green
30361d,0,Black
30361d,1,Blue
30361d,2,Green
30361d,4,Red
30361d,7,Light_Gray
30361d,14,Yellow
30361d,15,White
30361d,19,Tan
30361d,27,Lime
30361d,29,Bright_Pink
30361d,31,Lavender
30361d,70,Reddish_Brown
30361d,71,Light_Bluish_Gray
30361d,72,Dark_Bluish_Gray
30361d,272,Dark_Blue
30361d,288,Dark_Green
30361d,378,Sand_Green
30361d,379,Sand_Blue
30362,0,Black
30362,1,Blue
30362,2,Green
30362,3,Dark_Turquoise
30362,5,Dark_Pink
30362,14,Yellow
30362,15,White
30362,71,Light_Bluish_Gray
30362,72,Dark_Bluish_Gray
30362,272,Dark_Blue
30362,288,Dark_Green
30362,320,Dark_Red
30362a,0,Black
30362a,1,Blue
30362a,2,Green
30362a,3,Dark_Turquoise
30362a,5,Dark_Pink
30362a,14,Yellow
30362a,15,White
30362a,71,Light_Bluish_Gray
30362a,72,Dark_Bluish_Gray
30362a,272,Dark_Blue
30362a,288,Dark_Green
30362a,320,Dark_Red
30363,0,Black
30363,1,Blue
30363,2,Green
30363,4,Red
30363,6,Brown
30363,7,Light_Gray
30363,8,Dark_Gray
30363,14,Yellow
30363,15,White
30363,19,Tan
30363,25,Orange
30363,26,Magenta
30363,27,Lime
30363,30,Medium_Lavender
30363,31,Lavender
30363,70,Reddish_Brown
30363,71,Light_Bluish_Gray
30363,72,Dark_Bluish_Gray
30363,85,Dark_Purple
30363,212,Bright_Light_Blue
30363,272,Dark_Blue
30363,320,Dark_Red
30363,322,Medium_Azure
30363,378,Sand_Green
30364,0,Black
30364,1,Blue
30364,2,Green
30364,4,Red
30364,7,Light_Gray
30364,8,Dark_Gray
30364,14,Yellow
30364,15,White
30364,19,Tan
30364,25,Orange
30364,27,Lime
30364,71,Light_Bluish_Gray
30364,72,Dark_Bluish_Gray
30364,73,Medium_Blue
30365,0,Black
30365,1,Blue
30365,2,Green
30365,4,Red
30365,7,Light_Gray
30365,8,Dark_Gray
30365,14,Yellow
30365,15,White
30365,19,Tan
30365,25,Orange
30365,27,Lime
30365,71,Light_Bluish_Gray
30365,72,Dark_Bluish_Gray
30365,73,Medium_Blue
30365,118,Aqua
30366,0,Black
30366,6,Brown
30366,7,Light_Gray
30366,8,Dark_Gray
30366,19,Tan
30366,71,Light_Bluish_Gray
30367a,0,Black
30367a,4,Red
30367a,7,Light_Gray
30367a,14,Yellow
30367a,15,White
30367a,19,Tan
30367a,25,Orange
30367b,0,Black
30367b,1,Blue
30367b,2,Green
30367b,4,Red
30367b,7,Light_Gray
30367b,14,Yellow
30367b,15,White
30367b,19,Tan
30367b,25,Orange
30367b,27,Lime
30367b,28,Dark_Tan
30367b,70,Reddish_Brown
30367b,71,Light_Bluish_Gray
30367b,72,Dark_Bluish_Gray
30367b,85,Dark_Purple
30367b,288,Dark_Green
30367b,320,Dark_Red
30367b,322,Medium_Azure
30367c,0,Black
30367c,1,Blue
30367c,2,Green
30367c,3,Dark_Turquoise
30367c,4,Red
30367c,7,Light_Gray
30367c,10,Bright_Green
30367c,14,Yellow
30367c,15,White
30367c,19,Tan
30367c,25,Orange
30367c,26,Magenta
30367c,27,Lime
30367c,28,Dark_Tan
30367c,29,Bright_Pink
30367c,70,Reddish_Brown
30367c,71,Light_Bluish_Gray
30367c,72,Dark_Bluish_Gray
30367c,85,Dark_Purple
30367c,212,Bright_Light_Blue
30367c,226,Bright_Light_Yellow
30367c,288,Dark_Green
30367c,320,Dark_Red
30367c,322,Medium_Azure
30367c,326,Yellowish_Green
30367c,378,Sand_Green
30368,0,Black
30369,15,White
30369,378,Sand_Green
3037,0,Black
3037,1,Blue
3037,2,Green
3037,3,Dark_Turquoise
3037,4,Red
3037,6,Brown
3037,7,Light_Gray
3037,8,Dark_Gray
3037,14,Yellow
3037,15,White
3037,19,Tan
3037,25,Orange
3037,26,Magenta
3037,30,Medium_Lavender
3037,70,Reddish_Brown
3037,71,Light_Bluish_Gray
3037,72,Dark_Bluish_Gray
3037,73,Medium_Blue
3037,85,Dark_Purple
3037,191,Bright_Light_Orange
3037,212,Bright_Light_Blue
3037,272,Dark_Blue
3037,288,Dark_Green
3037,320,Dark_Red
3037,322,Medium_Azure
3037,330,Olive_Green
3037,335,Sand_Red
3037,378,Sand_Green
3037,379,Sand_Blue
3037,484,Dark_Orange
30370,4,Red
30370,15,White
30370,70,Reddish_Brown
30370,71,Light_Bluish_Gray
30371,19,Tan
30372,7,Light_Gray
30372,15,White
30372,72,Dark_Bluish_Gray
30373,0,Black
30373,7,Light_Gray
30373,8,Dark_Gray
30373,15,White
30373,19,Tan
30373,72,Dark_Bluish_Gray
30373,151,Very_Light_Bluish_Gray
30374,0,Black
30374,1,Blue
30374,2,Green
30374,4,Red
30374,6,Brown
30374,7,Light_Gray
30374,8,Dark_Gray
30374,14,Yellow
30374,15,White
30374,19,Tan
30374,25,Orange
30374,27,Lime
30374,28,Dark_Tan
30374,70,Reddish_Brown
30374,71,Light_Bluish_Gray
30374,72,Dark_Bluish_Gray
30374,191,Bright_Light_Orange
30374,288,Dark_Green
30374,308,Dark_Brown
30374,321,Dark_Azure
30374,326,Yellowish_Green
30374,379,Sand_Blue
30375,0,Black
30375,1,Blue
30375,4,Red
30375,7,Light_Gray
30375,8,Dark_Gray
30375,14,Yellow
30375,15,White
30375,19,Tan
30375,22,Purple
30375,25,Orange
30375,26,Magenta
30375,27,Lime
30375,28,Dark_Tan
30375,71,Light_Bluish_Gray
30375,72,Dark_Bluish_Gray
30375,115,Medium_Lime
30375,308,Dark_Brown
30375,320,Dark_Red
30375,330,Olive_Green
30375,335,Sand_Red
30375,373,Sand_Purple
30375,484,Dark_Orange
30376,0,Black
30376,8,Dark_Gray
30376,15,White
30376,19,Tan
30376,71,Light_Bluish_Gray
30376,72,Dark_Bluish_Gray
30376,335,Sand_Red
30376,484,Dark_Orange
30377,0,Black
30377,1,Blue
30377,2,Green
30377,3,Dark_Turquoise
30377,4,Red
30377,7,Light_Gray
30377,8,Dark_Gray
30377,15,White
30377,19,Tan
30377,28,Dark_Tan
30377,71,Light_Bluish_Gray
30377,72,Dark_Bluish_Gray
30377,74,Medium_Green
30377,85,Dark_Purple
30377,272,Dark_Blue
30377,308,Dark_Brown
30377,335,Sand_Red
30377,379,Sand_Blue
30377,484,Dark_Orange
30378,15,White
30378,19,Tan
30378,335,Sand_Red
30378,484,Dark_Orange
3037b,0,Black
3037b,14,Yellow
3037b,15,White
3037b,71,Light_Bluish_Gray
3037b,72,Dark_Bluish_Gray
3038,0,Black
3038,1,Blue
3038,2,Green
3038,4,Red
3038,5,Dark_Pink
3038,6,Brown
3038,7,Light_Gray
3038,8,Dark_Gray
3038,14,Yellow
3038,15,White
3038,19,Tan
3038,28,Dark_Tan
3038,30,Medium_Lavender
3038,70,Reddish_Brown
3038,71,Light_Bluish_Gray
3038,72,Dark_Bluish_Gray
3038,272,Dark_Blue
3038,288,Dark_Green
3038,320,Dark_Red
3038,484,Dark_Orange
30380,2,Green
30380,15,White
30381,0,Black
30381,1,Blue
30381,4,Red
30381,6,Brown
30381,15,White
30381,25,Orange
30381,70,Reddish_Brown
30381,72,Dark_Bluish_Gray
30381,85,Dark_Purple
30381,272,Dark_Blue
30381,288,Dark_Green
30381,320,Dark_Red
30382,0,Black
30382,6,Brown
30382,70,Reddish_Brown
30382,71,Light_Bluish_Gray
30382,72,Dark_Bluish_Gray
30382,272,Dark_Blue
30382,323,Light_Aqua
30382,330,Olive_Green
30382,379,Sand_Blue
30383,0,Black
30383,1,Blue
30383,2,Green
30383,4,Red
30383,7,Light_Gray
30383,8,Dark_Gray
30383,14,Yellow
30383,15,White
30383,19,Tan
30383,25,Orange
30383,27,Lime
30383,28,Dark_Tan
30383,70,Reddish_Brown
30383,71,Light_Bluish_Gray
30383,72,Dark_Bluish_Gray
30383,73,Medium_Blue
30383,118,Aqua
30383,379,Sand_Blue
30384,6,Brown
30384,70,Reddish_Brown
30385,14,Yellow
30385,15,White
30385,288,Dark_Green
30385,378,Sand_Green
30386,0,Black
30386,1,Blue
30386,2,Green
30386,4,Red
30386,7,Light_Gray
30386,14,Yellow
30386,15,White
30386,19,Tan
30386,25,Orange
30386,27,Lime
30386,70,Reddish_Brown
30386,71,Light_Bluish_Gray
30386,73,Medium_Blue
30386,272,Dark_Blue
30386,379,Sand_Blue
30387,4,Red
30387,7,Light_Gray
30387,14,Yellow
30387,15,White
30387,71,Light_Bluish_Gray
30387,85,Dark_Purple
30387,272,Dark_Blue
30388,0,Black
30388,1,Blue
30388,4,Red
30388,7,Light_Gray
30388,14,Yellow
30388,19,Tan
30388,71,Light_Bluish_Gray
30388,320,Dark_Red
30389a,0,Black
30389a,1,Blue
30389a,4,Red
30389a,7,Light_Gray
30389a,14,Yellow
30389a,19,Tan
30389b,0,Black
30389b,1,Blue
30389b,4,Red
30389b,7,Light_Gray
30389b,14,Yellow
30389b,71,Light_Bluish_Gray
30389b,72,Dark_Bluish_Gray
30389c,0,Black
30389c,1,Blue
30389c,4,Red
30389c,7,Light_Gray
30389c,14,Yellow
30389c,15,White
30389c,71,Light_Bluish_Gray
30389c,72,Dark_Bluish_Gray
3039,0,Black
3039,1,Blue
3039,2,Green
3039,3,Dark_Turquoise
3039,4,Red
3039,6,Brown
3039,7,Light_Gray
3039,8,Dark_Gray
3039,14,Yellow
3039,15,White
3039,19,Tan
3039,22,Purple
3039,25,Orange
3039,26,Magenta
3039,27,Lime
3039,28,Dark_Tan
3039,29,Bright_Pink
3039,30,Medium_Lavender
3039,31,Lavender
3039,69,Light_Purple
3039,70,Reddish_Brown
3039,71,Light_Bluish_Gray
3039,72,Dark_Bluish_Gray
3039,73,Medium_Blue
3039,85,Dark_Purple
3039,191,Bright_Light_Orange
3039,212,Bright_Light_Blue
3039,272,Dark_Blue
3039,288,Dark_Green
3039,313,Maersk_Blue
3039,320,Dark_Red
3039,321,Dark_Azure
3039,322,Medium_Azure
3039,323,Light_Aqua
3039,330,Olive_Green
3039,335,Sand_Red
3039,378,Sand_Green
3039,379,Sand_Blue
3039,484,Dark_Orange
30391,0,Black
303923,0,Black
303923,1,Blue
303923,2,Green
303923,3,Dark_Turquoise
303923,4,Red
303923,6,Brown
303923,7,Light_Gray
303923,8,Dark_Gray
303923,14,Yellow
303923,15,White
303923,19,Tan
303923,22,Purple
303923,25,Orange
303923,26,Magenta
303923,27,Lime
303923,28,Dark_Tan
303923,29,Bright_Pink
303923,30,Medium_Lavender
303923,31,Lavender
303923,69,Light_Purple
303923,70,Reddish_Brown
303923,71,Light_Bluish_Gray
303923,72,Dark_Bluish_Gray
303923,73,Medium_Blue
303923,85,Dark_Purple
303923,191,Bright_Light_Orange
303923,212,Bright_Light_Blue
303923,272,Dark_Blue
303923,288,Dark_Green
303923,313,Maersk_Blue
303923,320,Dark_Red
303923,321,Dark_Azure
303923,322,Medium_Azure
303923,323,Light_Aqua
303923,330,Olive_Green
303923,335,Sand_Red
303923,378,Sand_Green
303923,379,Sand_Blue
303923,484,Dark_Orange
303926,0,Black
303926,1,Blue
303926,2,Green
303926,3,Dark_Turquoise
303926,4,Red
303926,6,Brown
303926,7,Light_Gray
303926,8,Dark_Gray
303926,14,Yellow
303926,15,White
303926,19,Tan
303926,22,Purple
303926,25,Orange
303926,26,Magenta
303926,27,Lime
303926,28,Dark_Tan
303926,29,Bright_Pink
303926,30,Medium_Lavender
303926,31,Lavender
303926,69,Light_Purple
303926,70,Reddish_Brown
303926,71,Light_Bluish_Gray
303926,72,Dark_Bluish_Gray
303926,73,Medium_Blue
303926,85,Dark_Purple
303926,191,Bright_Light_Orange
303926,212,Bright_Light_Blue
303926,272,Dark_Blue
303926,288,Dark_Green
303926,313,Maersk_Blue
303926,320,Dark_Red
303926,321,Dark_Azure
303926,322,Medium_Azure
303926,323,Light_Aqua
303926,330,Olive_Green
303926,335,Sand_Red
303926,378,Sand_Green
303926,379,Sand_Blue
303926,484,Dark_Orange
30394,0,Black
30394,1,Blue
30394,2,Green
30394,4,Red
30394,14,Yellow
30394,15,White
30394,25,Orange
30395,8,Dark_Gray
30395,72,Dark_Bluish_Gray
30395,320,Dark_Red
30396,0,Black
30396,1,Blue
30396,4,Red
30396,14,Yellow
30396,15,White
30396,25,Orange
30396,70,Reddish_Brown
30397,0,Black
30397,1,Blue
30397,7,Light_Gray
30398,14,Yellow
30399,7,Light_Gray
30400,0,Black
30400,1,Blue
30400,2,Green
30400,4,Red
30400,14,Yellow
30400,15,White
30401,72,Dark_Bluish_Gray
30407,0,Black
30407,1,Blue
30407,4,Red
30407,6,Brown
30407,7,Light_Gray
30407,8,Dark_Gray
30407,14,Yellow
30407,15,White
30407,25,Orange
30407,72,Dark_Bluish_Gray
30408,0,Black
30408,1,Blue
30408,15,White
30409,6,Brown
30409,70,Reddish_Brown
3040a,0,Black
3040a,1,Blue
3040a,4,Red
3040a,7,Light_Gray
3040a,14,Yellow
3040a,15,White
3040b,0,Black
3040b,1,Blue
3040b,2,Green
3040b,3,Dark_Turquoise
3040b,4,Red
3040b,5,Dark_Pink
3040b,6,Brown
3040b,7,Light_Gray
3040b,8,Dark_Gray
3040b,10,Bright_Green
3040b,14,Yellow
3040b,15,White
3040b,19,Tan
3040b,25,Orange
3040b,26,Magenta
3040b,27,Lime
3040b,28,Dark_Tan
3040b,29,Bright_Pink
3040b,30,Medium_Lavender
3040b,70,Reddish_Brown
3040b,71,Light_Bluish_Gray
3040b,72,Dark_Bluish_Gray
3040b,73,Medium_Blue
3040b,85,Dark_Purple
3040b,191,Bright_Light_Orange
3040b,212,Bright_Light_Blue
3040b,272,Dark_Blue
3040b,288,Dark_Green
3040b,308,Dark_Brown
3040b,320,Dark_Red
3040b,321,Dark_Azure
3040b,322,Medium_Azure
3040b,323,Light_Aqua
3040b,326,Yellowish_Green
3040b,330,Olive_Green
3040b,351,Medium_Dark_Pink
3040b,378,Sand_Green
3040b,379,Sand_Blue
3040b,484,Dark_Orange
3041,0,Black
3041,1,Blue
3041,2,Green
3041,4,Red
3041,5,Dark_Pink
3041,6,Brown
3041,7,Light_Gray
3041,8,Dark_Gray
3041,14,Yellow
3041,15,White
3041,19,Tan
3041,25,Orange
3041,29,Bright_Pink
3041,71,Light_Bluish_Gray
3041,72,Dark_Bluish_Gray
3041,272,Dark_Blue
3041,308,Dark_Brown
3041,335,Sand_Red
3041,378,Sand_Green
3041,379,Sand_Blue
3041,484,Dark_Orange
30414,0,Black
30414,1,Blue
30414,2,Green
30414,4,Red
30414,6,Brown
30414,7,Light_Gray
30414,8,Dark_Gray
30414,14,Yellow
30414,15,White
30414,19,Tan
30414,25,Orange
30414,26,Magenta
30414,27,Lime
30414,29,Bright_Pink
30414,70,Reddish_Brown
30414,71,Light_Bluish_Gray
30414,72,Dark_Bluish_Gray
30414,73,Medium_Blue
30414,85,Dark_Purple
30414,191,Bright_Light_Orange
30414,212,Bright_Light_Blue
30414,288,Dark_Green
30414,320,Dark_Red
30414,321,Dark_Azure
30414,322,Medium_Azure
30414,323,Light_Aqua
30414,330,Olive_Green
30414,378,Sand_Green
3042,0,Black
3042,1,Blue
3042,4,Red
3043,0,Black
3043,1,Blue
3043,2,Green
3043,4,Red
3043,6,Brown
3043,7,Light_Gray
3043,8,Dark_Gray
3043,14,Yellow
3043,15,White
3043,19,Tan
3043,25,Orange
3043,27,Lime
3043,28,Dark_Tan
3043,30,Medium_Lavender
3043,70,Reddish_Brown
3043,71,Light_Bluish_Gray
3043,72,Dark_Bluish_Gray
3043,85,Dark_Purple
3043,272,Dark_Blue
3043,320,Dark_Red
3043,378,Sand_Green
3043,379,Sand_Blue
3043,484,Dark_Orange
3044a,0,Black
3044a,1,Blue
3044a,4,Red
3044b,0,Black
3044b,1,Blue
3044b,2,Green
3044b,4,Red
3044b,6,Brown
3044b,7,Light_Gray
3044b,8,Dark_Gray
3044b,14,Yellow
3044b,15,White
3044b,19,Tan
3044b,71,Light_Bluish_Gray
3044b,72,Dark_Bluish_Gray
3044b,484,Dark_Orange
3044c,0,Black
3044c,1,Blue
3044c,2,Green
3044c,3,Dark_Turquoise
3044c,4,Red
3044c,14,Yellow
3044c,15,White
3044c,19,Tan
3044c,25,Orange
3044c,70,Reddish_Brown
3044c,71,Light_Bluish_Gray
3044c,72,Dark_Bluish_Gray
3044c,272,Dark_Blue
3044c,288,Dark_Green
3044c,378,Sand_Green
3045,0,Black
3045,1,Blue
3045,2,Green
3045,3,Dark_Turquoise
3045,4,Red
3045,6,Brown
3045,7,Light_Gray
3045,8,Dark_Gray
3045,14,Yellow
3045,15,White
3045,19,Tan
3045,25,Orange
3045,27,Lime
3045,28,Dark_Tan
3045,31,Lavender
3045,70,Reddish_Brown
3045,71,Light_Bluish_Gray
3045,72,Dark_Bluish_Gray
3045,73,Medium_Blue
3045,85,Dark_Purple
3045,191,Bright_Light_Orange
3045,272,Dark_Blue
3045,288,Dark_Green
3045,320,Dark_Red
3045,322,Medium_Azure
3045,323,Light_Aqua
3045,378,Sand_Green
3045,484,Dark_Orange
30456,2,Green
30456,8,Dark_Gray
30456,72,Dark_Bluish_Gray
30459,2,Green
30459,7,Light_Gray
30459,8,Dark_Gray
30459,70,Reddish_Brown
30459,72,Dark_Bluish_Gray
30459,378,Sand_Green
30459,379,Sand_Blue
30459,484,Dark_Orange
30460,8,Dark_Gray
30460,72,Dark_Bluish_Gray
30462,0,Black
30462,7,Light_Gray
30462,484,Dark_Orange
30464,2,Green
30464,4,Red
30464,19,Tan
30464,72,Dark_Bluish_Gray
30464,378,Sand_Green
30475,0,Black
30475,6,Brown
30475,70,Reddish_Brown
30475,308,Dark_Brown
30478,4,Red
30478,19,Tan
30478,484,Dark_Orange
30480,0,Black
30480,4,Red
30480,15,White
30480,320,Dark_Red
30489,2,Green
30489,19,Tan
30489,378,Sand_Green
3048a,0,Black
3048a,1,Blue
3048a,4,Red
3048a,14,Yellow
3048b,0,Black
3048b,15,White
3048b,72,Dark_Bluish_Gray
30492,1,Blue
30492,2,Green
30492,4,Red
30492,19,Tan
30492,378,Sand_Green
30499,0,Black
30499,1,Blue
30499,2,Green
30499,3,Dark_Turquoise
30499,4,Red
30499,6,Brown
30499,7,Light_Gray
30499,8,Dark_Gray
30499,14,Yellow
30499,15,White
30499,19,Tan
30499,27,Lime
30499,28,Dark_Tan
30499,70,Reddish_Brown
30499,71,Light_Bluish_Gray
30499,72,Dark_Bluish_Gray
30499,85,Dark_Purple
30499,308,Dark_Brown
30499,320,Dark_Red
30499,378,Sand_Green
3049a,1,Blue
3049a,4,Red
3049c,0,Black
3049c,1,Blue
3049c,2,Green
3049c,4,Red
3049c,7,Light_Gray
3049c,8,Dark_Gray
3049c,15,White
3049c,19,Tan
3049c,71,Light_Bluish_Gray
3049c,272,Dark_Blue
3049c,320,Dark_Red
3049c,379,Sand_Blue
3049c,484,Dark_Orange
3049d,0,Black
3049d,1,Blue
3049d,2,Green
3049d,4,Red
3049d,8,Dark_Gray
3049d,14,Yellow
3049d,15,White
3049d,17,Light_Green
3049d,19,Tan
3049d,27,Lime
3049d,28,Dark_Tan
3049d,70,Reddish_Brown
3049d,71,Light_Bluish_Gray
3049d,72,Dark_Bluish_Gray
3049d,73,Medium_Blue
3049d,85,Dark_Purple
3049d,191,Bright_Light_Orange
3049d,212,Bright_Light_Blue
3049d,272,Dark_Blue
3049d,288,Dark_Green
3049d,308,Dark_Brown
3049d,320,Dark_Red
3049d,379,Sand_Blue
305,0,Black
305,1,Blue
305,2,Green
305,4,Red
305,6,Brown
305,7,Light_Gray
305,8,Dark_Gray
305,14,Yellow
305,15,White
305,18,Light_Yellow
305,19,Tan
305,25,Orange
305,70,Reddish_Brown
305,71,Light_Bluish_Gray
305,72,Dark_Bluish_Gray
305,191,Bright_Light_Orange
305,216,Rust
305,320,Dark_Red
30503,0,Black
30503,1,Blue
30503,2,Green
30503,4,Red
30503,6,Brown
30503,8,Dark_Gray
30503,14,Yellow
30503,15,White
30503,19,Tan
30503,25,Orange
30503,26,Magenta
30503,27,Lime
30503,70,Reddish_Brown
30503,71,Light_Bluish_Gray
30503,72,Dark_Bluish_Gray
30503,191,Bright_Light_Orange
30503,212,Bright_Light_Blue
30503,272,Dark_Blue
30503,288,Dark_Green
30503,308,Dark_Brown
30503,320,Dark_Red
30503,330,Olive_Green
30503,378,Sand_Green
30503,379,Sand_Blue
30503,484,Dark_Orange
30504,0,Black
30504,1,Blue
30504,2,Green
30504,3,Dark_Turquoise
30504,4,Red
30504,6,Brown
30504,8,Dark_Gray
30504,15,White
30504,19,Tan
30504,27,Lime
30504,28,Dark_Tan
30504,70,Reddish_Brown
30504,71,Light_Bluish_Gray
30504,72,Dark_Bluish_Gray
30504,191,Bright_Light_Orange
30504,272,Dark_Blue
30504,288,Dark_Green
30504,320,Dark_Red
30504,321,Dark_Azure
30504,322,Medium_Azure
30504,323,Light_Aqua
30505,0,Black
30505,4,Red
30505,6,Brown
30505,15,White
30505,19,Tan
30505,70,Reddish_Brown
30505,72,Dark_Bluish_Gray
30505,288,Dark_Green
30516,0,Black
30516,1,Blue
30516,4,Red
30516,15,White
30516,71,Light_Bluish_Gray
30517,0,Black
30517,8,Dark_Gray
30517,14,Yellow
30517,15,White
30517,72,Dark_Bluish_Gray
30518,0,Black
30518,4,Red
30520,1,Blue
30520,8,Dark_Gray
30520,15,White
30526,1,Blue
30526,2,Green
30526,7,Light_Gray
30526,8,Dark_Gray
30526,15,White
30526,19,Tan
30526,71,Light_Bluish_Gray
30526,72,Dark_Bluish_Gray
30526,272,Dark_Blue
30528,0,Black
30528,373,Sand_Purple
30530,0,Black
30530,1,Blue
30530,4,Red
30530,7,Light_Gray
30530,15,White
30530,19,Tan
30530,22,Purple
30530,25,Orange
30530,26,Magenta
30530,27,Lime
30530,115,Medium_Lime
30530,373,Sand_Purple
30535,0,Black
30535,4,Red
30535,8,Dark_Gray
30535,15,White
30535,373,Sand_Purple
30536,0,Black
30536,15,White
30536,19,Tan
30536,335,Sand_Red
30536,373,Sand_Purple
30536,379,Sand_Blue
30540,0,Black
30540,1,Blue
30540,2,Green
30540,4,Red
30540,6,Brown
30540,7,Light_Gray
30540,8,Dark_Gray
30540,14,Yellow
30540,15,White
30540,19,Tan
30540,25,Orange
30540,27,Lime
30540,70,Reddish_Brown
30540,71,Light_Bluish_Gray
30540,72,Dark_Bluish_Gray
30540,73,Medium_Blue
30541,0,Black
30541,1,Blue
30541,4,Red
30541,8,Dark_Gray
30541,14,Yellow
30541,15,White
30541,26,Magenta
30541,320,Dark_Red
30552,0,Black
30552,2,Green
30552,4,Red
30552,7,Light_Gray
30552,8,Dark_Gray
30552,71,Light_Bluish_Gray
30552,72,Dark_Bluish_Gray
30553,0,Black
30553,1,Blue
30553,8,Dark_Gray
30553,15,White
30553,19,Tan
30553,71,Light_Bluish_Gray
30553,72,Dark_Bluish_Gray
30553,85,Dark_Purple
30553,378,Sand_Green
30554a,0,Black
30554a,7,Light_Gray
30554a,8,Dark_Gray
30554a,71,Light_Bluish_Gray
30554a,72,Dark_Bluish_Gray
30554b,0,Black
30554b,7,Light_Gray
30554b,8,Dark_Gray
30554b,25,Orange
30554b,71,Light_Bluish_Gray
30561,0,Black
30561,4,Red
30562,0,Black
30562,3,Dark_Turquoise
30562,4,Red
30562,7,Light_Gray
30562,10,Bright_Green
30562,15,White
30562,19,Tan
30562,25,Orange
30562,27,Lime
30562,31,Lavender
30562,71,Light_Bluish_Gray
30562,72,Dark_Bluish_Gray
30562,85,Dark_Purple
30562,191,Bright_Light_Orange
30562,212,Bright_Light_Blue
30562,226,Bright_Light_Yellow
30562,272,Dark_Blue
30562,320,Dark_Red
30562,323,Light_Aqua
30562,484,Dark_Orange
30565,0,Black
30565,1,Blue
30565,2,Green
30565,3,Dark_Turquoise
30565,4,Red
30565,5,Dark_Pink
30565,6,Brown
30565,7,Light_Gray
30565,10,Bright_Green
30565,14,Yellow
30565,15,White
30565,19,Tan
30565,25,Orange
30565,26,Magenta
30565,27,Lime
30565,28,Dark_Tan
30565,29,Bright_Pink
30565,30,Medium_Lavender
30565,31,Lavender
30565,70,Reddish_Brown
30565,71,Light_Bluish_Gray
30565,72,Dark_Bluish_Gray
30565,85,Dark_Purple
30565,191,Bright_Light_Orange
30565,212,Bright_Light_Blue
30565,272,Dark_Blue
30565,288,Dark_Green
30565,320,Dark_Red
30565,321,Dark_Azure
30565,322,Medium_Azure
30565,330,Olive_Green
30565,335,Sand_Red
30565,378,Sand_Green
30565,379,Sand_Blue
30565,484,Dark_Orange
30585a,373,Sand_Purple
30585b,373,Sand_Purple
30586,0,Black
30586,1,Blue
30586,4,Red
30586,14,Yellow
30586,15,White
30586,19,Tan
30586,25,Orange
30586,28,Dark_Tan
30586,71,Light_Bluish_Gray
30586,72,Dark_Bluish_Gray
30586,272,Dark_Blue
30586,321,Dark_Azure
30586,373,Sand_Purple
3058a,7,Light_Gray
3058b,0,Black
3058b,4,Red
3058b,7,Light_Gray
30592,1,Blue
30592,7,Light_Gray
30592,15,White
30592,71,Light_Bluish_Gray
30592,72,Dark_Bluish_Gray
30592,272,Dark_Blue
30593,0,Black
30596,25,Orange
30596,73,Medium_Blue
30596,226,Bright_Light_Yellow
306,0,Black
306,1,Blue
306,2,Green
306,4,Red
306,6,Brown
306,7,Light_Gray
306,8,Dark_Gray
306,14,Yellow
306,15,White
306,19,Tan
306,27,Lime
306,71,Light_Bluish_Gray
306,351,Medium_Dark_Pink
306,484,Dark_Orange
30601,0,Black
30601,1,Blue
30601,3,Dark_Turquoise
30601,8,Dark_Gray
30601,15,White
30601,25,Orange
30601,110,Violet
30601,272,Dark_Blue
30602,0,Black
30602,1,Blue
30602,2,Green
30602,3,Dark_Turquoise
30602,4,Red
30602,8,Dark_Gray
30602,10,Bright_Green
30602,14,Yellow
30602,15,White
30602,19,Tan
30602,22,Purple
30602,25,Orange
30602,27,Lime
30602,28,Dark_Tan
30602,70,Reddish_Brown
30602,71,Light_Bluish_Gray
30602,72,Dark_Bluish_Gray
30602,73,Medium_Blue
30602,85,Dark_Purple
30602,110,Violet
30602,151,Very_Light_Bluish_Gray
30602,191,Bright_Light_Orange
30602,272,Dark_Blue
30602,288,Dark_Green
30602,320,Dark_Red
30602,373,Sand_Purple
30602,378,Sand_Green
30602,379,Sand_Blue
30602,462,Medium_Orange
30603,0,Black
30603,1,Blue
30603,2,Green
30603,3,Dark_Turquoise
30603,4,Red
30603,14,Yellow
30603,15,White
30603,19,Tan
30603,25,Orange
30603,27,Lime
30603,71,Light_Bluish_Gray
30603,72,Dark_Bluish_Gray
30603,73,Medium_Blue
30603,272,Dark_Blue
30608,0,Black
30608,6,Brown
30608,7,Light_Gray
30608,19,Tan
30608,70,Reddish_Brown
30608,484,Dark_Orange
30613,0,Black
30613,15,White
30613,19,Tan
30613,71,Light_Bluish_Gray
30613,226,Bright_Light_Yellow
30614,5,Dark_Pink
30614,378,Sand_Green
30619,2,Green
30619,4,Red
30619,14,Yellow
30619,15,White
30619,25,Orange
3062,0,Black
3062,1,Blue
3062,2,Green
3062,3,Dark_Turquoise
3062,4,Red
3062,5,Dark_Pink
3062,6,Brown
3062,7,Light_Gray
3062,8,Dark_Gray
3062,10,Bright_Green
3062,14,Yellow
3062,15,White
3062,19,Tan
3062,25,Orange
3062,26,Magenta
3062,27,Lime
3062,29,Bright_Pink
3062,31,Lavender
3062,70,Reddish_Brown
3062,71,Light_Bluish_Gray
3062,72,Dark_Bluish_Gray
3062,73,Medium_Blue
3062,85,Dark_Purple
3062,212,Bright_Light_Blue
3062,272,Dark_Blue
3062,288,Dark_Green
3062,308,Dark_Brown
3062,320,Dark_Red
3062,321,Dark_Azure
3062,322,Medium_Azure
3062,323,Light_Aqua
3062,326,Yellowish_Green
3062,351,Medium_Dark_Pink
3062,378,Sand_Green
3062,379,Sand_Blue
3062,484,Dark_Orange
30620,0,Black
30620,4,Red
30620,8,Dark_Gray
30621,0,Black
30621,14,Yellow
30621,15,White
30621,25,Orange
30621,272,Dark_Blue
30622,0,Black
30622,1,Blue
30622,2,Green
30622,4,Red
30622,8,Dark_Gray
30622,14,Yellow
30622,15,White
30622,25,Orange
30622,71,Light_Bluish_Gray
30622,72,Dark_Bluish_Gray
30624,0,Black
30624,7,Light_Gray
30624,14,Yellow
30625,0,Black
30625,7,Light_Gray
30625,14,Yellow
30625,15,White
30626,0,Black
30626,1,Blue
30626,2,Green
30626,4,Red
30626,8,Dark_Gray
30626,14,Yellow
30626,15,White
30626,25,Orange
30626,72,Dark_Bluish_Gray
3062a,0,Black
3062a,1,Blue
3062a,4,Red
3062a,7,Light_Gray
3062a,14,Yellow
3062a,15,White
3062b,0,Black
3062b,1,Blue
3062b,2,Green
3062b,3,Dark_Turquoise
3062b,4,Red
3062b,5,Dark_Pink
3062b,6,Brown
3062b,7,Light_Gray
3062b,8,Dark_Gray
3062b,10,Bright_Green
3062b,14,Yellow
3062b,15,White
3062b,19,Tan
3062b,25,Orange
3062b,26,Magenta
3062b,27,Lime
3062b,29,Bright_Pink
3062b,31,Lavender
3062b,70,Reddish_Brown
3062b,71,Light_Bluish_Gray
3062b,72,Dark_Bluish_Gray
3062b,73,Medium_Blue
3062b,85,Dark_Purple
3062b,212,Bright_Light_Blue
3062b,272,Dark_Blue
3062b,288,Dark_Green
3062b,308,Dark_Brown
3062b,320,Dark_Red
3062b,321,Dark_Azure
3062b,322,Medium_Azure
3062b,323,Light_Aqua
3062b,326,Yellowish_Green
3062b,351,Medium_Dark_Pink
3062b,378,Sand_Green
3062b,379,Sand_Blue
3062b,484,Dark_Orange
30632,0,Black
30632,4,Red
30632,7,Light_Gray
30632,14,Yellow
30632,25,Orange
30632,71,Light_Bluish_Gray
30635,0,Black
30635,7,Light_Gray
30636,4,Red
30636,8,Dark_Gray
30636,14,Yellow
30636,25,Orange
30636,72,Dark_Bluish_Gray
30637,0,Black
30637,4,Red
30637,15,White
30639,4,Red
30639,8,Dark_Gray
30639,15,White
3063a,4,Red
3063a,15,White
3063b,0,Black
3063b,1,Blue
3063b,2,Green
3063b,4,Red
3063b,6,Brown
3063b,7,Light_Gray
3063b,8,Dark_Gray
3063b,14,Yellow
3063b,15,White
3063b,19,Tan
3063b,70,Reddish_Brown
3063b,71,Light_Bluish_Gray
3063b,72,Dark_Bluish_Gray
3063b,73,Medium_Blue
3063b,272,Dark_Blue
3063b,313,Maersk_Blue
3063b,378,Sand_Green
30640,0,Black
30640,7,Light_Gray
30640,8,Dark_Gray
30640,15,White
30640,25,Orange
30640,71,Light_Bluish_Gray
30640,72,Dark_Bluish_Gray
30642,0,Black
30642,4,Red
30642,8,Dark_Gray
30642,72,Dark_Bluish_Gray
30643,0,Black
30643,4,Red
30643,8,Dark_Gray
30643,15,White
30643,25,Orange
30643,72,Dark_Bluish_Gray
30644,0,Black
30644,4,Red
30644,8,Dark_Gray
30644,71,Light_Bluish_Gray
30645,0,Black
30645,7,Light_Gray
30645,8,Dark_Gray
30645,70,Reddish_Brown
30645,72,Dark_Bluish_Gray
30646,0,Black
30646,4,Red
30646,7,Light_Gray
30646,8,Dark_Gray
30646,14,Yellow
30646,15,White
30646,19,Tan
30647,0,Black
30647,2,Green
30647,4,Red
30647,14,Yellow
30647,15,White
30647,272,Dark_Blue
30648,0,Black
3065,0,Black
3065,1,Blue
3065,4,Red
3065,14,Yellow
3065,15,White
30650,8,Dark_Gray
30650,15,White
30657,0,Black
30657,1,Blue
30657,2,Green
30657,4,Red
30657,5,Dark_Pink
30657,6,Brown
30657,7,Light_Gray
30657,8,Dark_Gray
30657,13,Pink
30657,14,Yellow
30657,15,White
30657,18,Light_Yellow
30657,19,Tan
30657,29,Bright_Pink
30657,73,Medium_Blue
30657,74,Medium_Green
30657,322,Medium_Azure
30657,351,Medium_Dark_Pink
30658,0,Black
30658,1,Blue
30658,4,Red
30658,7,Light_Gray
30658,15,White
30658,71,Light_Bluish_Gray
30663,0,Black
30663,6,Brown
30663,7,Light_Gray
30663,14,Yellow
30663,71,Light_Bluish_Gray
3068,0,Black
3068,1,Blue
3068,2,Green
3068,3,Dark_Turquoise
3068,4,Red
3068,5,Dark_Pink
3068,6,Brown
3068,7,Light_Gray
3068,8,Dark_Gray
3068,10,Bright_Green
3068,13,Pink
3068,14,Yellow
3068,15,White
3068,18,Light_Yellow
3068,19,Tan
3068,25,Orange
3068,26,Magenta
3068,27,Lime
3068,28,Dark_Tan
3068,29,Bright_Pink
3068,30,Medium_Lavender
3068,31,Lavender
3068,70,Reddish_Brown
3068,71,Light_Bluish_Gray
3068,72,Dark_Bluish_Gray
3068,73,Medium_Blue
3068,77,Light_Pink
3068,85,Dark_Purple
3068,118,Aqua
3068,191,Bright_Light_Orange
3068,212,Bright_Light_Blue
3068,226,Bright_Light_Yellow
3068,232,Sky_Blue
3068,272,Dark_Blue
3068,288,Dark_Green
3068,308,Dark_Brown
3068,320,Dark_Red
3068,321,Dark_Azure
3068,322,Medium_Azure
3068,323,Light_Aqua
3068,326,Yellowish_Green
3068,378,Sand_Green
3068,379,Sand_Blue
3068,484,Dark_Orange
3068a,0,Black
3068a,1,Blue
3068a,4,Red
3068a,7,Light_Gray
3068a,14,Yellow
3068a,15,White
3068b,0,Black
3068b,1,Blue
3068b,2,Green
3068b,3,Dark_Turquoise
3068b,4,Red
3068b,5,Dark_Pink
3068b,6,Brown
3068b,7,Light_Gray
3068b,8,Dark_Gray
3068b,10,Bright_Green
3068b,13,Pink
3068b,14,Yellow
3068b,15,White
3068b,18,Light_Yellow
3068b,19,Tan
3068b,25,Orange
3068b,26,Magenta
3068b,27,Lime
3068b,28,Dark_Tan
3068b,29,Bright_Pink
3068b,30,Medium_Lavender
3068b,31,Lavender
3068b,70,Reddish_Brown
3068b,71,Light_Bluish_Gray
3068b,72,Dark_Bluish_Gray
3068b,73,Medium_Blue
3068b,77,Light_Pink
3068b,85,Dark_Purple
3068b,118,Aqua
3068b,191,Bright_Light_Orange
3068b,212,Bright_Light_Blue
3068b,226,Bright_Light_Yellow
3068b,232,Sky_Blue
3068b,272,Dark_Blue
3068b,288,Dark_Green
3068b,308,Dark_Brown
3068b,320,Dark_Red
3068b,321,Dark_Azure
3068b,322,Medium_Azure
3068b,323,Light_Aqua
3068b,326,Yellowish_Green
3068b,378,Sand_Green
3068b,379,Sand_Blue
3068b,484,Dark_Orange
3069,0,Black
3069,1,Blue
3069,2,Green
3069,3,Dark_Turquoise
3069,4,Red
3069,5,Dark_Pink
3069,6,Brown
3069,7,Light_Gray
3069,8,Dark_Gray
3069,10,Bright_Green
3069,13,Pink
3069,14,Yellow
3069,15,White
3069,19,Tan
3069,22,Purple
3069,25,Orange
3069,26,Magenta
3069,27,Lime
3069,28,Dark_Tan
3069,29,Bright_Pink
3069,30,Medium_Lavender
3069,31,Lavender
3069,68,Very_Light_Orange
3069,70,Reddish_Brown
3069,71,Light_Bluish_Gray
3069,72,Dark_Bluish_Gray
3069,73,Medium_Blue
3069,77,Light_Pink
3069,85,Dark_Purple
3069,89,Blue_Violet
3069,191,Bright_Light_Orange
3069,212,Bright_Light_Blue
3069,226,Bright_Light_Yellow
3069,232,Sky_Blue
3069,272,Dark_Blue
3069,288,Dark_Green
3069,308,Dark_Brown
3069,313,Maersk_Blue
3069,320,Dark_Red
3069,321,Dark_Azure
3069,322,Medium_Azure
3069,323,Light_Aqua
3069,326,Yellowish_Green
3069,330,Olive_Green
3069,378,Sand_Green
3069,379,Sand_Blue
3069,484,Dark_Orange
306901,0,Black
306901,1,Blue
306901,2,Green
306901,3,Dark_Turquoise
306901,4,Red
306901,5,Dark_Pink
306901,6,Brown
306901,7,Light_Gray
306901,8,Dark_Gray
306901,10,Bright_Green
306901,13,Pink
306901,14,Yellow
306901,15,White
306901,19,Tan
306901,22,Purple
306901,25,Orange
306901,26,Magenta
306901,27,Lime
306901,28,Dark_Tan
306901,29,Bright_Pink
306901,30,Medium_Lavender
306901,31,Lavender
306901,68,Very_Light_Orange
306901,70,Reddish_Brown
306901,71,Light_Bluish_Gray
306901,72,Dark_Bluish_Gray
306901,73,Medium_Blue
306901,77,Light_Pink
306901,85,Dark_Purple
306901,89,Blue_Violet
306901,191,Bright_Light_Orange
306901,212,Bright_Light_Blue
306901,226,Bright_Light_Yellow
306901,232,Sky_Blue
306901,272,Dark_Blue
306901,288,Dark_Green
306901,308,Dark_Brown
306901,313,Maersk_Blue
306901,320,Dark_Red
306901,321,Dark_Azure
306901,322,Medium_Azure
306901,323,Light_Aqua
306901,326,Yellowish_Green
306901,330,Olive_Green
306901,378,Sand_Green
306901,379,Sand_Blue
306901,484,Dark_Orange
30699,0,Black
3069a,0,Black
3069a,1,Blue
3069a,4,Red
3069a,7,Light_Gray
3069a,14,Yellow
3069a,15,White
3069b,0,Black
3069b,1,Blue
3069b,2,Green
3069b,3,Dark_Turquoise
3069b,4,Red
3069b,5,Dark_Pink
3069b,6,Brown
3069b,7,Light_Gray
3069b,8,Dark_Gray
3069b,10,Bright_Green
3069b,13,Pink
3069b,14,Yellow
3069b,15,White
3069b,19,Tan
3069b,22,Purple
3069b,25,Orange
3069b,26,Magenta
3069b,27,Lime
3069b,28,Dark_Tan
3069b,29,Bright_Pink
3069b,30,Medium_Lavender
3069b,31,Lavender
3069b,68,Very_Light_Orange
3069b,70,Reddish_Brown
3069b,71,Light_Bluish_Gray
3069b,72,Dark_Bluish_Gray
3069b,73,Medium_Blue
3069b,77,Light_Pink
3069b,85,Dark_Purple
3069b,89,Blue_Violet
3069b,191,Bright_Light_Orange
3069b,212,Bright_Light_Blue
3069b,226,Bright_Light_Yellow
3069b,232,Sky_Blue
3069b,272,Dark_Blue
3069b,288,Dark_Green
3069b,308,Dark_Brown
3069b,313,Maersk_Blue
3069b,320,Dark_Red
3069b,321,Dark_Azure
3069b,322,Medium_Azure
3069b,323,Light_Aqua
3069b,326,Yellowish_Green
3069b,330,Olive_Green
3069b,378,Sand_Green
3069b,379,Sand_Blue
3069b,484,Dark_Orange
307,0,Black
307,1,Blue
307,2,Green
307,4,Red
307,6,Brown
307,7,Light_Gray
307,8,Dark_Gray
307,14,Yellow
307,15,White
307,19,Tan
307,71,Light_Bluish_Gray
307,72,Dark_Bluish_Gray
3070,0,Black
3070,1,Blue
3070,4,Red
3070,7,Light_Gray
3070,14,Yellow
3070,15,White
3070a,0,Black
3070a,1,Blue
3070a,4,Red
3070a,7,Light_Gray
3070a,14,Yellow
3070a,15,White
3070b,0,Black
3070b,1,Blue
3070b,2,Green
3070b,3,Dark_Turquoise
3070b,4,Red
3070b,5,Dark_Pink
3070b,6,Brown
3070b,7,Light_Gray
3070b,8,Dark_Gray
3070b,10,Bright_Green
3070b,13,Pink
3070b,14,Yellow
3070b,15,White
3070b,19,Tan
3070b,22,Purple
3070b,25,Orange
3070b,26,Magenta
3070b,27,Lime
3070b,28,Dark_Tan
3070b,29,Bright_Pink
3070b,30,Medium_Lavender
3070b,31,Lavender
3070b,68,Very_Light_Orange
3070b,70,Reddish_Brown
3070b,71,Light_Bluish_Gray
3070b,72,Dark_Bluish_Gray
3070b,73,Medium_Blue
3070b,77,Light_Pink
3070b,85,Dark_Purple
3070b,89,Blue_Violet
3070b,125,Light_Orange
3070b,191,Bright_Light_Orange
3070b,212,Bright_Light_Blue
3070b,226,Bright_Light_Yellow
3070b,272,Dark_Blue
3070b,288,Dark_Green
3070b,308,Dark_Brown
3070b,313,Maersk_Blue
3070b,320,Dark_Red
3070b,321,Dark_Azure
3070b,322,Medium_Azure
3070b,323,Light_Aqua
3070b,326,Yellowish_Green
3070b,330,Olive_Green
3070b,378,Sand_Green
3070b,379,Sand_Blue
3070b,462,Medium_Orange
3070b,484,Dark_Orange
3081a,4,Red
3081ac01,4,Red
3081ac01,15,White
3081bc01,4,Red
3081bc01,14,Yellow
3081bc01,15,White
3082,1,Blue
3082,15,White
3082,19,Tan
3082,27,Lime
3082,71,Light_Bluish_Gray
3082,272,Dark_Blue
3082,288,Dark_Green
3082,308,Dark_Brown
30837,1,Blue
30837,4,Red
30837,71,Light_Bluish_Gray
30837,191,Bright_Light_Orange
30837,308,Dark_Brown
30837,484,Dark_Orange
30838,72,Dark_Bluish_Gray
30841,4,Red
30841,14,Yellow
30841,15,White
30841,26,Magenta
30842,0,Black
3087ac01,4,Red
3087ac01,15,White
3087bc01,4,Red
3087bc01,15,White
3087c,4,Red
3087c,14,Yellow
3087c,15,White
3087cc01,4,Red
3087cc01,14,Yellow
30923,0,Black
30923,3,Dark_Turquoise
30923,14,Yellow
30923,15,White
30923,25,Orange
30923,27,Lime
30924,15,White
30925,0,Black
30925,4,Red
30925,72,Dark_Bluish_Gray
30925,272,Dark_Blue
30925,320,Dark_Red
30925,379,Sand_Blue
30987,0,Black
30987,1,Blue
30987,14,Yellow
30987,15,White
30987,19,Tan
30987,70,Reddish_Brown
30987,71,Light_Bluish_Gray
30987,72,Dark_Bluish_Gray
30987,85,Dark_Purple
30987,226,Bright_Light_Yellow
30987,272,Dark_Blue
30987,323,Light_Aqua
30987,326,Yellowish_Green
30987,378,Sand_Green
30987,484,Dark_Orange
31000,1,Blue
31000,2,Green
31000,4,Red
31000,10,Bright_Green
31000,14,Yellow
31000,25,Orange
31000,115,Medium_Lime
31000,226,Bright_Light_Yellow
31000,232,Sky_Blue
31001,1,Blue
31001,2,Green
31001,4,Red
31001,10,Bright_Green
31001,14,Yellow
31002,1,Blue
31002,2,Green
31002,4,Red
31002,7,Light_Gray
31002,14,Yellow
31007,1,Blue
31007,2,Green
31012,4,Red
31012,14,Yellow
31021,4,Red
31021,6,Brown
31021,15,White
31021,70,Reddish_Brown
31021,191,Bright_Light_Orange
31021,484,Dark_Orange
31043,2,Green
31043,7,Light_Gray
31043,72,Dark_Bluish_Gray
31110,0,Black
31110,1,Blue
31110,2,Green
31110,4,Red
31110,7,Light_Gray
31110,8,Dark_Gray
31110,10,Bright_Green
31110,14,Yellow
31110,15,White
31110,18,Light_Yellow
31110,19,Tan
31110,25,Orange
31110,27,Lime
31110,29,Bright_Pink
31110,31,Lavender
31110,71,Light_Bluish_Gray
31110,72,Dark_Bluish_Gray
31110,73,Medium_Blue
31110,85,Dark_Purple
31110,191,Bright_Light_Orange
31110,212,Bright_Light_Blue
31110,226,Bright_Light_Yellow
31110,272,Dark_Blue
31110,322,Medium_Azure
31110,323,Light_Aqua
31110,326,Yellowish_Green
31110,379,Sand_Blue
31110,484,Dark_Orange
31110,503,Very_Light_Gray
31111,1,Blue
31111,2,Green
31111,4,Red
31111,6,Brown
31111,14,Yellow
31111,15,White
31111,18,Light_Yellow
31111,19,Tan
31111,71,Light_Bluish_Gray
31111,72,Dark_Bluish_Gray
31111,73,Medium_Blue
31111,226,Bright_Light_Yellow
31111,320,Dark_Red
31148,1,Blue
31148,2,Green
31148,4,Red
31148,14,Yellow
31149,4,Red
31149,14,Yellow
3127,4,Red
3127,7,Light_Gray
3127,71,Light_Bluish_Gray
3127a,4,Red
3127a,7,Light_Gray
3127a,71,Light_Bluish_Gray
3127b,4,Red
3127b,7,Light_Gray
313,0,Black
313,4,Red
3130,30,Medium_Lavender
3131,0,Black
3131,19,Tan
3131,30,Medium_Lavender
3131,70,Reddish_Brown
3131,71,Light_Bluish_Gray
3131,484,Dark_Orange
3134,0,Black
3134,2,Green
3134,4,Red
3134,15,White
3135,1,Blue
3135,4,Red
3135,14,Yellow
3135c02,4,Red
3136,0,Black
3136,1,Blue
3136,4,Red
3136,7,Light_Gray
3137c01,0,Black
3137c01,4,Red
3137c01,14,Yellow
3137c01,15,White
3137c02,0,Black
3137c02,4,Red
3137c02,15,White
3139,0,Black
3139,15,White
3139,118,Aqua
314,0,Black
314,1,Blue
314,4,Red
314,7,Light_Gray
314,14,Yellow
3144,7,Light_Gray
3144,15,White
3145,0,Black
3145,4,Red
3145,7,Light_Gray
3145,14,Yellow
3145,15,White
31459,0,Black
31459,1,Blue
31459,2,Green
31459,3,Dark_Turquoise
31459,4,Red
31459,5,Dark_Pink
31459,6,Brown
31459,7,Light_Gray
31459,8,Dark_Gray
31459,9,Light_Blue
31459,10,Bright_Green
31459,14,Yellow
31459,15,White
31459,18,Light_Yellow
31459,19,Tan
31459,25,Orange
31459,27,Lime
31459,28,Dark_Tan
31459,29,Bright_Pink
31459,70,Reddish_Brown
31459,71,Light_Bluish_Gray
31459,72,Dark_Bluish_Gray
31459,73,Medium_Blue
31459,110,Violet
31459,115,Medium_Lime
31459,151,Very_Light_Bluish_Gray
31459,191,Bright_Light_Orange
31459,212,Bright_Light_Blue
31459,226,Bright_Light_Yellow
31459,272,Dark_Blue
31459,320,Dark_Red
31459,321,Dark_Azure
31459,322,Medium_Azure
31459,323,Light_Aqua
31459,326,Yellowish_Green
31459,379,Sand_Blue
31459,462,Medium_Orange
31459,484,Dark_Orange
31460,0,Black
31460,1,Blue
31460,2,Green
31460,3,Dark_Turquoise
31460,4,Red
31460,5,Dark_Pink
31460,6,Brown
31460,7,Light_Gray
31460,8,Dark_Gray
31460,10,Bright_Green
31460,11,Light_Turquoise
31460,14,Yellow
31460,15,White
31460,18,Light_Yellow
31460,19,Tan
31460,22,Purple
31460,23,Dark_Blue_Violet
31460,25,Orange
31460,26,Magenta
31460,27,Lime
31460,28,Dark_Tan
31460,29,Bright_Pink
31460,30,Medium_Lavender
31460,31,Lavender
31460,69,Light_Purple
31460,70,Reddish_Brown
31460,71,Light_Bluish_Gray
31460,72,Dark_Bluish_Gray
31460,73,Medium_Blue
31460,85,Dark_Purple
31460,110,Violet
31460,115,Medium_Lime
31460,151,Very_Light_Bluish_Gray
31460,191,Bright_Light_Orange
31460,212,Bright_Light_Blue
31460,226,Bright_Light_Yellow
31460,272,Dark_Blue
31460,320,Dark_Red
31460,321,Dark_Azure
31460,322,Medium_Azure
31460,323,Light_Aqua
31460,326,Yellowish_Green
31460,351,Medium_Dark_Pink
31460,366,Earth_Orange
31460,378,Sand_Green
31460,462,Medium_Orange
31460,484,Dark_Orange
31460,503,Very_Light_Gray
31465,1,Blue
31465,4,Red
31465,14,Yellow
31465,71,Light_Bluish_Gray
31465,72,Dark_Bluish_Gray
31465,73,Medium_Blue
31465,484,Dark_Orange
3149,0,Black
3149,1,Blue
3149,4,Red
3149,7,Light_Gray
3149,14,Yellow
3149a,0,Black
3149a,4,Red
3149b,0,Black
3149b,1,Blue
3149b,4,Red
3149b,7,Light_Gray
3149b,14,Yellow
3149c,0,Black
3149c,1,Blue
3149c,4,Red
3149c,7,Light_Gray
3149c,14,Yellow
3149e,0,Black
3149e,1,Blue
3149e,4,Red
3149e,7,Light_Gray
3149e,14,Yellow
3149ec01,4,Red
314d,0,Black
314d,1,Blue
314d,4,Red
314d,7,Light_Gray
314d,14,Yellow
314e,0,Black
314e,1,Blue
314e,4,Red
314e,7,Light_Gray
314e,14,Yellow
3157,191,Bright_Light_Orange
3160,322,Medium_Azure
3166,0,Black
3166,15,White
3166,272,Dark_Blue
3166,378,Sand_Green
3167,0,Black
3167,72,Dark_Bluish_Gray
3167,85,Dark_Purple
3170,0,Black
3172,0,Black
3172,4,Red
3172,14,Yellow
3172,15,White
3172,28,Dark_Tan
3172,30,Medium_Lavender
3172,31,Lavender
3172,70,Reddish_Brown
3172,71,Light_Bluish_Gray
3172,272,Dark_Blue
3172,288,Dark_Green
3176,0,Black
3176,1,Blue
3176,2,Green
3176,3,Dark_Turquoise
3176,4,Red
3176,5,Dark_Pink
3176,6,Brown
3176,7,Light_Gray
3176,8,Dark_Gray
3176,14,Yellow
3176,15,White
3176,19,Tan
3176,25,Orange
3176,27,Lime
3176,29,Bright_Pink
3176,70,Reddish_Brown
3176,71,Light_Bluish_Gray
3176,72,Dark_Bluish_Gray
3176,73,Medium_Blue
3176,85,Dark_Purple
3176,191,Bright_Light_Orange
3176,272,Dark_Blue
3176,288,Dark_Green
3176,320,Dark_Red
3176,322,Medium_Azure
3176,378,Sand_Green
317626,0,Black
317626,1,Blue
317626,2,Green
317626,3,Dark_Turquoise
317626,4,Red
317626,5,Dark_Pink
317626,6,Brown
317626,7,Light_Gray
317626,8,Dark_Gray
317626,14,Yellow
317626,15,White
317626,19,Tan
317626,25,Orange
317626,27,Lime
317626,29,Bright_Pink
317626,70,Reddish_Brown
317626,71,Light_Bluish_Gray
317626,72,Dark_Bluish_Gray
317626,73,Medium_Blue
317626,85,Dark_Purple
317626,191,Bright_Light_Orange
317626,272,Dark_Blue
317626,288,Dark_Green
317626,320,Dark_Red
317626,322,Medium_Azure
317626,378,Sand_Green
31794,4,Red
31794,14,Yellow
31794,71,Light_Bluish_Gray
3183,0,Black
3183,1,Blue
3183,4,Red
3183,7,Light_Gray
3183,14,Yellow
3183,15,White
3183,71,Light_Bluish_Gray
3183a,1,Blue
3183a,4,Red
3183a,14,Yellow
3183a,15,White
3183b,1,Blue
3183b,4,Red
3183b,14,Yellow
3183b,15,White
3184,0,Black
3184,1,Blue
3184,4,Red
3184,6,Brown
3184,7,Light_Gray
3184,14,Yellow
3184,15,White
3185,0,Black
3185,1,Blue
3185,2,Green
3185,4,Red
3185,6,Brown
3185,7,Light_Gray
3185,8,Dark_Gray
3185,13,Pink
3185,14,Yellow
3185,15,White
3185,19,Tan
3185,20,Light_Violet
3185,31,Lavender
3185,70,Reddish_Brown
3185,71,Light_Bluish_Gray
3185,72,Dark_Bluish_Gray
3185,77,Light_Pink
3185,320,Dark_Red
3186,0,Black
3186,4,Red
3186,15,White
3186,20,Light_Violet
3187,0,Black
3187,4,Red
3187,15,White
3187,20,Light_Violet
3188,0,Black
3188,1,Blue
3188,2,Green
3188,4,Red
3188,5,Dark_Pink
3188,7,Light_Gray
3188,14,Yellow
3188,15,White
3188,25,Orange
3188,71,Light_Bluish_Gray
3188,73,Medium_Blue
3188,85,Dark_Purple
3188,288,Dark_Green
3188,313,Maersk_Blue
3189,0,Black
3189,1,Blue
3189,2,Green
3189,4,Red
3189,5,Dark_Pink
3189,7,Light_Gray
3189,14,Yellow
3189,15,White
3189,25,Orange
3189,71,Light_Bluish_Gray
3189,73,Medium_Blue
3189,288,Dark_Green
3189,313,Maersk_Blue
3190,0,Black
3190,1,Blue
3190,4,Red
3190,14,Yellow
3190,15,White
3190,71,Light_Bluish_Gray
3190,72,Dark_Bluish_Gray
3191,0,Black
3191,1,Blue
3191,4,Red
3191,14,Yellow
3191,15,White
3191,71,Light_Bluish_Gray
3191,72,Dark_Bluish_Gray
3192,1,Blue
3192,4,Red
3192,7,Light_Gray
3192,14,Yellow
3192,15,White
3192,72,Dark_Bluish_Gray
3192a,1,Blue
3192a,14,Yellow
3192a,15,White
3193,1,Blue
3193,4,Red
3193,7,Light_Gray
3193,14,Yellow
3193,15,White
3193,72,Dark_Bluish_Gray
3193a,1,Blue
3193a,14,Yellow
3194,1,Blue
3194,4,Red
3194,7,Light_Gray
3194,14,Yellow
3194,15,White
3195,1,Blue
3195,4,Red
3195,7,Light_Gray
3195,14,Yellow
3195,15,White
31990,0,Black
31990,4,Red
31990,14,Yellow
31990,25,Orange
31990,26,Magenta
31990,29,Bright_Pink
31990,71,Light_Bluish_Gray
31990,191,Bright_Light_Orange
31990,320,Dark_Red
31a,4,Red
31ac01,4,Red
31ac01,15,White
31bc01,4,Red
31bc01,15,White
31cc01,1,Blue
31cc01,4,Red
31cc01,15,White
32,4,Red
32000,0,Black
32000,1,Blue
32000,2,Green
32000,3,Dark_Turquoise
32000,4,Red
32000,6,Brown
32000,7,Light_Gray
32000,8,Dark_Gray
32000,14,Yellow
32000,15,White
32000,19,Tan
32000,25,Orange
32000,27,Lime
32000,70,Reddish_Brown
32000,71,Light_Bluish_Gray
32000,72,Dark_Bluish_Gray
32000,73,Medium_Blue
32000,85,Dark_Purple
32000,272,Dark_Blue
32000,320,Dark_Red
32000,330,Olive_Green
32000,335,Sand_Red
32000,378,Sand_Green
32000,379,Sand_Blue
32001,0,Black
32001,1,Blue
32001,2,Green
32001,4,Red
32001,7,Light_Gray
32001,14,Yellow
32001,15,White
32001,19,Tan
32001,70,Reddish_Brown
32001,71,Light_Bluish_Gray
32001,72,Dark_Bluish_Gray
32001,191,Bright_Light_Orange
32001,320,Dark_Red
32001,321,Dark_Azure
32002,8,Dark_Gray
32002,19,Tan
32002,72,Dark_Bluish_Gray
32003,0,Black
32004b,7,Light_Gray
32006,0,Black
32006,1,Blue
32006,2,Green
32006,3,Dark_Turquoise
32006,4,Red
32006,6,Brown
32006,7,Light_Gray
32006,8,Dark_Gray
32006,14,Yellow
32006,15,White
32006,19,Tan
32006,22,Purple
32006,25,Orange
32006,27,Lime
32006,71,Light_Bluish_Gray
32006,72,Dark_Bluish_Gray
32007,0,Black
32007,1,Blue
32007,2,Green
32007,3,Dark_Turquoise
32007,4,Red
32007,7,Light_Gray
32007,8,Dark_Gray
32007,14,Yellow
32007,15,White
32007,19,Tan
32007,72,Dark_Bluish_Gray
32007,73,Medium_Blue
32008,0,Black
32008,1,Blue
32008,4,Red
32008,14,Yellow
32008,15,White
32008,71,Light_Bluish_Gray
32008,72,Dark_Bluish_Gray
32009,0,Black
32009,1,Blue
32009,2,Green
32009,3,Dark_Turquoise
32009,4,Red
32009,6,Brown
32009,8,Dark_Gray
32009,10,Bright_Green
32009,14,Yellow
32009,15,White
32009,19,Tan
32009,22,Purple
32009,25,Orange
32009,27,Lime
32009,28,Dark_Tan
32009,70,Reddish_Brown
32009,71,Light_Bluish_Gray
32009,72,Dark_Bluish_Gray
32009,85,Dark_Purple
32009,191,Bright_Light_Orange
32009,330,Olive_Green
32009,484,Dark_Orange
3201,226,Bright_Light_Yellow
3201,308,Dark_Brown
3201,484,Dark_Orange
32012,0,Black
32012,1,Blue
32012,2,Green
32012,4,Red
32012,8,Dark_Gray
32012,14,Yellow
32012,15,White
32012,22,Purple
32012,71,Light_Bluish_Gray
32012,72,Dark_Bluish_Gray
32013,0,Black
32013,1,Blue
32013,2,Green
32013,4,Red
32013,5,Dark_Pink
32013,6,Brown
32013,7,Light_Gray
32013,8,Dark_Gray
32013,10,Bright_Green
32013,14,Yellow
32013,15,White
32013,19,Tan
32013,25,Orange
32013,27,Lime
32013,29,Bright_Pink
32013,71,Light_Bluish_Gray
32013,72,Dark_Bluish_Gray
32013,73,Medium_Blue
32013,191,Bright_Light_Orange
32013,272,Dark_Blue
32013,308,Dark_Brown
32013,320,Dark_Red
32013,321,Dark_Azure
32013,484,Dark_Orange
32014,0,Black
32014,1,Blue
32014,2,Green
32014,4,Red
32014,7,Light_Gray
32014,8,Dark_Gray
32014,10,Bright_Green
32014,14,Yellow
32014,15,White
32014,19,Tan
32014,25,Orange
32014,27,Lime
32014,71,Light_Bluish_Gray
32014,72,Dark_Bluish_Gray
32014,484,Dark_Orange
32015,0,Black
32015,1,Blue
32015,2,Green
32015,3,Dark_Turquoise
32015,4,Red
32015,6,Brown
32015,7,Light_Gray
32015,8,Dark_Gray
32015,10,Bright_Green
32015,14,Yellow
32015,15,White
32015,19,Tan
32015,22,Purple
32015,25,Orange
32015,26,Magenta
32015,27,Lime
32015,28,Dark_Tan
32015,70,Reddish_Brown
32015,71,Light_Bluish_Gray
32015,72,Dark_Bluish_Gray
32015,73,Medium_Blue
32015,110,Violet
32015,288,Dark_Green
32015,484,Dark_Orange
32016,0,Black
32016,1,Blue
32016,2,Green
32016,3,Dark_Turquoise
32016,4,Red
32016,6,Brown
32016,7,Light_Gray
32016,8,Dark_Gray
32016,10,Bright_Green
32016,14,Yellow
32016,15,White
32016,19,Tan
32016,25,Orange
32016,27,Lime
32016,28,Dark_Tan
32016,70,Reddish_Brown
32016,71,Light_Bluish_Gray
32016,72,Dark_Bluish_Gray
32016,73,Medium_Blue
32016,110,Violet
32016,191,Bright_Light_Orange
32016,288,Dark_Green
32016,308,Dark_Brown
32016,321,Dark_Azure
32016,322,Medium_Azure
32016,484,Dark_Orange
32017,0,Black
32017,1,Blue
32017,2,Green
32017,3,Dark_Turquoise
32017,4,Red
32017,7,Light_Gray
32017,8,Dark_Gray
32017,14,Yellow
32017,15,White
32017,22,Purple
32017,25,Orange
32017,27,Lime
32017,71,Light_Bluish_Gray
32017,72,Dark_Bluish_Gray
32018,0,Black
32018,1,Blue
32018,2,Green
32018,4,Red
32018,7,Light_Gray
32018,8,Dark_Gray
32018,14,Yellow
32018,15,White
32018,19,Tan
32018,71,Light_Bluish_Gray
32018,72,Dark_Bluish_Gray
32019,0,Black
32020,14,Yellow
32020,15,White
32020,71,Light_Bluish_Gray
32023,0,Black
32028,0,Black
32028,1,Blue
32028,2,Green
32028,3,Dark_Turquoise
32028,4,Red
32028,6,Brown
32028,7,Light_Gray
32028,8,Dark_Gray
32028,14,Yellow
32028,15,White
32028,19,Tan
32028,25,Orange
32028,28,Dark_Tan
32028,29,Bright_Pink
32028,70,Reddish_Brown
32028,71,Light_Bluish_Gray
32028,72,Dark_Bluish_Gray
32028,73,Medium_Blue
32028,191,Bright_Light_Orange
32028,212,Bright_Light_Blue
32028,226,Bright_Light_Yellow
32028,272,Dark_Blue
32028,288,Dark_Green
32028,320,Dark_Red
32028,321,Dark_Azure
32028,323,Light_Aqua
32028,378,Sand_Green
32028,379,Sand_Blue
32028,484,Dark_Orange
32030,0,Black
32034,0,Black
32034,1,Blue
32034,2,Green
32034,3,Dark_Turquoise
32034,4,Red
32034,6,Brown
32034,7,Light_Gray
32034,8,Dark_Gray
32034,10,Bright_Green
32034,14,Yellow
32034,15,White
32034,19,Tan
32034,25,Orange
32034,27,Lime
32034,70,Reddish_Brown
32034,71,Light_Bluish_Gray
32034,72,Dark_Bluish_Gray
32034,191,Bright_Light_Orange
32034,272,Dark_Blue
32034,308,Dark_Brown
32034,320,Dark_Red
32034,321,Dark_Azure
32034,484,Dark_Orange
32039,0,Black
32039,1,Blue
32039,2,Green
32039,4,Red
32039,6,Brown
32039,7,Light_Gray
32039,8,Dark_Gray
32039,14,Yellow
32039,15,White
32039,19,Tan
32039,22,Purple
32039,25,Orange
32039,27,Lime
32039,71,Light_Bluish_Gray
32039,72,Dark_Bluish_Gray
32039,73,Medium_Blue
32039,110,Violet
32039,191,Bright_Light_Orange
32039,272,Dark_Blue
32039,320,Dark_Red
32039,484,Dark_Orange
3204,0,Black
3204,320,Dark_Red
32054,0,Black
32054,1,Blue
32054,2,Green
32054,3,Dark_Turquoise
32054,4,Red
32054,7,Light_Gray
32054,8,Dark_Gray
32054,14,Yellow
32054,15,White
32054,22,Purple
32054,25,Orange
32054,27,Lime
32054,71,Light_Bluish_Gray
32054,72,Dark_Bluish_Gray
32054,73,Medium_Blue
32056,0,Black
32056,1,Blue
32056,3,Dark_Turquoise
32056,4,Red
32056,7,Light_Gray
32056,8,Dark_Gray
32056,14,Yellow
32056,15,White
32056,19,Tan
32056,22,Purple
32056,25,Orange
32056,27,Lime
32056,71,Light_Bluish_Gray
32056,72,Dark_Bluish_Gray
32056,73,Medium_Blue
32056,110,Violet
32056,191,Bright_Light_Orange
32056,272,Dark_Blue
32056,288,Dark_Green
32057,7,Light_Gray
32059,0,Black
32059,1,Blue
32059,2,Green
32059,4,Red
32059,7,Light_Gray
32059,8,Dark_Gray
32059,14,Yellow
32059,15,White
32059,19,Tan
32059,25,Orange
32059,27,Lime
32059,28,Dark_Tan
32059,70,Reddish_Brown
32059,71,Light_Bluish_Gray
32059,72,Dark_Bluish_Gray
32059,73,Medium_Blue
32059,85,Dark_Purple
32059,191,Bright_Light_Orange
32059,226,Bright_Light_Yellow
32059,272,Dark_Blue
32059,320,Dark_Red
32059,321,Dark_Azure
32059,323,Light_Aqua
32059,330,Olive_Green
32059,378,Sand_Green
32060,7,Light_Gray
32060,15,White
32060,71,Light_Bluish_Gray
32062,0,Black
32062,4,Red
32062,7,Light_Gray
32062,15,White
32063,0,Black
32063,1,Blue
32063,2,Green
32063,3,Dark_Turquoise
32063,4,Red
32063,6,Brown
32063,7,Light_Gray
32063,8,Dark_Gray
32063,14,Yellow
32063,15,White
32063,19,Tan
32063,25,Orange
32063,27,Lime
32063,71,Light_Bluish_Gray
32063,72,Dark_Bluish_Gray
32063,191,Bright_Light_Orange
32063,484,Dark_Orange
32064a,0,Black
32064a,1,Blue
32064a,2,Green
32064a,3,Dark_Turquoise
32064a,4,Red
32064a,7,Light_Gray
32064a,8,Dark_Gray
32064a,14,Yellow
32064a,15,White
32064a,19,Tan
32064a,25,Orange
32064a,26,Magenta
32064a,27,Lime
32064a,28,Dark_Tan
32064a,71,Light_Bluish_Gray
32064a,72,Dark_Bluish_Gray
32064a,85,Dark_Purple
32064a,212,Bright_Light_Blue
32064a,272,Dark_Blue
32064a,288,Dark_Green
32064a,308,Dark_Brown
32064a,320,Dark_Red
32064a,321,Dark_Azure
32064a,322,Medium_Azure
32064a,378,Sand_Green
32064b,0,Black
32064b,1,Blue
32064b,2,Green
32064b,4,Red
32064b,7,Light_Gray
32064b,8,Dark_Gray
32064b,14,Yellow
32064b,15,White
32064b,19,Tan
32064b,71,Light_Bluish_Gray
32064b,72,Dark_Bluish_Gray
32064b,85,Dark_Purple
32064b,272,Dark_Blue
32064b,288,Dark_Green
32064b,320,Dark_Red
32064c,0,Black
32064c,1,Blue
32064c,2,Green
32064c,3,Dark_Turquoise
32064c,4,Red
32064c,7,Light_Gray
32064c,8,Dark_Gray
32064c,14,Yellow
32064c,15,White
32064c,19,Tan
32064c,22,Purple
32064c,25,Orange
32064c,71,Light_Bluish_Gray
32064c,72,Dark_Bluish_Gray
32064c,320,Dark_Red
32065,0,Black
32065,1,Blue
32065,2,Green
32065,3,Dark_Turquoise
32065,4,Red
32065,7,Light_Gray
32065,8,Dark_Gray
32065,14,Yellow
32065,15,White
32065,19,Tan
32065,22,Purple
32065,27,Lime
32065,70,Reddish_Brown
32065,71,Light_Bluish_Gray
32065,72,Dark_Bluish_Gray
32065,484,Dark_Orange
32068,0,Black
32068,3,Dark_Turquoise
32068,4,Red
32068,7,Light_Gray
32068,8,Dark_Gray
32068,14,Yellow
32068,15,White
32068,71,Light_Bluish_Gray
32069,0,Black
32069,1,Blue
32069,2,Green
32069,3,Dark_Turquoise
32069,4,Red
32069,14,Yellow
32069,15,White
32069,19,Tan
32072,0,Black
32072,2,Green
32072,5,Dark_Pink
32072,8,Dark_Gray
32072,10,Bright_Green
32072,14,Yellow
32072,15,White
32072,71,Light_Bluish_Gray
32072,72,Dark_Bluish_Gray
32072,191,Bright_Light_Orange
32073,0,Black
32073,7,Light_Gray
32073,14,Yellow
32073,15,White
32073,71,Light_Bluish_Gray
32074c01,0,Black
32074c01,15,White
32074c01,72,Dark_Bluish_Gray
32076,0,Black
32077,7,Light_Gray
32077,15,White
32077,25,Orange
32077,27,Lime
32078,0,Black
32079,0,Black
32083,0,Black
32083,1,Blue
32083,2,Green
32083,4,Red
32083,7,Light_Gray
32083,8,Dark_Gray
32083,14,Yellow
32083,15,White
32083,25,Orange
32083,71,Light_Bluish_Gray
32083,191,Bright_Light_Orange
32084,0,Black
32084,1,Blue
32084,2,Green
32084,4,Red
32084,14,Yellow
32084,15,White
32084,25,Orange
32084,308,Dark_Brown
32085,0,Black
32087,8,Dark_Gray
32087,72,Dark_Bluish_Gray
32089,4,Red
32089,14,Yellow
32090,0,Black
321,0,Black
321,1,Blue
321,2,Green
321,4,Red
321,7,Light_Gray
321,14,Yellow
321,15,White
32104c01,1,Blue
32123a,0,Black
32123a,1,Blue
32123a,7,Light_Gray
32123a,14,Yellow
32123a,15,White
32123a,19,Tan
32123a,71,Light_Bluish_Gray
32123b,0,Black
32123b,1,Blue
32123b,4,Red
32123b,5,Dark_Pink
32123b,7,Light_Gray
32123b,14,Yellow
32123b,15,White
32123b,71,Light_Bluish_Gray
32123b,72,Dark_Bluish_Gray
32123b,326,Yellowish_Green
32124,0,Black
32124,1,Blue
32124,4,Red
32124,7,Light_Gray
32124,10,Bright_Green
32124,15,White
32124,19,Tan
32124,27,Lime
32124,70,Reddish_Brown
32124,71,Light_Bluish_Gray
32124,72,Dark_Bluish_Gray
32125,0,Black
32125,1,Blue
32125,2,Green
32125,4,Red
32125,7,Light_Gray
32125,14,Yellow
32125,15,White
32125,19,Tan
32125,71,Light_Bluish_Gray
32125,272,Dark_Blue
32125,320,Dark_Red
32125,484,Dark_Orange
32126,0,Black
32126,1,Blue
32126,2,Green
32126,4,Red
32126,7,Light_Gray
32126,14,Yellow
32126,15,White
32126,28,Dark_Tan
32126,71,Light_Bluish_Gray
32126,72,Dark_Bluish_Gray
32126,321,Dark_Azure
32132,0,Black
32136,0,Black
32136,1,Blue
32136,2,Green
32136,4,Red
32136,7,Light_Gray
32136,14,Yellow
32136,15,White
32136,27,Lime
32136,71,Light_Bluish_Gray
32138,0,Black
32138,1,Blue
32138,2,Green
32138,4,Red
32138,7,Light_Gray
32138,14,Yellow
32138,15,White
32138,27,Lime
32138,71,Light_Bluish_Gray
32140,0,Black
32140,1,Blue
32140,2,Green
32140,3,Dark_Turquoise
32140,4,Red
32140,6,Brown
32140,7,Light_Gray
32140,8,Dark_Gray
32140,10,Bright_Green
32140,14,Yellow
32140,15,White
32140,19,Tan
32140,25,Orange
32140,26,Magenta
32140,27,Lime
32140,28,Dark_Tan
32140,71,Light_Bluish_Gray
32140,72,Dark_Bluish_Gray
32140,73,Medium_Blue
32140,85,Dark_Purple
32140,191,Bright_Light_Orange
32140,272,Dark_Blue
32140,288,Dark_Green
32140,321,Dark_Azure
32140,323,Light_Aqua
32140,330,Olive_Green
32140,378,Sand_Green
32140,484,Dark_Orange
32146,0,Black
32146,1,Blue
32146,3,Dark_Turquoise
32146,4,Red
32146,14,Yellow
32146,15,White
32146,22,Purple
32165,0,Black
32165,3,Dark_Turquoise
32165,4,Red
32165,8,Dark_Gray
32165,14,Yellow
32165,19,Tan
32165,22,Purple
32165,25,Orange
32165,73,Medium_Blue
32166,0,Black
32166,1,Blue
32166,2,Green
32166,4,Red
32166,8,Dark_Gray
32166,14,Yellow
32166,15,White
32166,22,Purple
32166,73,Medium_Blue
32167,0,Black
32167,8,Dark_Gray
32167,14,Yellow
32168,0,Black
32168,1,Blue
32168,2,Green
32168,3,Dark_Turquoise
32168,6,Brown
32168,8,Dark_Gray
32168,14,Yellow
32168,15,White
3217,0,Black
32170,0,Black
32170,19,Tan
32170,22,Purple
32171,0,Black
32171,2,Green
32171,3,Dark_Turquoise
32171,4,Red
32171,14,Yellow
32171,15,White
32171,19,Tan
32171,22,Purple
32172,0,Black
32172,1,Blue
32172,2,Green
32172,3,Dark_Turquoise
32172,4,Red
32172,8,Dark_Gray
32172,19,Tan
32172,22,Purple
32172,73,Medium_Blue
32173,0,Black
32173,1,Blue
32173,2,Green
32173,4,Red
32173,6,Brown
32173,7,Light_Gray
32173,8,Dark_Gray
32173,14,Yellow
32173,15,White
32173,19,Tan
32173,22,Purple
32173,25,Orange
32173,27,Lime
32173,73,Medium_Blue
32174,0,Black
32174,1,Blue
32174,2,Green
32174,3,Dark_Turquoise
32174,4,Red
32174,6,Brown
32174,7,Light_Gray
32174,8,Dark_Gray
32174,14,Yellow
32174,15,White
32174,19,Tan
32174,22,Purple
32174,25,Orange
32174,27,Lime
32174,28,Dark_Tan
32174,70,Reddish_Brown
32174,71,Light_Bluish_Gray
32174,72,Dark_Bluish_Gray
32174,73,Medium_Blue
32174,191,Bright_Light_Orange
32174,272,Dark_Blue
32174,288,Dark_Green
32174,320,Dark_Red
32174,378,Sand_Green
32174,379,Sand_Blue
32174,484,Dark_Orange
32175,0,Black
32175,1,Blue
32175,2,Green
32175,4,Red
32175,7,Light_Gray
32175,8,Dark_Gray
32175,14,Yellow
32175,15,White
32175,22,Purple
32175,71,Light_Bluish_Gray
32175,73,Medium_Blue
32175,191,Bright_Light_Orange
32175,320,Dark_Red
32177,0,Black
32177,1,Blue
32177,3,Dark_Turquoise
32177,4,Red
32177,8,Dark_Gray
32177,14,Yellow
32177,15,White
32177,19,Tan
32177,22,Purple
32177,25,Orange
32177,27,Lime
32177,71,Light_Bluish_Gray
32177,72,Dark_Bluish_Gray
32177,272,Dark_Blue
32177,320,Dark_Red
3218,4,Red
3218,15,White
32180,0,Black
32184,0,Black
32184,1,Blue
32184,2,Green
32184,3,Dark_Turquoise
32184,4,Red
32184,6,Brown
32184,7,Light_Gray
32184,8,Dark_Gray
32184,14,Yellow
32184,15,White
32184,19,Tan
32184,22,Purple
32184,25,Orange
32184,27,Lime
32184,28,Dark_Tan
32184,70,Reddish_Brown
32184,71,Light_Bluish_Gray
32184,72,Dark_Bluish_Gray
32184,110,Violet
32185,0,Black
32185,7,Light_Gray
32186,0,Black
32186,7,Light_Gray
32187,0,Black
32187,7,Light_Gray
32187,8,Dark_Gray
32187,25,Orange
32187,71,Light_Bluish_Gray
32188,0,Black
32188,1,Blue
32188,4,Red
32188,7,Light_Gray
32188,15,White
32189,0,Black
32189,1,Blue
32189,4,Red
32189,7,Light_Gray
32189,15,White
32190,0,Black
32190,1,Blue
32190,2,Green
32190,4,Red
32190,7,Light_Gray
32190,14,Yellow
32190,15,White
32190,19,Tan
32190,25,Orange
32190,462,Medium_Orange
32191,0,Black
32191,1,Blue
32191,2,Green
32191,4,Red
32191,7,Light_Gray
32191,14,Yellow
32191,15,White
32191,19,Tan
32191,25,Orange
32191,462,Medium_Orange
32192,0,Black
32192,2,Green
32192,3,Dark_Turquoise
32192,4,Red
32192,7,Light_Gray
32192,8,Dark_Gray
32192,14,Yellow
32192,15,White
32192,19,Tan
32192,25,Orange
32192,27,Lime
32192,28,Dark_Tan
32192,29,Bright_Pink
32192,71,Light_Bluish_Gray
32192,72,Dark_Bluish_Gray
32192,73,Medium_Blue
32192,110,Violet
32192,212,Bright_Light_Blue
32192,272,Dark_Blue
32192,288,Dark_Green
32192,320,Dark_Red
32192,321,Dark_Azure
32192,378,Sand_Green
32192,484,Dark_Orange
32193,0,Black
32195,0,Black
32195,4,Red
32195,8,Dark_Gray
32195,15,White
32195,72,Dark_Bluish_Gray
32195a,8,Dark_Gray
32195b,0,Black
32195b,4,Red
32195b,8,Dark_Gray
32195b,15,White
32195b,72,Dark_Bluish_Gray
32196,0,Black
32197,7,Light_Gray
32198,7,Light_Gray
32198,19,Tan
32198,71,Light_Bluish_Gray
32199,0,Black
32199,1,Blue
32199,2,Green
32199,4,Red
32199,7,Light_Gray
32199,8,Dark_Gray
32199,14,Yellow
32199,15,White
32199,25,Orange
32199,27,Lime
32199,71,Light_Bluish_Gray
32199,72,Dark_Bluish_Gray
32199,321,Dark_Azure
3220,320,Dark_Red
32200,0,Black
32200,1,Blue
32200,2,Green
32200,4,Red
32200,5,Dark_Pink
32200,7,Light_Gray
32200,10,Bright_Green
32200,14,Yellow
32200,15,White
32200,25,Orange
32200,26,Magenta
32200,27,Lime
32200,71,Light_Bluish_Gray
32201,0,Black
32201,1,Blue
32201,4,Red
32201,6,Brown
32201,14,Yellow
32201,15,White
32201,27,Lime
32201,70,Reddish_Brown
32202,0,Black
32202,1,Blue
32202,2,Green
32202,3,Dark_Turquoise
32202,4,Red
32202,10,Bright_Green
32202,14,Yellow
32202,15,White
32202,25,Orange
32202,27,Lime
32202,71,Light_Bluish_Gray
32202,321,Dark_Azure
32202,322,Medium_Azure
32203,0,Black
32203,2,Green
32203,4,Red
32203,14,Yellow
32204,0,Black
32204,2,Green
32204,4,Red
32205,0,Black
32205,2,Green
32205,4,Red
32205,14,Yellow
32206,0,Black
32206,2,Green
32206,4,Red
32206,14,Yellow
32207,8,Dark_Gray
32208,0,Black
32208,2,Green
32208,4,Red
32208,14,Yellow
32209,0,Black
32209,15,White
32209,72,Dark_Bluish_Gray
3221,0,Black
3221,272,Dark_Blue
32210,0,Black
32210,2,Green
32210,4,Red
32210,14,Yellow
32211,22,Purple
32212,7,Light_Gray
32213,0,Black
32213,2,Green
32213,14,Yellow
32214,0,Black
32214,2,Green
32214,4,Red
32214,14,Yellow
32216,0,Black
32216,2,Green
32216,4,Red
32216,14,Yellow
32218,0,Black
32218,2,Green
32218,4,Red
32218,14,Yellow
32219,0,Black
32219,4,Red
32219,14,Yellow
32220,0,Black
32220,14,Yellow
32221,8,Dark_Gray
32229,0,Black
32229,2,Green
32229,4,Red
32229,14,Yellow
32230,0,Black
32235,0,Black
32235,1,Blue
32235,2,Green
32235,4,Red
32235,7,Light_Gray
32235,14,Yellow
32235,15,White
32235,25,Orange
32235,27,Lime
32235,191,Bright_Light_Orange
32235,321,Dark_Azure
32239,0,Black
32239,1,Blue
32239,4,Red
32239,7,Light_Gray
32239,14,Yellow
32239,15,White
32239,19,Tan
32239,25,Orange
3224,0,Black
3224,15,White
3224,70,Reddish_Brown
32242,0,Black
32242,2,Green
32242,4,Red
32242,14,Yellow
32246,0,Black
32246,2,Green
32246,4,Red
32246,14,Yellow
32247,0,Black
32247,8,Dark_Gray
32247,25,Orange
32247,27,Lime
32249,0,Black
32249,1,Blue
32249,2,Green
32249,4,Red
32249,6,Brown
32249,7,Light_Gray
32249,8,Dark_Gray
32249,14,Yellow
32249,15,White
32249,19,Tan
32249,25,Orange
32249,71,Light_Bluish_Gray
32249,72,Dark_Bluish_Gray
32249,110,Violet
32249,191,Bright_Light_Orange
32249,484,Dark_Orange
32250,0,Black
32250,1,Blue
32250,2,Green
32250,3,Dark_Turquoise
32250,4,Red
32250,6,Brown
32250,7,Light_Gray
32250,8,Dark_Gray
32250,14,Yellow
32250,15,White
32250,25,Orange
32250,27,Lime
32250,71,Light_Bluish_Gray
32250,72,Dark_Bluish_Gray
32250,110,Violet
32250,272,Dark_Blue
32250,321,Dark_Azure
32250,330,Olive_Green
32250,484,Dark_Orange
32251,0,Black
32251,1,Blue
32251,2,Green
32251,4,Red
32251,14,Yellow
32251,15,White
32251,19,Tan
32251,72,Dark_Bluish_Gray
32251,288,Dark_Green
32251,484,Dark_Orange
32269,0,Black
32269,2,Green
32269,7,Light_Gray
32269,15,White
32269,19,Tan
32269,71,Light_Bluish_Gray
32270,0,Black
32270,2,Green
32270,7,Light_Gray
32270,14,Yellow
32270,71,Light_Bluish_Gray
32271,0,Black
32271,1,Blue
32271,2,Green
32271,3,Dark_Turquoise
32271,4,Red
32271,6,Brown
32271,7,Light_Gray
32271,8,Dark_Gray
32271,14,Yellow
32271,15,White
32271,19,Tan
32271,22,Purple
32271,25,Orange
32271,27,Lime
32271,70,Reddish_Brown
32271,71,Light_Bluish_Gray
32271,72,Dark_Bluish_Gray
32271,73,Medium_Blue
32271,85,Dark_Purple
32271,151,Very_Light_Bluish_Gray
32271,272,Dark_Blue
32271,288,Dark_Green
32271,484,Dark_Orange
32273c01-bl,1,Blue
32278,0,Black
32278,1,Blue
32278,2,Green
32278,3,Dark_Turquoise
32278,4,Red
32278,6,Brown
32278,7,Light_Gray
32278,8,Dark_Gray
32278,10,Bright_Green
32278,14,Yellow
32278,15,White
32278,19,Tan
32278,25,Orange
32278,27,Lime
32278,70,Reddish_Brown
32278,71,Light_Bluish_Gray
32278,72,Dark_Bluish_Gray
32278,151,Very_Light_Bluish_Gray
32278,191,Bright_Light_Orange
32278,272,Dark_Blue
32278,320,Dark_Red
32278,321,Dark_Azure
32278,322,Medium_Azure
32278,330,Olive_Green
3228,1,Blue
3228,7,Light_Gray
32283c01,8,Dark_Gray
32288c01,0,Black
32288c02,0,Black
3228a,1,Blue
3228a,7,Light_Gray
3228b,7,Light_Gray
3228b,313,Maersk_Blue
3228c,0,Black
3228c,7,Light_Gray
3228c,71,Light_Bluish_Gray
3228c,72,Dark_Bluish_Gray
32291,0,Black
32291,1,Blue
32291,2,Green
32291,3,Dark_Turquoise
32291,4,Red
32291,6,Brown
32291,7,Light_Gray
32291,8,Dark_Gray
32291,10,Bright_Green
32291,14,Yellow
32291,15,White
32291,19,Tan
32291,22,Purple
32291,25,Orange
32291,27,Lime
32291,70,Reddish_Brown
32291,71,Light_Bluish_Gray
32291,72,Dark_Bluish_Gray
32291,73,Medium_Blue
32291,321,Dark_Azure
32293,0,Black
32293,4,Red
32293,6,Brown
32294,0,Black
32294,4,Red
32294,6,Brown
32294,14,Yellow
32294,15,White
32294,25,Orange
32294,27,Lime
32294,70,Reddish_Brown
32294,71,Light_Bluish_Gray
32294,72,Dark_Bluish_Gray
32294,212,Bright_Light_Blue
32294,321,Dark_Azure
32296,0,Black
32298,0,Black
3229a,1,Blue
3229b,7,Light_Gray
32305,0,Black
32305,8,Dark_Gray
32305,14,Yellow
32307,0,Black
32307,1,Blue
32307,4,Red
32307,8,Dark_Gray
32307,19,Tan
32307,73,Medium_Blue
32308,0,Black
32308,4,Red
32308,8,Dark_Gray
32308,14,Yellow
32308,27,Lime
3230a,1,Blue
3230b,7,Light_Gray
3231,1,Blue
32310,0,Black
32310,1,Blue
32310,2,Green
32310,4,Red
32310,7,Light_Gray
32310,8,Dark_Gray
32310,14,Yellow
32310,15,White
32310,19,Tan
32310,22,Purple
32310,25,Orange
32310,27,Lime
32310,72,Dark_Bluish_Gray
32310,73,Medium_Blue
32310,191,Bright_Light_Orange
32310,484,Dark_Orange
32311,0,Black
32311,7,Light_Gray
32311,8,Dark_Gray
32311,15,White
32311,19,Tan
32311,25,Orange
32311,73,Medium_Blue
32316,0,Black
32316,1,Blue
32316,2,Green
32316,3,Dark_Turquoise
32316,4,Red
32316,6,Brown
32316,7,Light_Gray
32316,8,Dark_Gray
32316,10,Bright_Green
32316,14,Yellow
32316,15,White
32316,19,Tan
32316,25,Orange
32316,26,Magenta
32316,27,Lime
32316,29,Bright_Pink
32316,70,Reddish_Brown
32316,71,Light_Bluish_Gray
32316,72,Dark_Bluish_Gray
32316,73,Medium_Blue
32316,191,Bright_Light_Orange
32316,212,Bright_Light_Blue
32316,272,Dark_Blue
32316,321,Dark_Azure
32316,330,Olive_Green
32316,484,Dark_Orange
3231a,1,Blue
3231b,7,Light_Gray
32324,0,Black
32324,1,Blue
32324,4,Red
32324,7,Light_Gray
32324,14,Yellow
32324,15,White
32324,19,Tan
32324,71,Light_Bluish_Gray
32324,72,Dark_Bluish_Gray
32333,0,Black
32333,71,Light_Bluish_Gray
32342c01,2,Green
32348,0,Black
32348,1,Blue
32348,2,Green
32348,3,Dark_Turquoise
32348,4,Red
32348,7,Light_Gray
32348,8,Dark_Gray
32348,14,Yellow
32348,15,White
32348,19,Tan
32348,25,Orange
32348,27,Lime
32348,28,Dark_Tan
32348,71,Light_Bluish_Gray
32348,72,Dark_Bluish_Gray
32348,191,Bright_Light_Orange
32348,272,Dark_Blue
32348,288,Dark_Green
32348,322,Medium_Azure
32348,484,Dark_Orange
32373,1,Blue
324,0,Black
324,1,Blue
324,2,Green
324,4,Red
324,6,Brown
324,7,Light_Gray
324,8,Dark_Gray
324,14,Yellow
324,15,White
324,19,Tan
324,20,Light_Violet
324,70,Reddish_Brown
324,71,Light_Bluish_Gray
324,72,Dark_Bluish_Gray
324,378,Sand_Green
3240a,1,Blue
3240a,7,Light_Gray
3240b,7,Light_Gray
3240c,1,Blue
3240c,7,Light_Gray
3241a,7,Light_Gray
3241b,1,Blue
3241b,7,Light_Gray
32439,2,Green
32449,0,Black
32449,1,Blue
32449,2,Green
32449,3,Dark_Turquoise
32449,4,Red
32449,7,Light_Gray
32449,8,Dark_Gray
32449,14,Yellow
32449,15,White
32449,25,Orange
32449,27,Lime
32449,71,Light_Bluish_Gray
32449,72,Dark_Bluish_Gray
32449,73,Medium_Blue
32449,272,Dark_Blue
32449,288,Dark_Green
32449,321,Dark_Azure
32449,322,Medium_Azure
32449,462,Medium_Orange
3245b,0,Black
3245b,3,Dark_Turquoise
3245b,4,Red
3245b,5,Dark_Pink
3245b,7,Light_Gray
3245b,8,Dark_Gray
3245b,14,Yellow
3245b,15,White
3245b,19,Tan
3245b,25,Orange
3245b,70,Reddish_Brown
3245b,71,Light_Bluish_Gray
3245b,72,Dark_Bluish_Gray
3245b,272,Dark_Blue
3245c,0,Black
3245c,1,Blue
3245c,2,Green
3245c,3,Dark_Turquoise
3245c,4,Red
3245c,10,Bright_Green
3245c,14,Yellow
3245c,15,White
3245c,19,Tan
3245c,25,Orange
3245c,26,Magenta
3245c,27,Lime
3245c,29,Bright_Pink
3245c,30,Medium_Lavender
3245c,70,Reddish_Brown
3245c,71,Light_Bluish_Gray
3245c,72,Dark_Bluish_Gray
3245c,73,Medium_Blue
3245c,191,Bright_Light_Orange
3245c,226,Bright_Light_Yellow
3245c,288,Dark_Green
3245c,320,Dark_Red
3245c,321,Dark_Azure
3245c,322,Medium_Azure
3245c,378,Sand_Green
32474,0,Black
32474,1,Blue
32474,3,Dark_Turquoise
32474,4,Red
32474,5,Dark_Pink
32474,7,Light_Gray
32474,8,Dark_Gray
32474,15,White
32474,19,Tan
32474,25,Orange
32474,27,Lime
32474,30,Medium_Lavender
32474,70,Reddish_Brown
32474,71,Light_Bluish_Gray
32474,72,Dark_Bluish_Gray
32474,85,Dark_Purple
32474,89,Blue_Violet
32474,191,Bright_Light_Orange
32474,226,Bright_Light_Yellow
32474,272,Dark_Blue
32474,320,Dark_Red
32474,321,Dark_Azure
32474,326,Yellowish_Green
32475,0,Black
32475,1,Blue
32475,2,Green
32475,3,Dark_Turquoise
32475,4,Red
32475,6,Brown
32475,8,Dark_Gray
32475,15,White
32475,25,Orange
32475,70,Reddish_Brown
32475,72,Dark_Bluish_Gray
32475,73,Medium_Blue
32475,320,Dark_Red
32475,379,Sand_Blue
32476,0,Black
32476,2,Green
32476,7,Light_Gray
32476,8,Dark_Gray
32476,15,White
32476,25,Orange
32476,27,Lime
32476,28,Dark_Tan
32476,71,Light_Bluish_Gray
32476,72,Dark_Bluish_Gray
32476,73,Medium_Blue
32476,272,Dark_Blue
32476,288,Dark_Green
32476,320,Dark_Red
32482,0,Black
32482,7,Light_Gray
32482,8,Dark_Gray
32482,15,White
32482,19,Tan
32482,25,Orange
32482,27,Lime
32482,73,Medium_Blue
32482,272,Dark_Blue
32482,288,Dark_Green
32482,320,Dark_Red
32489,0,Black
32489,1,Blue
32489,2,Green
32489,4,Red
32489,6,Brown
32489,15,White
3249,0,Black
32494,7,Light_Gray
32494,71,Light_Bluish_Gray
32496,0,Black
32498,0,Black
32498,7,Light_Gray
32498,71,Light_Bluish_Gray
3250,25,Orange
3250,27,Lime
3250,85,Dark_Purple
32505,0,Black
32505,1,Blue
32505,2,Green
32505,4,Red
32505,6,Brown
32505,7,Light_Gray
32505,8,Dark_Gray
32505,14,Yellow
32505,15,White
32505,19,Tan
32505,22,Purple
32505,25,Orange
32505,27,Lime
32505,72,Dark_Bluish_Gray
32505,73,Medium_Blue
32506,0,Black
32506,3,Dark_Turquoise
32506,4,Red
32506,14,Yellow
32506,15,White
32506,25,Orange
32506,27,Lime
32506,28,Dark_Tan
32523,0,Black
32523,1,Blue
32523,2,Green
32523,3,Dark_Turquoise
32523,4,Red
32523,6,Brown
32523,7,Light_Gray
32523,8,Dark_Gray
32523,10,Bright_Green
32523,14,Yellow
32523,15,White
32523,19,Tan
32523,25,Orange
32523,27,Lime
32523,70,Reddish_Brown
32523,71,Light_Bluish_Gray
32523,72,Dark_Bluish_Gray
32523,73,Medium_Blue
32523,191,Bright_Light_Orange
32523,272,Dark_Blue
32523,288,Dark_Green
32523,308,Dark_Brown
32523,320,Dark_Red
32523,321,Dark_Azure
32523,322,Medium_Azure
32524,0,Black
32524,1,Blue
32524,2,Green
32524,3,Dark_Turquoise
32524,4,Red
32524,6,Brown
32524,7,Light_Gray
32524,8,Dark_Gray
32524,10,Bright_Green
32524,14,Yellow
32524,15,White
32524,25,Orange
32524,27,Lime
32524,28,Dark_Tan
32524,31,Lavender
32524,70,Reddish_Brown
32524,71,Light_Bluish_Gray
32524,72,Dark_Bluish_Gray
32524,73,Medium_Blue
32524,151,Very_Light_Bluish_Gray
32524,191,Bright_Light_Orange
32524,272,Dark_Blue
32524,321,Dark_Azure
32524,322,Medium_Azure
32524,330,Olive_Green
32524,379,Sand_Blue
32524,484,Dark_Orange
32525,0,Black
32525,1,Blue
32525,2,Green
32525,3,Dark_Turquoise
32525,4,Red
32525,6,Brown
32525,8,Dark_Gray
32525,10,Bright_Green
32525,14,Yellow
32525,15,White
32525,19,Tan
32525,25,Orange
32525,26,Magenta
32525,27,Lime
32525,70,Reddish_Brown
32525,71,Light_Bluish_Gray
32525,72,Dark_Bluish_Gray
32525,73,Medium_Blue
32525,85,Dark_Purple
32525,151,Very_Light_Bluish_Gray
32525,191,Bright_Light_Orange
32525,272,Dark_Blue
32525,321,Dark_Azure
32525,330,Olive_Green
32526,0,Black
32526,1,Blue
32526,2,Green
32526,3,Dark_Turquoise
32526,4,Red
32526,6,Brown
32526,7,Light_Gray
32526,8,Dark_Gray
32526,10,Bright_Green
32526,14,Yellow
32526,15,White
32526,19,Tan
32526,25,Orange
32526,27,Lime
32526,29,Bright_Pink
32526,70,Reddish_Brown
32526,71,Light_Bluish_Gray
32526,72,Dark_Bluish_Gray
32526,73,Medium_Blue
32526,191,Bright_Light_Orange
32526,212,Bright_Light_Blue
32526,272,Dark_Blue
32526,321,Dark_Azure
32526,322,Medium_Azure
32526,330,Olive_Green
32527,0,Black
32527,1,Blue
32527,2,Green
32527,3,Dark_Turquoise
32527,4,Red
32527,6,Brown
32527,7,Light_Gray
32527,14,Yellow
32527,15,White
32527,19,Tan
32527,25,Orange
32527,27,Lime
32527,462,Medium_Orange
32528,0,Black
32528,1,Blue
32528,2,Green
32528,3,Dark_Turquoise
32528,4,Red
32528,6,Brown
32528,7,Light_Gray
32528,14,Yellow
32528,15,White
32528,19,Tan
32528,25,Orange
32528,27,Lime
32528,70,Reddish_Brown
32528,71,Light_Bluish_Gray
32528,72,Dark_Bluish_Gray
32528,73,Medium_Blue
32528,462,Medium_Orange
32529,0,Black
32529,6,Brown
32529,7,Light_Gray
32529,14,Yellow
32529,71,Light_Bluish_Gray
32530,0,Black
32530,1,Blue
32530,2,Green
32530,4,Red
32530,6,Brown
32530,7,Light_Gray
32530,8,Dark_Gray
32530,14,Yellow
32530,15,White
32530,26,Magenta
32530,70,Reddish_Brown
32530,71,Light_Bluish_Gray
32530,72,Dark_Bluish_Gray
32530,379,Sand_Blue
32531,0,Black
32531,1,Blue
32531,4,Red
32531,7,Light_Gray
32531,14,Yellow
32531,25,Orange
32531,71,Light_Bluish_Gray
32531,321,Dark_Azure
32532,0,Black
32532,1,Blue
32532,4,Red
32532,7,Light_Gray
32532,8,Dark_Gray
32532,14,Yellow
32532,15,White
32532,71,Light_Bluish_Gray
32532,72,Dark_Bluish_Gray
32532,272,Dark_Blue
32533,0,Black
32533,25,Orange
32534,0,Black
32534,1,Blue
32534,4,Red
32534,6,Brown
32534,7,Light_Gray
32534,14,Yellow
32534,15,White
32534,25,Orange
32534,27,Lime
32534,462,Medium_Orange
32535,0,Black
32535,1,Blue
32535,2,Green
32535,4,Red
32535,6,Brown
32535,7,Light_Gray
32535,14,Yellow
32535,15,White
32535,19,Tan
32535,25,Orange
32535,27,Lime
32535,70,Reddish_Brown
32535,71,Light_Bluish_Gray
32535,462,Medium_Orange
32551,0,Black
32551,1,Blue
32551,4,Red
32551,8,Dark_Gray
32551,14,Yellow
32551,15,White
32551,25,Orange
32551,27,Lime
32551,71,Light_Bluish_Gray
32551,73,Medium_Blue
32552,0,Black
32552,15,White
32552,462,Medium_Orange
32553,0,Black
32553,1,Blue
32553,2,Green
32553,4,Red
32553,6,Brown
32553,7,Light_Gray
32553,8,Dark_Gray
32553,15,White
32553,72,Dark_Bluish_Gray
32553,191,Bright_Light_Orange
32555,0,Black
32555,4,Red
32555,14,Yellow
32555,15,White
32555,72,Dark_Bluish_Gray
32556,19,Tan
32556b,19,Tan
32557,0,Black
32557,1,Blue
32557,2,Green
32557,4,Red
32557,7,Light_Gray
32557,8,Dark_Gray
32557,14,Yellow
32557,15,White
32557,25,Orange
32557,27,Lime
32557,71,Light_Bluish_Gray
32557,72,Dark_Bluish_Gray
32557,320,Dark_Red
32558,0,Black
32558,4,Red
32558,14,Yellow
32558,73,Medium_Blue
32558,320,Dark_Red
32559,2,Green
32560,19,Tan
32565,0,Black
32565,1,Blue
32565,2,Green
32565,3,Dark_Turquoise
32565,4,Red
32565,6,Brown
32565,15,White
32565,19,Tan
32565,25,Orange
32565,27,Lime
32565,73,Medium_Blue
32565,115,Medium_Lime
32566,0,Black
32566,1,Blue
32566,2,Green
32566,4,Red
32566,6,Brown
32566,15,White
32566,19,Tan
32566,22,Purple
32566,25,Orange
32566,27,Lime
32566,73,Medium_Blue
32566,379,Sand_Blue
32567,0,Black
32567,1,Blue
32567,2,Green
32567,4,Red
32567,6,Brown
32567,7,Light_Gray
32567,8,Dark_Gray
32567,14,Yellow
32567,15,White
32567,19,Tan
32567,25,Orange
32567,27,Lime
32567,73,Medium_Blue
32567,320,Dark_Red
32568,0,Black
32568,1,Blue
32568,2,Green
32568,3,Dark_Turquoise
32568,4,Red
32568,6,Brown
32568,15,White
32568,19,Tan
32568,25,Orange
32568,27,Lime
32568,73,Medium_Blue
32568,373,Sand_Purple
32568,484,Dark_Orange
32569,0,Black
32569,1,Blue
32569,2,Green
32569,4,Red
32569,6,Brown
32569,15,White
32569,19,Tan
32569,25,Orange
32569,27,Lime
32569,73,Medium_Blue
32569,320,Dark_Red
32569,379,Sand_Blue
32570,0,Black
32570,1,Blue
32570,2,Green
32570,3,Dark_Turquoise
32570,4,Red
32570,6,Brown
32570,7,Light_Gray
32570,8,Dark_Gray
32570,15,White
32570,19,Tan
32570,25,Orange
32570,27,Lime
32570,73,Medium_Blue
32570,288,Dark_Green
32572,0,Black
32572,1,Blue
32572,2,Green
32572,4,Red
32572,6,Brown
32572,7,Light_Gray
32572,8,Dark_Gray
32572,14,Yellow
32572,15,White
32572,19,Tan
32572,25,Orange
32572,27,Lime
32572,73,Medium_Blue
32572,272,Dark_Blue
32572,462,Medium_Orange
32573,0,Black
32573,1,Blue
32573,2,Green
32573,4,Red
32573,6,Brown
32573,7,Light_Gray
32573,8,Dark_Gray
32573,15,White
32573,19,Tan
32573,25,Orange
32573,27,Lime
32573,73,Medium_Blue
32573,110,Violet
32573,320,Dark_Red
32574,0,Black
32574,1,Blue
32574,2,Green
32574,4,Red
32574,6,Brown
32574,7,Light_Gray
32574,8,Dark_Gray
32574,15,White
32574,19,Tan
32574,25,Orange
32574,27,Lime
32574,73,Medium_Blue
32574,272,Dark_Blue
32574,378,Sand_Green
32575,0,Black
32575,1,Blue
32575,2,Green
32575,4,Red
32575,6,Brown
32575,7,Light_Gray
32575,8,Dark_Gray
32575,15,White
32575,19,Tan
32575,25,Orange
32575,27,Lime
32575,73,Medium_Blue
32575,288,Dark_Green
32575,484,Dark_Orange
32576,0,Black
32576,1,Blue
32576,2,Green
32576,3,Dark_Turquoise
32576,4,Red
32576,6,Brown
32576,8,Dark_Gray
32576,14,Yellow
32576,15,White
32576,22,Purple
32576,110,Violet
32576,115,Medium_Lime
32576,272,Dark_Blue
32576,373,Sand_Purple
32576,379,Sand_Blue
32576,462,Medium_Orange
32576,484,Dark_Orange
32577,0,Black
32577,1,Blue
32577,4,Red
32577,6,Brown
32577,8,Dark_Gray
32577,15,White
32577,19,Tan
32577,22,Purple
32577,25,Orange
32577,27,Lime
32577,73,Medium_Blue
32578,0,Black
32578,1,Blue
32578,4,Red
32578,6,Brown
32578,8,Dark_Gray
32578,15,White
32578,19,Tan
32578,22,Purple
32578,25,Orange
32578,27,Lime
32578,73,Medium_Blue
32579,7,Light_Gray
32579,8,Dark_Gray
32580,0,Black
32580,1,Blue
32580,4,Red
32580,15,White
32580,25,Orange
32580,27,Lime
32580,71,Light_Bluish_Gray
32580,73,Medium_Blue
32580,272,Dark_Blue
32602,0,Black
32606,4,Red
32606,5,Dark_Pink
32606,10,Bright_Green
32606,15,White
32606,191,Bright_Light_Orange
32607,0,Black
32607,2,Green
32607,3,Dark_Turquoise
32607,4,Red
32607,10,Bright_Green
32607,14,Yellow
32607,15,White
32607,25,Orange
32607,26,Magenta
32607,27,Lime
32607,29,Bright_Pink
32607,30,Medium_Lavender
32607,85,Dark_Purple
32607,191,Bright_Light_Orange
32607,212,Bright_Light_Blue
32607,226,Bright_Light_Yellow
32607,272,Dark_Blue
32607,288,Dark_Green
32607,320,Dark_Red
32607,321,Dark_Azure
32607,326,Yellowish_Green
32607,330,Olive_Green
32607,378,Sand_Green
32607,379,Sand_Blue
3262,0,Black
3262,1,Blue
3262,2,Green
3262,3,Dark_Turquoise
3262,4,Red
3262,5,Dark_Pink
3262,10,Bright_Green
3262,14,Yellow
3262,15,White
3262,19,Tan
3262,25,Orange
3262,26,Magenta
3262,27,Lime
3262,28,Dark_Tan
3262,29,Bright_Pink
3262,30,Medium_Lavender
3262,70,Reddish_Brown
3262,71,Light_Bluish_Gray
3262,72,Dark_Bluish_Gray
3262,85,Dark_Purple
3262,89,Blue_Violet
3262,320,Dark_Red
3262,322,Medium_Azure
3262,330,Olive_Green
3262,378,Sand_Green
32627,71,Light_Bluish_Gray
3263,2,Green
3263,4,Red
3263,10,Bright_Green
3263,14,Yellow
3263,15,White
3263,326,Yellowish_Green
32739,0,Black
32739,1,Blue
32739,4,Red
32739,14,Yellow
32739,15,White
32739,25,Orange
32739,26,Magenta
32739,71,Light_Bluish_Gray
32739,72,Dark_Bluish_Gray
32739,191,Bright_Light_Orange
32739,272,Dark_Blue
32765,0,Black
32802,0,Black
32802,1,Blue
32802,2,Green
32802,4,Red
32802,5,Dark_Pink
32802,15,White
32802,19,Tan
32802,72,Dark_Bluish_Gray
32802,308,Dark_Brown
32803,0,Black
32803,1,Blue
32803,2,Green
32803,3,Dark_Turquoise
32803,4,Red
32803,10,Bright_Green
32803,14,Yellow
32803,15,White
32803,19,Tan
32803,25,Orange
32803,28,Dark_Tan
32803,29,Bright_Pink
32803,30,Medium_Lavender
32803,70,Reddish_Brown
32803,71,Light_Bluish_Gray
32803,72,Dark_Bluish_Gray
32803,85,Dark_Purple
32803,89,Blue_Violet
32803,191,Bright_Light_Orange
32803,212,Bright_Light_Blue
32803,226,Bright_Light_Yellow
32803,272,Dark_Blue
32803,288,Dark_Green
32803,320,Dark_Red
32803,321,Dark_Azure
32803,484,Dark_Orange
32828,0,Black
32828,3,Dark_Turquoise
32828,4,Red
32828,15,White
32828,19,Tan
32828,70,Reddish_Brown
32828,71,Light_Bluish_Gray
32828,72,Dark_Bluish_Gray
32828,85,Dark_Purple
32828,212,Bright_Light_Blue
32828,226,Bright_Light_Yellow
32828,288,Dark_Green
32828,320,Dark_Red
32828,378,Sand_Green
32905,0,Black
32905,71,Light_Bluish_Gray
32932,0,Black
32932,4,Red
32932,19,Tan
32932,70,Reddish_Brown
32932,71,Light_Bluish_Gray
32952,0,Black
32952,1,Blue
32952,3,Dark_Turquoise
32952,4,Red
32952,5,Dark_Pink
32952,14,Yellow
32952,15,White
32952,19,Tan
32952,25,Orange
32952,26,Magenta
32952,27,Lime
32952,30,Medium_Lavender
32952,70,Reddish_Brown
32952,71,Light_Bluish_Gray
32952,72,Dark_Bluish_Gray
32952,85,Dark_Purple
32952,191,Bright_Light_Orange
32952,226,Bright_Light_Yellow
32952,272,Dark_Blue
32952,288,Dark_Green
32952,320,Dark_Red
32952,322,Medium_Azure
32952,323,Light_Aqua
32952,326,Yellowish_Green
32952,330,Olive_Green
32952,378,Sand_Green
32952,484,Dark_Orange
32969,308,Dark_Brown
3297,0,Black
3297,1,Blue
3297,2,Green
3297,3,Dark_Turquoise
3297,4,Red
3297,6,Brown
3297,7,Light_Gray
3297,8,Dark_Gray
3297,14,Yellow
3297,15,White
3297,18,Light_Yellow
3297,19,Tan
3297,25,Orange
3297,26,Magenta
3297,27,Lime
3297,30,Medium_Lavender
3297,70,Reddish_Brown
3297,71,Light_Bluish_Gray
3297,72,Dark_Bluish_Gray
3297,73,Medium_Blue
3297,272,Dark_Blue
3297,288,Dark_Green
3297,308,Dark_Brown
3297,320,Dark_Red
3297,322,Medium_Azure
3297,323,Light_Aqua
3297,378,Sand_Green
3297,484,Dark_Orange
3298,0,Black
3298,1,Blue
3298,2,Green
3298,3,Dark_Turquoise
3298,4,Red
3298,6,Brown
3298,7,Light_Gray
3298,8,Dark_Gray
3298,14,Yellow
3298,15,White
3298,19,Tan
3298,25,Orange
3298,26,Magenta
3298,27,Lime
3298,28,Dark_Tan
3298,30,Medium_Lavender
3298,70,Reddish_Brown
3298,71,Light_Bluish_Gray
3298,72,Dark_Bluish_Gray
3298,73,Medium_Blue
3298,85,Dark_Purple
3298,110,Violet
3298,191,Bright_Light_Orange
3298,272,Dark_Blue
3298,288,Dark_Green
3298,320,Dark_Red
3298,321,Dark_Azure
3298,323,Light_Aqua
3298,330,Olive_Green
3298,335,Sand_Red
3298,351,Medium_Dark_Pink
3298,378,Sand_Green
3298,379,Sand_Blue
3298,484,Dark_Orange
329826,0,Black
329826,1,Blue
329826,2,Green
329826,3,Dark_Turquoise
329826,4,Red
329826,6,Brown
329826,7,Light_Gray
329826,8,Dark_Gray
329826,14,Yellow
329826,15,White
329826,19,Tan
329826,25,Orange
329826,26,Magenta
329826,27,Lime
329826,28,Dark_Tan
329826,30,Medium_Lavender
329826,70,Reddish_Brown
329826,71,Light_Bluish_Gray
329826,72,Dark_Bluish_Gray
329826,73,Medium_Blue
329826,85,Dark_Purple
329826,110,Violet
329826,191,Bright_Light_Orange
329826,272,Dark_Blue
329826,288,Dark_Green
329826,320,Dark_Red
329826,321,Dark_Azure
329826,323,Light_Aqua
329826,330,Olive_Green
329826,335,Sand_Red
329826,351,Medium_Dark_Pink
329826,378,Sand_Green
329826,379,Sand_Blue
329826,484,Dark_Orange
3299,0,Black
3299,1,Blue
3299,2,Green
3299,4,Red
3299,6,Brown
3299,7,Light_Gray
3299,8,Dark_Gray
3299,14,Yellow
3299,15,White
3299,19,Tan
3299,70,Reddish_Brown
3299,72,Dark_Bluish_Gray
3299,272,Dark_Blue
3299,320,Dark_Red
3299,484,Dark_Orange
32ac01,4,Red
32ac01,15,White
32b,4,Red
32b,15,White
32bc01,4,Red
32bc01,14,Yellow
32bc01,15,White
32cc01,4,Red
32cc01,14,Yellow
32cc01,15,White
3300,0,Black
3300,1,Blue
3300,2,Green
3300,4,Red
3300,6,Brown
3300,7,Light_Gray
3300,8,Dark_Gray
3300,14,Yellow
3300,15,White
3300,19,Tan
3300,27,Lime
3300,71,Light_Bluish_Gray
3300,72,Dark_Bluish_Gray
3300,85,Dark_Purple
3300,288,Dark_Green
3300,320,Dark_Red
3300,323,Light_Aqua
3300,484,Dark_Orange
33008,8,Dark_Gray
33008,11,Light_Turquoise
33008,12,Salmon
33008,17,Light_Green
33008,73,Medium_Blue
33008,110,Violet
33008,115,Medium_Lime
33009,0,Black
33009,1,Blue
33009,2,Green
33009,4,Red
33009,6,Brown
33009,8,Dark_Gray
33009,11,Light_Turquoise
33009,14,Yellow
33009,15,White
33009,17,Light_Green
33009,19,Tan
33009,20,Light_Violet
33009,26,Magenta
33009,70,Reddish_Brown
33009,71,Light_Bluish_Gray
33009,73,Medium_Blue
33009,74,Medium_Green
33009,351,Medium_Dark_Pink
33009-f1,0,Black
33009-f1,1,Blue
33009-f1,2,Green
33009-f1,4,Red
33009-f1,6,Brown
33009-f1,8,Dark_Gray
33009-f1,11,Light_Turquoise
33009-f1,14,Yellow
33009-f1,15,White
33009-f1,17,Light_Green
33009-f1,19,Tan
33009-f1,20,Light_Violet
33009-f1,26,Magenta
33009-f1,70,Reddish_Brown
33009-f1,71,Light_Bluish_Gray
33009-f1,73,Medium_Blue
33009-f1,74,Medium_Green
33009-f1,351,Medium_Dark_Pink
33009c01,0,Black
33009c01,1,Blue
33009c01,2,Green
33009c01,4,Red
33009c01,6,Brown
33009c01,8,Dark_Gray
33009c01,11,Light_Turquoise
33009c01,14,Yellow
33009c01,15,White
33009c01,17,Light_Green
33009c01,19,Tan
33009c01,20,Light_Violet
33009c01,26,Magenta
33009c01,70,Reddish_Brown
33009c01,71,Light_Bluish_Gray
33009c01,73,Medium_Blue
33009c01,74,Medium_Green
33009c01,351,Medium_Dark_Pink
33011a,4,Red
33011a,14,Yellow
33011a,20,Light_Violet
33011a,25,Orange
33011a,73,Medium_Blue
33011b,4,Red
33011b,14,Yellow
33011b,20,Light_Violet
33011b,25,Orange
33011b,73,Medium_Blue
33011c,4,Red
33011c,14,Yellow
33011c,20,Light_Violet
33011c,25,Orange
33011c,73,Medium_Blue
33025,2,Green
33025,4,Red
33025,14,Yellow
33025,15,White
33025,17,Light_Green
33025,73,Medium_Blue
33025,115,Medium_Lime
33025,118,Aqua
33029,20,Light_Violet
33029,100,Light_Salmon
33031,4,Red
33031,12,Salmon
33031,17,Light_Green
33031,20,Light_Violet
33031,73,Medium_Blue
33031,351,Medium_Dark_Pink
33031c01,4,Red
33031c01,12,Salmon
33031c01,17,Light_Green
33031c01,20,Light_Violet
33031c01,73,Medium_Blue
33031c01,351,Medium_Dark_Pink
33048,366,Earth_Orange
33048,484,Dark_Orange
33051,2,Green
33051,4,Red
33051,10,Bright_Green
33051,17,Light_Green
33051,74,Medium_Green
33054,4,Red
33054,14,Yellow
33054,15,White
33054,73,Medium_Blue
33054,462,Medium_Orange
33057,366,Earth_Orange
33057,484,Dark_Orange
33062,10,Bright_Green
33062,15,White
33062,74,Medium_Green
33062,100,Light_Salmon
3307,0,Black
3307,1,Blue
3307,2,Green
3307,4,Red
3307,6,Brown
3307,7,Light_Gray
3307,8,Dark_Gray
3307,9,Light_Blue
3307,13,Pink
3307,14,Yellow
3307,15,White
3307,19,Tan
3307,20,Light_Violet
3307,25,Orange
3307,70,Reddish_Brown
3307,71,Light_Bluish_Gray
3307,72,Dark_Bluish_Gray
3307,272,Dark_Blue
3307,288,Dark_Green
3307,351,Medium_Dark_Pink
3307,484,Dark_Orange
33078,0,Black
33078,4,Red
33078,10,Bright_Green
33078,15,White
33078,70,Reddish_Brown
33078,71,Light_Bluish_Gray
33078,72,Dark_Bluish_Gray
33078,191,Bright_Light_Orange
33078,320,Dark_Red
33078,378,Sand_Green
33078,379,Sand_Blue
3308,0,Black
3308,1,Blue
3308,2,Green
3308,4,Red
3308,5,Dark_Pink
3308,6,Brown
3308,7,Light_Gray
3308,8,Dark_Gray
3308,14,Yellow
3308,15,White
3308,18,Light_Yellow
3308,19,Tan
3308,30,Medium_Lavender
3308,70,Reddish_Brown
3308,71,Light_Bluish_Gray
3308,72,Dark_Bluish_Gray
3308,272,Dark_Blue
3308,351,Medium_Dark_Pink
3308,462,Medium_Orange
3308,484,Dark_Orange
33080,15,White
33080,74,Medium_Green
33085,3,Dark_Turquoise
33085,4,Red
33085,14,Yellow
33085,15,White
33085,19,Tan
33085,25,Orange
33085,28,Dark_Tan
33085,71,Light_Bluish_Gray
33085,72,Dark_Bluish_Gray
33085,191,Bright_Light_Orange
33085,272,Dark_Blue
33085,326,Yellowish_Green
33086,15,White
33086,18,Light_Yellow
33086,115,Medium_Lime
33088,18,Light_Yellow
33088,125,Light_Orange
33089,8,Dark_Gray
33089,11,Light_Turquoise
33089,14,Yellow
33089,25,Orange
33120,14,Yellow
33120,15,White
33120,462,Medium_Orange
33121,4,Red
33121,19,Tan
33121,25,Orange
33121,30,Medium_Lavender
33121,191,Bright_Light_Orange
33121,320,Dark_Red
33122,4,Red
33122,25,Orange
33122,462,Medium_Orange
33125,15,White
33125,320,Dark_Red
33125,366,Earth_Orange
33125,484,Dark_Orange
33129,0,Black
33129,1,Blue
33129,6,Brown
33129,13,Pink
33129,14,Yellow
33129,15,White
33129,29,Bright_Pink
33129,71,Light_Bluish_Gray
3314,0,Black
3314,4,Red
3315,0,Black
3315,1,Blue
3315,2,Green
3315,4,Red
3315,6,Brown
3315,7,Light_Gray
3315,8,Dark_Gray
3315,14,Yellow
3315,15,White
3315,19,Tan
33160,14,Yellow
3317,0,Black
3317,1,Blue
3317,14,Yellow
33170,4,Red
33170,14,Yellow
33170,15,White
33172,15,White
33172,25,Orange
33172,30,Medium_Lavender
33172,70,Reddish_Brown
33172,226,Bright_Light_Yellow
33172,288,Dark_Green
33172,308,Dark_Brown
33175,1,Blue
33175,2,Green
33175,4,Red
33175,10,Bright_Green
33175,14,Yellow
33175,15,White
33176,4,Red
33176,12,Salmon
33176,14,Yellow
33176,15,White
33176,25,Orange
33176,100,Light_Salmon
33176,115,Medium_Lime
33177,15,White
33177,74,Medium_Green
33177,125,Light_Orange
33183,0,Black
33183,2,Green
33183,10,Bright_Green
33183,15,White
33183,19,Tan
33183,27,Lime
33183,70,Reddish_Brown
33183,191,Bright_Light_Orange
33183,320,Dark_Red
33195,118,Aqua
3321,0,Black
3321,226,Bright_Light_Yellow
33211,0,Black
33211,1,Blue
33211,8,Dark_Gray
33211,28,Dark_Tan
33211,70,Reddish_Brown
33211,72,Dark_Bluish_Gray
33211,85,Dark_Purple
33212,1,Blue
33212,28,Dark_Tan
33212,70,Reddish_Brown
33212,85,Dark_Purple
33213,13,Pink
33213,15,White
33213,18,Light_Yellow
33213,29,Bright_Pink
33213,118,Aqua
33213,232,Sky_Blue
33213,462,Medium_Orange
33215,0,Black
33215,5,Dark_Pink
33215,26,Magenta
33215,71,Light_Bluish_Gray
33215,85,Dark_Purple
33215,378,Sand_Green
33216,70,Reddish_Brown
33227,15,White
33227,22,Purple
33227,26,Magenta
33227,72,Dark_Bluish_Gray
33227,351,Medium_Dark_Pink
33230,5,Dark_Pink
33230,7,Light_Gray
33230,20,Light_Violet
33230,26,Magenta
33230,74,Medium_Green
33230,125,Light_Orange
3324,0,Black
3324,7,Light_Gray
33243,0,Black
33243,4,Red
33243,5,Dark_Pink
33243,8,Dark_Gray
33243,9,Light_Blue
33243,14,Yellow
33243,15,White
33243,19,Tan
33243,25,Orange
33243,27,Lime
33243,28,Dark_Tan
33243,29,Bright_Pink
33243,30,Medium_Lavender
33243,31,Lavender
33243,70,Reddish_Brown
33243,71,Light_Bluish_Gray
33243,72,Dark_Bluish_Gray
33243,85,Dark_Purple
33243,191,Bright_Light_Orange
33243,226,Bright_Light_Yellow
33243,272,Dark_Blue
33243,288,Dark_Green
33243,320,Dark_Red
33243,322,Medium_Azure
33243,484,Dark_Orange
3324a,0,Black
3324a,7,Light_Gray
3324d,0,Black
3324d,7,Light_Gray
3324e,0,Black
3324e,7,Light_Gray
33279,14,Yellow
33279,118,Aqua
33286,0,Black
33286,2,Green
33286,4,Red
33286,10,Bright_Green
33286,11,Light_Turquoise
33286,14,Yellow
33286,15,White
33286,25,Orange
33286,115,Medium_Lime
33286,118,Aqua
33286,462,Medium_Orange
33287,10,Bright_Green
33287,15,White
33287,25,Orange
33291,1,Blue
33291,2,Green
33291,3,Dark_Turquoise
33291,4,Red
33291,5,Dark_Pink
33291,10,Bright_Green
33291,14,Yellow
33291,15,White
33291,25,Orange
33291,26,Magenta
33291,27,Lime
33291,29,Bright_Pink
33291,30,Medium_Lavender
33291,31,Lavender
33291,70,Reddish_Brown
33291,71,Light_Bluish_Gray
33291,110,Violet
33291,191,Bright_Light_Orange
33291,212,Bright_Light_Blue
33291,351,Medium_Dark_Pink
33299a,0,Black
33299a,1,Blue
33299a,7,Light_Gray
33299a,8,Dark_Gray
33299a,19,Tan
33299a,71,Light_Bluish_Gray
33299a,73,Medium_Blue
33303,0,Black
33303,14,Yellow
33303,15,White
33303,70,Reddish_Brown
33320,0,Black
33320,2,Green
33320,4,Red
33320,14,Yellow
33320,15,White
33320,19,Tan
33320,26,Magenta
33320,27,Lime
33320,29,Bright_Pink
33320,70,Reddish_Brown
33320,72,Dark_Bluish_Gray
33320,226,Bright_Light_Yellow
33320,330,Olive_Green
33322,5,Dark_Pink
33322,15,White
33322,326,Yellowish_Green
3334,1,Blue
3334,2,Green
3334,10,Bright_Green
3334,17,Light_Green
33341,2,Green
33341,4,Red
33341,6,Brown
33341,13,Pink
33341,14,Yellow
33341,70,Reddish_Brown
33341,351,Medium_Dark_Pink
3334h,1,Blue
3334h,2,Green
3334h,10,Bright_Green
3334h,17,Light_Green
33464,14,Yellow
33492,0,Black
33492,15,White
33492,71,Light_Bluish_Gray
33492,72,Dark_Bluish_Gray
3350,15,White
3351a,15,White
3358,0,Black
3358,4,Red
3359,0,Black
3359,4,Red
335c01,14,Yellow
335c02,14,Yellow
3361,14,Yellow
3361,226,Bright_Light_Yellow
338,0,Black
338,1,Blue
338,2,Green
338,4,Red
338,6,Brown
338,7,Light_Gray
338,8,Dark_Gray
338,14,Yellow
338,15,White
338,19,Tan
338,71,Light_Bluish_Gray
3383,1,Blue
3383,15,White
3385,0,Black
3386,0,Black
3386,1,Blue
3386,2,Green
3386,4,Red
3386,15,White
3386,19,Tan
3386,29,Bright_Pink
3386,70,Reddish_Brown
3386,71,Light_Bluish_Gray
3386,321,Dark_Azure
3386,323,Light_Aqua
3387,0,Black
3387,1,Blue
3387,2,Green
3387,3,Dark_Turquoise
3387,4,Red
3387,5,Dark_Pink
3387,14,Yellow
3387,15,White
3387,25,Orange
3387,29,Bright_Pink
3387,71,Light_Bluish_Gray
3387,72,Dark_Bluish_Gray
3387,85,Dark_Purple
3387,191,Bright_Light_Orange
3387,226,Bright_Light_Yellow
3387,272,Dark_Blue
3387,320,Dark_Red
3387,321,Dark_Azure
3388,0,Black
3388,2,Green
3388,4,Red
3388,15,White
3388,25,Orange
3388,72,Dark_Bluish_Gray
3388,272,Dark_Blue
3388,321,Dark_Azure
3388,330,Olive_Green
3389,0,Black
3389,2,Green
3389,4,Red
3389,15,White
3389,25,Orange
3389,72,Dark_Bluish_Gray
3389,272,Dark_Blue
3389,321,Dark_Azure
3389,330,Olive_Green
339,0,Black
339,1,Blue
339,7,Light_Gray
339,14,Yellow
33909,0,Black
33909,1,Blue
33909,2,Green
33909,3,Dark_Turquoise
33909,4,Red
33909,5,Dark_Pink
33909,14,Yellow
33909,15,White
33909,19,Tan
33909,25,Orange
33909,27,Lime
33909,28,Dark_Tan
33909,70,Reddish_Brown
33909,71,Light_Bluish_Gray
33909,72,Dark_Bluish_Gray
33909,73,Medium_Blue
33909,191,Bright_Light_Orange
33909,272,Dark_Blue
33909,288,Dark_Green
33909,308,Dark_Brown
33909,320,Dark_Red
33909,322,Medium_Azure
33909,330,Olive_Green
33909,378,Sand_Green
33909,379,Sand_Blue
33909,484,Dark_Orange
3395,0,Black
3395,2,Green
3395,4,Red
3395,14,Yellow
3395,15,White
3395,28,Dark_Tan
3395,70,Reddish_Brown
3396,0,Black
3396,3,Dark_Turquoise
3396,4,Red
3396,5,Dark_Pink
3396,10,Bright_Green
3396,14,Yellow
3396,15,White
3396,19,Tan
3396,25,Orange
3396,27,Lime
3396,28,Dark_Tan
3396,29,Bright_Pink
3396,70,Reddish_Brown
3396,71,Light_Bluish_Gray
3396,72,Dark_Bluish_Gray
3396,191,Bright_Light_Orange
3396,226,Bright_Light_Yellow
3396,288,Dark_Green
3396,322,Medium_Azure
33ac01,4,Red
33ac01,15,White
33bc01,4,Red
33bc01,14,Yellow
33bc01,15,White
33cc01,4,Red
33cc01,14,Yellow
33cc01,15,White
340,0,Black
340,1,Blue
340,2,Green
340,4,Red
340,6,Brown
340,7,Light_Gray
340,8,Dark_Gray
340,14,Yellow
340,15,White
340,19,Tan
3403,0,Black
3403,1,Blue
3403,4,Red
3403,7,Light_Gray
3403,15,White
3403,71,Light_Bluish_Gray
3404,0,Black
3404,1,Blue
3404,4,Red
3404,7,Light_Gray
3404,15,White
3404,71,Light_Bluish_Gray
3404cc01,0,Black
3404cc01,4,Red
3404cc01,15,White
3404ec01,15,White
3404ec02,15,White
34103,0,Black
34103,1,Blue
34103,2,Green
34103,3,Dark_Turquoise
34103,4,Red
34103,5,Dark_Pink
34103,10,Bright_Green
34103,14,Yellow
34103,15,White
34103,19,Tan
34103,25,Orange
34103,27,Lime
34103,28,Dark_Tan
34103,29,Bright_Pink
34103,31,Lavender
34103,70,Reddish_Brown
34103,71,Light_Bluish_Gray
34103,72,Dark_Bluish_Gray
34103,73,Medium_Blue
34103,191,Bright_Light_Orange
34103,212,Bright_Light_Blue
34103,226,Bright_Light_Yellow
34103,288,Dark_Green
34103,320,Dark_Red
34103,321,Dark_Azure
34103,322,Medium_Azure
34103,330,Olive_Green
34103,378,Sand_Green
34103,379,Sand_Blue
34103,484,Dark_Orange
3417,15,White
34172,15,White
34172,484,Dark_Orange
34316,0,Black
34316,14,Yellow
34316,28,Dark_Tan
34316,70,Reddish_Brown
3433,14,Yellow
34337,0,Black
34337,14,Yellow
34337,15,White
34337,70,Reddish_Brown
34337,71,Light_Bluish_Gray
3436,4,Red
3436,14,Yellow
3437,0,Black
3437,1,Blue
3437,2,Green
3437,3,Dark_Turquoise
3437,4,Red
3437,5,Dark_Pink
3437,6,Brown
3437,7,Light_Gray
3437,8,Dark_Gray
3437,10,Bright_Green
3437,11,Light_Turquoise
3437,14,Yellow
3437,15,White
3437,18,Light_Yellow
3437,19,Tan
3437,22,Purple
3437,23,Dark_Blue_Violet
3437,25,Orange
3437,26,Magenta
3437,27,Lime
3437,28,Dark_Tan
3437,29,Bright_Pink
3437,30,Medium_Lavender
3437,31,Lavender
3437,69,Light_Purple
3437,70,Reddish_Brown
3437,71,Light_Bluish_Gray
3437,72,Dark_Bluish_Gray
3437,73,Medium_Blue
3437,85,Dark_Purple
3437,110,Violet
3437,115,Medium_Lime
3437,151,Very_Light_Bluish_Gray
3437,191,Bright_Light_Orange
3437,212,Bright_Light_Blue
3437,226,Bright_Light_Yellow
3437,272,Dark_Blue
3437,320,Dark_Red
3437,321,Dark_Azure
3437,322,Medium_Azure
3437,323,Light_Aqua
3437,326,Yellowish_Green
3437,351,Medium_Dark_Pink
3437,366,Earth_Orange
3437,378,Sand_Green
3437,462,Medium_Orange
3437,484,Dark_Orange
3437,503,Very_Light_Gray
3442,0,Black
3443c02,0,Black
3443c02,1,Blue
3443c02,4,Red
3455,0,Black
3455,1,Blue
3455,2,Green
3455,4,Red
3455,6,Brown
3455,7,Light_Gray
3455,8,Dark_Gray
3455,14,Yellow
3455,15,White
3455,19,Tan
3455,27,Lime
3455,70,Reddish_Brown
3455,71,Light_Bluish_Gray
3455,72,Dark_Bluish_Gray
3455,85,Dark_Purple
3455,320,Dark_Red
3455,322,Medium_Azure
3455,378,Sand_Green
3456,0,Black
3456,1,Blue
3456,2,Green
3456,4,Red
3456,6,Brown
3456,7,Light_Gray
3456,8,Dark_Gray
3456,10,Bright_Green
3456,14,Yellow
3456,15,White
3456,19,Tan
3456,28,Dark_Tan
3456,71,Light_Bluish_Gray
3456,72,Dark_Bluish_Gray
3456,73,Medium_Blue
3456,85,Dark_Purple
3456,191,Bright_Light_Orange
3456,272,Dark_Blue
3456,320,Dark_Red
3456,321,Dark_Azure
3456,484,Dark_Orange
3460,0,Black
3460,1,Blue
3460,2,Green
3460,3,Dark_Turquoise
3460,4,Red
3460,5,Dark_Pink
3460,6,Brown
3460,7,Light_Gray
3460,8,Dark_Gray
3460,10,Bright_Green
3460,14,Yellow
3460,15,White
3460,19,Tan
3460,25,Orange
3460,26,Magenta
3460,27,Lime
3460,28,Dark_Tan
3460,29,Bright_Pink
3460,30,Medium_Lavender
3460,31,Lavender
3460,70,Reddish_Brown
3460,71,Light_Bluish_Gray
3460,72,Dark_Bluish_Gray
3460,73,Medium_Blue
3460,118,Aqua
3460,191,Bright_Light_Orange
3460,212,Bright_Light_Blue
3460,226,Bright_Light_Yellow
3460,232,Sky_Blue
3460,272,Dark_Blue
3460,288,Dark_Green
3460,308,Dark_Brown
3460,313,Maersk_Blue
3460,320,Dark_Red
3460,321,Dark_Azure
3460,322,Medium_Azure
3460,323,Light_Aqua
3460,330,Olive_Green
3460,378,Sand_Green
3460,484,Dark_Orange
3461,0,Black
3461,4,Red
3461,7,Light_Gray
3461,14,Yellow
3461,15,White
3462,0,Black
3462,1,Blue
3462,4,Red
3462,14,Yellow
3462,15,White
3463,0,Black
3463,1,Blue
3463,4,Red
3463,7,Light_Gray
3463,14,Yellow
3463,15,White
3464,4,Red
3464,7,Light_Gray
3464,15,White
3464,72,Dark_Bluish_Gray
3465,0,Black
3465,7,Light_Gray
3465,15,White
3470,2,Green
3470,27,Lime
3471,2,Green
34732,4,Red
34732,85,Dark_Purple
34738,0,Black
34738,4,Red
34738,15,White
34738,71,Light_Bluish_Gray
34738,85,Dark_Purple
34738,191,Bright_Light_Orange
34738,320,Dark_Red
34738,322,Medium_Azure
3474,0,Black
3474,2,Green
3474,4,Red
3474,7,Light_Gray
3474,15,White
3475,0,Black
3475,1,Blue
3475,2,Green
3475,4,Red
3475,6,Brown
3475,7,Light_Gray
3475,8,Dark_Gray
3475,14,Yellow
3475,15,White
3475,19,Tan
3475,25,Orange
3475,72,Dark_Bluish_Gray
3475,272,Dark_Blue
3475a,0,Black
3475a,4,Red
3475a,7,Light_Gray
3475a,14,Yellow
3475a,15,White
3475b,0,Black
3475b,1,Blue
3475b,2,Green
3475b,4,Red
3475b,6,Brown
3475b,7,Light_Gray
3475b,8,Dark_Gray
3475b,14,Yellow
3475b,15,White
3475b,19,Tan
3475b,25,Orange
3475b,72,Dark_Bluish_Gray
3475b,272,Dark_Blue
3479,0,Black
3479,1,Blue
3479,4,Red
3479,7,Light_Gray
3479,14,Yellow
3479,15,White
3480,0,Black
3480,7,Light_Gray
3480,15,White
3481,0,Black
3481,1,Blue
3481,4,Red
3481,7,Light_Gray
3481,14,Yellow
3481,15,White
34816,0,Black
34816,2,Green
34816,4,Red
34816,15,White
34816,19,Tan
34816,27,Lime
34816,28,Dark_Tan
34816,70,Reddish_Brown
34816,71,Light_Bluish_Gray
34816,72,Dark_Bluish_Gray
34816,191,Bright_Light_Orange
34816,226,Bright_Light_Yellow
34816,322,Medium_Azure
34816,379,Sand_Blue
3482,0,Black
3482,1,Blue
3482,2,Green
3482,3,Dark_Turquoise
3482,4,Red
3482,6,Brown
3482,7,Light_Gray
3482,8,Dark_Gray
3482,14,Yellow
3482,15,White
3482,19,Tan
3482,70,Reddish_Brown
3482,71,Light_Bluish_Gray
3483,0,Black
3485,0,Black
3485,4,Red
3486,0,Black
3486,1,Blue
3486,322,Medium_Azure
3487,4,Red
3487,321,Dark_Azure
3488,0,Black
3491,0,Black
3491,4,Red
3491,7,Light_Gray
3491,118,Aqua
3492c01,14,Yellow
3492c02,14,Yellow
3493,14,Yellow
3496c01,15,White
3496c02,1,Blue
3496c02,15,White
3497,2,Green
3497,7,Light_Gray
3497h,2,Green
3497h,7,Light_Gray
35,4,Red
35,15,White
3504,0,Black
3504,1,Blue
3504,2,Green
3504,15,White
3504,25,Orange
3504,70,Reddish_Brown
3504,71,Light_Bluish_Gray
3504,72,Dark_Bluish_Gray
3504,191,Bright_Light_Orange
3504,272,Dark_Blue
3504,321,Dark_Azure
3504,330,Olive_Green
35044,0,Black
35044,1,Blue
35044,2,Green
35044,4,Red
35044,10,Bright_Green
35044,14,Yellow
35044,15,White
35044,19,Tan
35044,25,Orange
35044,26,Magenta
35044,28,Dark_Tan
35044,29,Bright_Pink
35044,31,Lavender
35044,70,Reddish_Brown
35044,71,Light_Bluish_Gray
35044,72,Dark_Bluish_Gray
35044,191,Bright_Light_Orange
35044,212,Bright_Light_Blue
35044,226,Bright_Light_Yellow
35044,272,Dark_Blue
35044,288,Dark_Green
35044,320,Dark_Red
35044,321,Dark_Azure
35044,322,Medium_Azure
35044,323,Light_Aqua
35044,378,Sand_Green
3505,0,Black
3505,1,Blue
3505,2,Green
3505,15,White
3505,25,Orange
3505,70,Reddish_Brown
3505,71,Light_Bluish_Gray
3505,72,Dark_Bluish_Gray
3505,191,Bright_Light_Orange
3505,272,Dark_Blue
3505,321,Dark_Azure
3505,330,Olive_Green
35103,4,Red
35103,15,White
35103,19,Tan
35103,226,Bright_Light_Yellow
35103,272,Dark_Blue
35103,321,Dark_Azure
35106,0,Black
35106,1,Blue
35106,2,Green
35106,15,White
35106,71,Light_Bluish_Gray
35182,308,Dark_Brown
35182,320,Dark_Red
35185,1,Blue
35186,0,Black
35186,4,Red
35186,14,Yellow
35186,15,White
35186,19,Tan
35186,71,Light_Bluish_Gray
35186,72,Dark_Bluish_Gray
35188,25,Orange
35189,71,Light_Bluish_Gray
35189,72,Dark_Bluish_Gray
352,0,Black
352,1,Blue
352,2,Green
352,3,Dark_Turquoise
352,4,Red
352,6,Brown
352,7,Light_Gray
352,8,Dark_Gray
352,12,Salmon
352,13,Pink
352,14,Yellow
352,15,White
352,19,Tan
352,70,Reddish_Brown
352,71,Light_Bluish_Gray
352,72,Dark_Bluish_Gray
352,320,Dark_Red
352,484,Dark_Orange
35287,0,Black
35287,71,Light_Bluish_Gray
35287,308,Dark_Brown
35299,0,Black
35299,1,Blue
35299,2,Green
35299,3,Dark_Turquoise
35299,4,Red
35299,15,White
35299,19,Tan
35299,71,Light_Bluish_Gray
35299,191,Bright_Light_Orange
35299,212,Bright_Light_Blue
35299,272,Dark_Blue
35299,288,Dark_Green
35299,320,Dark_Red
35299,379,Sand_Blue
3535,0,Black
3535,4,Red
3535,15,White
3535,27,Lime
3535,71,Light_Bluish_Gray
3535,378,Sand_Green
3536,71,Light_Bluish_Gray
35365,0,Black
35365,27,Lime
35366,0,Black
3538,0,Black
3538,10,Bright_Green
3538,71,Light_Bluish_Gray
3538,272,Dark_Blue
35394,0,Black
35394,14,Yellow
35394,26,Magenta
35394,29,Bright_Pink
35394,71,Light_Bluish_Gray
35394,85,Dark_Purple
3544,0,Black
3544,15,White
3544,19,Tan
3544,71,Light_Bluish_Gray
3544,72,Dark_Bluish_Gray
3544,191,Bright_Light_Orange
35442,0,Black
35442,2,Green
35442,14,Yellow
35442,85,Dark_Purple
35442,322,Medium_Azure
35442,379,Sand_Blue
35443,2,Green
35443,10,Bright_Green
35443,72,Dark_Bluish_Gray
35443,85,Dark_Purple
35443,89,Blue_Violet
35443,322,Medium_Azure
35446,2,Green
35446,27,Lime
35446,288,Dark_Green
35446,322,Medium_Azure
3545,0,Black
3545,15,White
3545,19,Tan
3545,71,Light_Bluish_Gray
3545,72,Dark_Bluish_Gray
3545,191,Bright_Light_Orange
35458,0,Black
35458,10,Bright_Green
35458,15,White
35458,85,Dark_Purple
35458,272,Dark_Blue
35458,320,Dark_Red
35458,321,Dark_Azure
35459,0,Black
35459,2,Green
35459,4,Red
35459,5,Dark_Pink
35459,15,White
35459,19,Tan
35459,27,Lime
35459,71,Light_Bluish_Gray
35459,191,Bright_Light_Orange
35459,226,Bright_Light_Yellow
35459,272,Dark_Blue
35459,308,Dark_Brown
35459,320,Dark_Red
35459,321,Dark_Azure
35459,326,Yellowish_Green
35459,484,Dark_Orange
35463,0,Black
35463,1,Blue
35463,3,Dark_Turquoise
35463,15,White
35463,484,Dark_Orange
35464,0,Black
35464,4,Red
35464,5,Dark_Pink
35464,14,Yellow
35464,15,White
35464,19,Tan
35464,25,Orange
35464,71,Light_Bluish_Gray
35464,72,Dark_Bluish_Gray
35464,85,Dark_Purple
35464,212,Bright_Light_Blue
35464,321,Dark_Azure
35464,322,Medium_Azure
35464,378,Sand_Green
35464,484,Dark_Orange
35470,2,Green
35470,10,Bright_Green
35470,15,White
35470,71,Light_Bluish_Gray
35470,226,Bright_Light_Yellow
35473,5,Dark_Pink
35473,15,White
35473,30,Medium_Lavender
35473,326,Yellowish_Green
35477,70,Reddish_Brown
35477,72,Dark_Bluish_Gray
35480,0,Black
35480,1,Blue
35480,2,Green
35480,3,Dark_Turquoise
35480,4,Red
35480,5,Dark_Pink
35480,10,Bright_Green
35480,14,Yellow
35480,15,White
35480,19,Tan
35480,25,Orange
35480,27,Lime
35480,28,Dark_Tan
35480,29,Bright_Pink
35480,31,Lavender
35480,70,Reddish_Brown
35480,71,Light_Bluish_Gray
35480,72,Dark_Bluish_Gray
35480,212,Bright_Light_Blue
35480,226,Bright_Light_Yellow
35480,272,Dark_Blue
35480,320,Dark_Red
35480,322,Medium_Azure
35480,378,Sand_Green
35480,484,Dark_Orange
35485,0,Black
35485,1,Blue
35485,4,Red
35485,15,White
35485,72,Dark_Bluish_Gray
35485,321,Dark_Azure
35485,322,Medium_Azure
35494,0,Black
35494,28,Dark_Tan
35494,308,Dark_Brown
35530,2,Green
35530,321,Dark_Azure
35563,0,Black
35563,1,Blue
35563,4,Red
35563,19,Tan
35563,26,Magenta
35563,72,Dark_Bluish_Gray
35563,85,Dark_Purple
35563,272,Dark_Blue
35563,288,Dark_Green
35563,320,Dark_Red
35563,321,Dark_Azure
35565,3,Dark_Turquoise
35565,5,Dark_Pink
35565,15,White
35565,19,Tan
35565,29,Bright_Pink
35565,31,Lavender
35565,70,Reddish_Brown
35565,72,Dark_Bluish_Gray
35565,85,Dark_Purple
35565,212,Bright_Light_Blue
35565,226,Bright_Light_Yellow
35565,322,Medium_Azure
35574,29,Bright_Pink
35574,191,Bright_Light_Orange
35578,0,Black
3560,19,Tan
3563,0,Black
3563,3,Dark_Turquoise
3563,15,White
3563,19,Tan
3563,25,Orange
3563,27,Lime
3563,29,Bright_Pink
3563,31,Lavender
3563,70,Reddish_Brown
3563,89,Blue_Violet
3563,191,Bright_Light_Orange
3563,321,Dark_Azure
3563,484,Dark_Orange
35633,0,Black
35633,15,White
35635,0,Black
35635,4,Red
35635,85,Dark_Purple
35646,484,Dark_Orange
35649,0,Black
35649,4,Red
35649,5,Dark_Pink
35649,15,White
35649,226,Bright_Light_Yellow
35649,330,Olive_Green
35649,379,Sand_Blue
3565,2,Green
3565,3,Dark_Turquoise
3565,4,Red
3565,10,Bright_Green
3565,14,Yellow
3565,15,White
3565,19,Tan
3565,25,Orange
3565,70,Reddish_Brown
3565,89,Blue_Violet
3565,272,Dark_Blue
3565,288,Dark_Green
3565,322,Medium_Azure
3565,323,Light_Aqua
3565,330,Olive_Green
3565,378,Sand_Green
3565,379,Sand_Blue
35654,0,Black
3567,0,Black
3567,14,Yellow
3567,15,White
3567,71,Light_Bluish_Gray
3567,226,Bright_Light_Yellow
3567,320,Dark_Red
3567,323,Light_Aqua
3567,484,Dark_Orange
3569,0,Black
3569,15,White
35699,0,Black
35699,226,Bright_Light_Yellow
35700,3,Dark_Turquoise
35700,4,Red
35700,14,Yellow
35700,71,Light_Bluish_Gray
35700,191,Bright_Light_Orange
35700,322,Medium_Azure
35701,0,Black
35701,25,Orange
35701,29,Bright_Pink
35701,70,Reddish_Brown
35701,226,Bright_Light_Yellow
35701,308,Dark_Brown
35701,321,Dark_Azure
35701,484,Dark_Orange
35709,484,Dark_Orange
3572,0,Black
3572,4,Red
3572,15,White
3572,28,Dark_Tan
3572,70,Reddish_Brown
3572,320,Dark_Red
3573,0,Black
3573,1,Blue
3573,2,Green
3573,4,Red
3573,5,Dark_Pink
3573,10,Bright_Green
3573,14,Yellow
3573,15,White
3573,19,Tan
3573,26,Magenta
3573,29,Bright_Pink
3573,70,Reddish_Brown
3573,71,Light_Bluish_Gray
3573,85,Dark_Purple
3573,89,Blue_Violet
3573,226,Bright_Light_Yellow
3573,272,Dark_Blue
3573,288,Dark_Green
3573,320,Dark_Red
3573,322,Medium_Azure
3573,378,Sand_Green
3573,379,Sand_Blue
35787,0,Black
35787,1,Blue
35787,2,Green
35787,3,Dark_Turquoise
35787,4,Red
35787,5,Dark_Pink
35787,10,Bright_Green
35787,14,Yellow
35787,15,White
35787,19,Tan
35787,25,Orange
35787,26,Magenta
35787,27,Lime
35787,28,Dark_Tan
35787,29,Bright_Pink
35787,30,Medium_Lavender
35787,31,Lavender
35787,70,Reddish_Brown
35787,71,Light_Bluish_Gray
35787,72,Dark_Bluish_Gray
35787,85,Dark_Purple
35787,89,Blue_Violet
35787,191,Bright_Light_Orange
35787,212,Bright_Light_Blue
35787,272,Dark_Blue
35787,288,Dark_Green
35787,308,Dark_Brown
35787,320,Dark_Red
35787,321,Dark_Azure
35787,322,Medium_Azure
35787,326,Yellowish_Green
35787,330,Olive_Green
35787,378,Sand_Green
35787,484,Dark_Orange
35789,0,Black
35789,1,Blue
35789,3,Dark_Turquoise
35789,4,Red
35789,14,Yellow
35789,15,White
35789,27,Lime
35789,28,Dark_Tan
35789,72,Dark_Bluish_Gray
35789,85,Dark_Purple
35789,191,Bright_Light_Orange
35789,288,Dark_Green
35789,320,Dark_Red
35789,378,Sand_Green
3579,1,Blue
3579,4,Red
3579,14,Yellow
3579,15,White
35809,15,White
3581,0,Black
3581,1,Blue
3581,2,Green
3581,4,Red
3581,6,Brown
3581,7,Light_Gray
3581,8,Dark_Gray
3581,14,Yellow
3581,15,White
3581,19,Tan
3581,70,Reddish_Brown
3581,71,Light_Bluish_Gray
3581,72,Dark_Bluish_Gray
3582,0,Black
3582,1,Blue
3582,2,Green
3582,4,Red
3582,7,Light_Gray
3582,14,Yellow
3582,15,White
35827,70,Reddish_Brown
3584,25,Orange
3584,72,Dark_Bluish_Gray
3585,0,Black
3585,1,Blue
3585,2,Green
3585,4,Red
3585,7,Light_Gray
3585,8,Dark_Gray
3585,14,Yellow
3585,15,White
3586,0,Black
3586,1,Blue
3586,2,Green
3586,4,Red
3586,7,Light_Gray
3586,8,Dark_Gray
3586,14,Yellow
3586,15,White
3587,0,Black
3587,1,Blue
3587,4,Red
3587,6,Brown
3587,14,Yellow
3587,15,White
3587,19,Tan
3587,70,Reddish_Brown
3590,2,Green
3596,0,Black
3596,1,Blue
3596,2,Green
3596,4,Red
3596,6,Brown
3596,7,Light_Gray
3596,8,Dark_Gray
3596,14,Yellow
3596,15,White
3596,19,Tan
3597,0,Black
3597,1,Blue
3597,2,Green
3597,4,Red
3597,6,Brown
3597,7,Light_Gray
3597,8,Dark_Gray
3597,14,Yellow
3597,15,White
3597,19,Tan
3598,0,Black
3598,308,Dark_Brown
36,0,Black
36,7,Light_Gray
36017,0,Black
36017,15,White
36036,0,Black
36036,1,Blue
36036,4,Red
36036,5,Dark_Pink
36036,15,White
36036,30,Medium_Lavender
36036,31,Lavender
36036,71,Light_Bluish_Gray
36036,72,Dark_Bluish_Gray
36036,85,Dark_Purple
36036,212,Bright_Light_Blue
36036,272,Dark_Blue
36036,288,Dark_Green
36036,308,Dark_Brown
36036,320,Dark_Red
36036,326,Yellowish_Green
36036,378,Sand_Green
36036,379,Sand_Blue
36083a,0,Black
36083a,15,White
36083b,0,Black
36083b,15,White
36083c,0,Black
36083c,15,White
36083d,0,Black
36083d,15,White
36083e,0,Black
36083e,15,White
36083f,0,Black
36083f,15,White
3612,0,Black
3612,1,Blue
3612,4,Red
3612,6,Brown
3612,7,Light_Gray
3612,14,Yellow
3612,15,White
3613,0,Black
3613,1,Blue
3613,4,Red
3613,7,Light_Gray
3613,14,Yellow
3613,15,White
3614a,4,Red
3614a,14,Yellow
3614b,4,Red
3614b,7,Light_Gray
3614b,14,Yellow
3614b,71,Light_Bluish_Gray
3622,0,Black
3622,1,Blue
3622,2,Green
3622,3,Dark_Turquoise
3622,4,Red
3622,5,Dark_Pink
3622,6,Brown
3622,7,Light_Gray
3622,8,Dark_Gray
3622,10,Bright_Green
3622,13,Pink
3622,14,Yellow
3622,15,White
3622,18,Light_Yellow
3622,19,Tan
3622,22,Purple
3622,25,Orange
3622,26,Magenta
3622,27,Lime
3622,28,Dark_Tan
3622,29,Bright_Pink
3622,30,Medium_Lavender
3622,31,Lavender
3622,68,Very_Light_Orange
3622,70,Reddish_Brown
3622,71,Light_Bluish_Gray
3622,72,Dark_Bluish_Gray
3622,73,Medium_Blue
3622,85,Dark_Purple
3622,89,Blue_Violet
3622,118,Aqua
3622,125,Light_Orange
3622,151,Very_Light_Bluish_Gray
3622,191,Bright_Light_Orange
3622,212,Bright_Light_Blue
3622,226,Bright_Light_Yellow
3622,272,Dark_Blue
3622,288,Dark_Green
3622,308,Dark_Brown
3622,313,Maersk_Blue
3622,320,Dark_Red
3622,321,Dark_Azure
3622,322,Medium_Azure
3622,323,Light_Aqua
3622,326,Yellowish_Green
3622,330,Olive_Green
3622,351,Medium_Dark_Pink
3622,378,Sand_Green
3622,379,Sand_Blue
3622,462,Medium_Orange
3622,484,Dark_Orange
3623,0,Black
3623,1,Blue
3623,2,Green
3623,3,Dark_Turquoise
3623,4,Red
3623,5,Dark_Pink
3623,6,Brown
3623,7,Light_Gray
3623,8,Dark_Gray
3623,10,Bright_Green
3623,13,Pink
3623,14,Yellow
3623,15,White
3623,18,Light_Yellow
3623,19,Tan
3623,22,Purple
3623,25,Orange
3623,26,Magenta
3623,27,Lime
3623,28,Dark_Tan
3623,29,Bright_Pink
3623,30,Medium_Lavender
3623,31,Lavender
3623,68,Very_Light_Orange
3623,70,Reddish_Brown
3623,71,Light_Bluish_Gray
3623,72,Dark_Bluish_Gray
3623,73,Medium_Blue
3623,77,Light_Pink
3623,85,Dark_Purple
3623,89,Blue_Violet
3623,125,Light_Orange
3623,151,Very_Light_Bluish_Gray
3623,191,Bright_Light_Orange
3623,212,Bright_Light_Blue
3623,226,Bright_Light_Yellow
3623,272,Dark_Blue
3623,288,Dark_Green
3623,308,Dark_Brown
3623,313,Maersk_Blue
3623,320,Dark_Red
3623,321,Dark_Azure
3623,322,Medium_Azure
3623,323,Light_Aqua
3623,326,Yellowish_Green
3623,330,Olive_Green
3623,351,Medium_Dark_Pink
3623,378,Sand_Green
3623,379,Sand_Blue
3623,462,Medium_Orange
3623,484,Dark_Orange
362321,0,Black
362321,1,Blue
362321,2,Green
362321,3,Dark_Turquoise
362321,4,Red
362321,5,Dark_Pink
362321,6,Brown
362321,7,Light_Gray
362321,8,Dark_Gray
362321,10,Bright_Green
362321,13,Pink
362321,14,Yellow
362321,15,White
362321,18,Light_Yellow
362321,19,Tan
362321,22,Purple
362321,25,Orange
362321,26,Magenta
362321,27,Lime
362321,28,Dark_Tan
362321,29,Bright_Pink
362321,30,Medium_Lavender
362321,31,Lavender
362321,68,Very_Light_Orange
362321,70,Reddish_Brown
362321,71,Light_Bluish_Gray
362321,72,Dark_Bluish_Gray
362321,73,Medium_Blue
362321,77,Light_Pink
362321,85,Dark_Purple
362321,89,Blue_Violet
362321,125,Light_Orange
362321,151,Very_Light_Bluish_Gray
362321,191,Bright_Light_Orange
362321,212,Bright_Light_Blue
362321,226,Bright_Light_Yellow
362321,272,Dark_Blue
362321,288,Dark_Green
362321,308,Dark_Brown
362321,313,Maersk_Blue
362321,320,Dark_Red
362321,321,Dark_Azure
362321,322,Medium_Azure
362321,323,Light_Aqua
362321,326,Yellowish_Green
362321,330,Olive_Green
362321,351,Medium_Dark_Pink
362321,378,Sand_Green
362321,379,Sand_Blue
362321,462,Medium_Orange
362321,484,Dark_Orange
3624,0,Black
3624,1,Blue
3624,2,Green
3624,4,Red
3624,6,Brown
3624,8,Dark_Gray
3624,14,Yellow
3624,15,White
3624,28,Dark_Tan
3624,70,Reddish_Brown
3624,73,Medium_Blue
3624,85,Dark_Purple
3624,272,Dark_Blue
3624,320,Dark_Red
3625,0,Black
3625,4,Red
3625,15,White
3625,19,Tan
3626,0,Black
3626,1,Blue
3626,2,Green
3626,4,Red
3626,5,Dark_Pink
3626,6,Brown
3626,7,Light_Gray
3626,8,Dark_Gray
3626,10,Bright_Green
3626,14,Yellow
3626,15,White
3626,19,Tan
3626,25,Orange
3626,70,Reddish_Brown
3626,71,Light_Bluish_Gray
3626,72,Dark_Bluish_Gray
3626,320,Dark_Red
3626,378,Sand_Green
3626,379,Sand_Blue
362626,0,Black
362626,1,Blue
362626,2,Green
362626,4,Red
362626,5,Dark_Pink
362626,6,Brown
362626,7,Light_Gray
362626,8,Dark_Gray
362626,10,Bright_Green
362626,14,Yellow
362626,15,White
362626,19,Tan
362626,25,Orange
362626,70,Reddish_Brown
362626,71,Light_Bluish_Gray
362626,72,Dark_Bluish_Gray
362626,320,Dark_Red
362626,378,Sand_Green
362626,379,Sand_Blue
3626a,0,Black
3626a,4,Red
3626a,14,Yellow
3626b,0,Black
3626b,1,Blue
3626b,2,Green
3626b,4,Red
3626b,5,Dark_Pink
3626b,6,Brown
3626b,7,Light_Gray
3626b,8,Dark_Gray
3626b,10,Bright_Green
3626b,14,Yellow
3626b,15,White
3626b,19,Tan
3626b,25,Orange
3626b,70,Reddish_Brown
3626b,71,Light_Bluish_Gray
3626b,72,Dark_Bluish_Gray
3626b,320,Dark_Red
3626b,378,Sand_Green
3626b,379,Sand_Blue
3626c,0,Black
3626c,1,Blue
3626c,2,Green
3626c,3,Dark_Turquoise
3626c,4,Red
3626c,5,Dark_Pink
3626c,7,Light_Gray
3626c,10,Bright_Green
3626c,14,Yellow
3626c,15,White
3626c,19,Tan
3626c,25,Orange
3626c,26,Magenta
3626c,27,Lime
3626c,28,Dark_Tan
3626c,29,Bright_Pink
3626c,30,Medium_Lavender
3626c,31,Lavender
3626c,70,Reddish_Brown
3626c,71,Light_Bluish_Gray
3626c,72,Dark_Bluish_Gray
3626c,73,Medium_Blue
3626c,85,Dark_Purple
3626c,191,Bright_Light_Orange
3626c,212,Bright_Light_Blue
3626c,272,Dark_Blue
3626c,288,Dark_Green
3626c,308,Dark_Brown
3626c,320,Dark_Red
3626c,321,Dark_Azure
3626c,322,Medium_Azure
3626c,323,Light_Aqua
3626c,326,Yellowish_Green
3626c,330,Olive_Green
3626c,378,Sand_Green
3626c,379,Sand_Blue
3626c,484,Dark_Orange
36273,3,Dark_Turquoise
36273,4,Red
36273,5,Dark_Pink
36273,14,Yellow
36273,191,Bright_Light_Orange
3628,0,Black
3628,4,Red
3628,71,Light_Bluish_Gray
3629,0,Black
3629,1,Blue
3629,2,Green
3629,4,Red
3629,6,Brown
3629,7,Light_Gray
3629,15,White
3629,70,Reddish_Brown
3633,0,Black
3633,1,Blue
3633,2,Green
3633,4,Red
3633,6,Brown
3633,7,Light_Gray
3633,8,Dark_Gray
3633,13,Pink
3633,14,Yellow
3633,15,White
3633,19,Tan
3633,26,Magenta
3633,27,Lime
3633,31,Lavender
3633,70,Reddish_Brown
3633,71,Light_Bluish_Gray
3633,72,Dark_Bluish_Gray
3633,191,Bright_Light_Orange
3633,351,Medium_Dark_Pink
3634,0,Black
3639,0,Black
3639,1,Blue
3639,4,Red
3639,7,Light_Gray
3639,28,Dark_Tan
3639,70,Reddish_Brown
3639,71,Light_Bluish_Gray
3639,72,Dark_Bluish_Gray
3640,0,Black
3640,1,Blue
3640,4,Red
3640,7,Light_Gray
3640,15,White
3640,19,Tan
3640,27,Lime
3640,71,Light_Bluish_Gray
3640,72,Dark_Bluish_Gray
3640,272,Dark_Blue
3641,0,Black
3644,0,Black
3644,1,Blue
3644,4,Red
3644,13,Pink
3644,14,Yellow
3644,15,White
3644,29,Bright_Pink
3644,77,Light_Pink
3645,1,Blue
3645,2,Green
36452,0,Black
3647,0,Black
3647,1,Blue
3647,3,Dark_Turquoise
3647,4,Red
3647,7,Light_Gray
3647,8,Dark_Gray
3647,14,Yellow
3647,15,White
3647,19,Tan
3647,22,Purple
3647,71,Light_Bluish_Gray
3647,72,Dark_Bluish_Gray
3647,216,Rust
3648a,7,Light_Gray
3648b,0,Black
3648b,1,Blue
3648b,2,Green
3648b,4,Red
3648b,7,Light_Gray
3648b,8,Dark_Gray
3648b,14,Yellow
3648b,15,White
3648b,19,Tan
3648b,25,Orange
3648b,71,Light_Bluish_Gray
3648b,72,Dark_Bluish_Gray
3649,0,Black
3649,1,Blue
3649,2,Green
3649,4,Red
3649,7,Light_Gray
3649,8,Dark_Gray
3649,14,Yellow
3649,15,White
3649,19,Tan
3649,25,Orange
3649,71,Light_Bluish_Gray
3649,351,Medium_Dark_Pink
3650,0,Black
3650,7,Light_Gray
3650a,0,Black
3650a,7,Light_Gray
3650c,0,Black
3650c,7,Light_Gray
3650c,71,Light_Bluish_Gray
3651,7,Light_Gray
3652,7,Light_Gray
3659,0,Black
3659,1,Blue
3659,2,Green
3659,3,Dark_Turquoise
3659,4,Red
3659,5,Dark_Pink
3659,6,Brown
3659,7,Light_Gray
3659,8,Dark_Gray
3659,10,Bright_Green
3659,13,Pink
3659,14,Yellow
3659,15,White
3659,18,Light_Yellow
3659,19,Tan
3659,25,Orange
3659,27,Lime
3659,28,Dark_Tan
3659,29,Bright_Pink
3659,31,Lavender
3659,70,Reddish_Brown
3659,71,Light_Bluish_Gray
3659,72,Dark_Bluish_Gray
3659,73,Medium_Blue
3659,85,Dark_Purple
3659,191,Bright_Light_Orange
3659,226,Bright_Light_Yellow
3659,272,Dark_Blue
3659,308,Dark_Brown
3659,320,Dark_Red
3659,321,Dark_Azure
3659,322,Medium_Azure
3659,323,Light_Aqua
3659,351,Medium_Dark_Pink
3659,378,Sand_Green
3659,484,Dark_Orange
3660,0,Black
3660,1,Blue
3660,2,Green
3660,3,Dark_Turquoise
3660,4,Red
3660,6,Brown
3660,7,Light_Gray
3660,8,Dark_Gray
3660,14,Yellow
3660,15,White
3660,19,Tan
3660,22,Purple
3660,25,Orange
3660,26,Magenta
3660,27,Lime
3660,28,Dark_Tan
3660,30,Medium_Lavender
3660,69,Light_Purple
3660,70,Reddish_Brown
3660,71,Light_Bluish_Gray
3660,72,Dark_Bluish_Gray
3660,73,Medium_Blue
3660,85,Dark_Purple
3660,191,Bright_Light_Orange
3660,212,Bright_Light_Blue
3660,226,Bright_Light_Yellow
3660,272,Dark_Blue
3660,288,Dark_Green
3660,308,Dark_Brown
3660,313,Maersk_Blue
3660,320,Dark_Red
3660,321,Dark_Azure
3660,322,Medium_Azure
3660,323,Light_Aqua
3660,378,Sand_Green
3660,379,Sand_Blue
3660,484,Dark_Orange
3660a,0,Black
3660a,1,Blue
3660a,4,Red
3660a,14,Yellow
3660a,15,White
3660b,0,Black
3660b,1,Blue
3660b,4,Red
3660b,7,Light_Gray
3660b,14,Yellow
3660b,15,White
3661,0,Black
3661,4,Red
3661,10,Bright_Green
3661,15,White
3661,28,Dark_Tan
3661,70,Reddish_Brown
3664,1,Blue
3664,2,Green
3664,4,Red
3664,10,Bright_Green
3664,14,Yellow
3664,15,White
3664,27,Lime
3664,28,Dark_Tan
3664,191,Bright_Light_Orange
3664,226,Bright_Light_Yellow
3664,321,Dark_Azure
3665,0,Black
3665,1,Blue
3665,2,Green
3665,3,Dark_Turquoise
3665,4,Red
3665,5,Dark_Pink
3665,6,Brown
3665,7,Light_Gray
3665,8,Dark_Gray
3665,10,Bright_Green
3665,14,Yellow
3665,15,White
3665,19,Tan
3665,22,Purple
3665,25,Orange
3665,26,Magenta
3665,27,Lime
3665,28,Dark_Tan
3665,29,Bright_Pink
3665,30,Medium_Lavender
3665,31,Lavender
3665,69,Light_Purple
3665,70,Reddish_Brown
3665,71,Light_Bluish_Gray
3665,72,Dark_Bluish_Gray
3665,73,Medium_Blue
3665,85,Dark_Purple
3665,191,Bright_Light_Orange
3665,212,Bright_Light_Blue
3665,226,Bright_Light_Yellow
3665,272,Dark_Blue
3665,288,Dark_Green
3665,308,Dark_Brown
3665,313,Maersk_Blue
3665,320,Dark_Red
3665,321,Dark_Azure
3665,322,Medium_Azure
3665,323,Light_Aqua
3665,326,Yellowish_Green
3665,330,Olive_Green
3665,378,Sand_Green
3665,379,Sand_Blue
3665,484,Dark_Orange
3666,0,Black
3666,1,Blue
3666,2,Green
3666,3,Dark_Turquoise
3666,4,Red
3666,5,Dark_Pink
3666,6,Brown
3666,7,Light_Gray
3666,8,Dark_Gray
3666,10,Bright_Green
3666,13,Pink
3666,14,Yellow
3666,15,White
3666,19,Tan
3666,25,Orange
3666,26,Magenta
3666,27,Lime
3666,28,Dark_Tan
3666,29,Bright_Pink
3666,30,Medium_Lavender
3666,31,Lavender
3666,70,Reddish_Brown
3666,71,Light_Bluish_Gray
3666,72,Dark_Bluish_Gray
3666,73,Medium_Blue
3666,77,Light_Pink
3666,85,Dark_Purple
3666,89,Blue_Violet
3666,118,Aqua
3666,191,Bright_Light_Orange
3666,212,Bright_Light_Blue
3666,226,Bright_Light_Yellow
3666,272,Dark_Blue
3666,288,Dark_Green
3666,308,Dark_Brown
3666,313,Maersk_Blue
3666,320,Dark_Red
3666,321,Dark_Azure
3666,322,Medium_Azure
3666,323,Light_Aqua
3666,326,Yellowish_Green
3666,330,Olive_Green
3666,351,Medium_Dark_Pink
3666,378,Sand_Green
3666,379,Sand_Blue
3666,462,Medium_Orange
3666,484,Dark_Orange
3668,0,Black
3668,72,Dark_Bluish_Gray
367,1,Blue
367,4,Red
367,7,Light_Gray
3673,1,Blue
3673,7,Light_Gray
3673,14,Yellow
3673,71,Light_Bluish_Gray
3675,0,Black
3675,1,Blue
3675,2,Green
3675,4,Red
3675,6,Brown
3675,7,Light_Gray
3675,8,Dark_Gray
3675,14,Yellow
3675,15,White
3675,19,Tan
3675,27,Lime
3675,28,Dark_Tan
3675,70,Reddish_Brown
3675,71,Light_Bluish_Gray
3675,72,Dark_Bluish_Gray
3675,85,Dark_Purple
3675,272,Dark_Blue
3675,288,Dark_Green
3675,308,Dark_Brown
3675,320,Dark_Red
3675,378,Sand_Green
3675,379,Sand_Blue
3675,484,Dark_Orange
36752a,0,Black
36752a,4,Red
36752a,15,White
36752a,27,Lime
36752a,28,Dark_Tan
36752a,70,Reddish_Brown
36752a,71,Light_Bluish_Gray
36752a,85,Dark_Purple
36752a,308,Dark_Brown
36752a,484,Dark_Orange
36752c01,0,Black
36752c01,4,Red
36752c01,15,White
36752c01,27,Lime
36752c01,28,Dark_Tan
36752c01,70,Reddish_Brown
36752c01,71,Light_Bluish_Gray
36752c01,85,Dark_Purple
36752c01,308,Dark_Brown
36752c01,484,Dark_Orange
3676,0,Black
3676,1,Blue
3676,2,Green
3676,4,Red
3676,6,Brown
3676,7,Light_Gray
3676,8,Dark_Gray
3676,10,Bright_Green
3676,14,Yellow
3676,15,White
3676,19,Tan
3676,25,Orange
3676,70,Reddish_Brown
3676,71,Light_Bluish_Gray
3676,72,Dark_Bluish_Gray
3676,85,Dark_Purple
3676,272,Dark_Blue
3676,288,Dark_Green
3676,320,Dark_Red
3676,379,Sand_Blue
3676,484,Dark_Orange
3677c01,30,Medium_Lavender
3677c01p01,30,Medium_Lavender
3677c01p02,323,Light_Aqua
3677c01p03,272,Dark_Blue
3678,0,Black
3678,1,Blue
3678,2,Green
3678,4,Red
3678,6,Brown
3678,7,Light_Gray
3678,8,Dark_Gray
3678,14,Yellow
3678,15,White
3678,19,Tan
3678,25,Orange
3678,320,Dark_Red
3678,378,Sand_Green
3678a,0,Black
3678a,1,Blue
3678a,2,Green
3678a,4,Red
3678a,6,Brown
3678a,7,Light_Gray
3678a,8,Dark_Gray
3678a,14,Yellow
3678a,15,White
3678a,19,Tan
3678a,25,Orange
3678a,320,Dark_Red
3678a,378,Sand_Green
3678b,0,Black
3678b,1,Blue
3678b,2,Green
3678b,4,Red
3678b,5,Dark_Pink
3678b,6,Brown
3678b,7,Light_Gray
3678b,8,Dark_Gray
3678b,14,Yellow
3678b,15,White
3678b,19,Tan
3678b,26,Magenta
3678b,27,Lime
3678b,28,Dark_Tan
3678b,30,Medium_Lavender
3678b,31,Lavender
3678b,70,Reddish_Brown
3678b,71,Light_Bluish_Gray
3678b,72,Dark_Bluish_Gray
3678b,73,Medium_Blue
3678b,85,Dark_Purple
3678b,191,Bright_Light_Orange
3678b,272,Dark_Blue
3678b,288,Dark_Green
3678b,320,Dark_Red
3678b,321,Dark_Azure
3678b,322,Medium_Azure
3678b,323,Light_Aqua
3678b,378,Sand_Green
3678b,379,Sand_Blue
3678b,484,Dark_Orange
3679,0,Black
3679,2,Green
3679,6,Brown
3679,7,Light_Gray
3679,8,Dark_Gray
3679,19,Tan
3679,71,Light_Bluish_Gray
3679,73,Medium_Blue
368,0,Black
368,1,Blue
368,2,Green
368,4,Red
368,6,Brown
368,7,Light_Gray
368,8,Dark_Gray
368,14,Yellow
368,15,White
368,19,Tan
368,71,Light_Bluish_Gray
368,72,Dark_Bluish_Gray
368,85,Dark_Purple
368,379,Sand_Blue
3680,0,Black
3680,1,Blue
3680,2,Green
3680,3,Dark_Turquoise
3680,4,Red
3680,6,Brown
3680,7,Light_Gray
3680,8,Dark_Gray
3680,14,Yellow
3680,15,White
3680,19,Tan
3680,29,Bright_Pink
3680,70,Reddish_Brown
3680,71,Light_Bluish_Gray
3680,72,Dark_Bluish_Gray
3680,73,Medium_Blue
36806,0,Black
36806,15,White
36806,71,Light_Bluish_Gray
36806,226,Bright_Light_Yellow
36806,320,Dark_Red
36806,484,Dark_Orange
3684,0,Black
3684,1,Blue
3684,2,Green
3684,3,Dark_Turquoise
3684,4,Red
3684,6,Brown
3684,7,Light_Gray
3684,8,Dark_Gray
3684,14,Yellow
3684,15,White
3684,19,Tan
3684,27,Lime
3684,28,Dark_Tan
3684,70,Reddish_Brown
3684,71,Light_Bluish_Gray
3684,72,Dark_Bluish_Gray
3684,85,Dark_Purple
3684,308,Dark_Brown
3684,320,Dark_Red
3684,378,Sand_Green
36840,0,Black
36840,1,Blue
36840,2,Green
36840,3,Dark_Turquoise
36840,4,Red
36840,5,Dark_Pink
36840,14,Yellow
36840,15,White
36840,19,Tan
36840,25,Orange
36840,26,Magenta
36840,27,Lime
36840,29,Bright_Pink
36840,30,Medium_Lavender
36840,70,Reddish_Brown
36840,71,Light_Bluish_Gray
36840,72,Dark_Bluish_Gray
36840,191,Bright_Light_Orange
36840,212,Bright_Light_Blue
36840,226,Bright_Light_Yellow
36840,272,Dark_Blue
36840,320,Dark_Red
36840,322,Medium_Azure
36840,323,Light_Aqua
36840,378,Sand_Green
36841,0,Black
36841,1,Blue
36841,2,Green
36841,3,Dark_Turquoise
36841,4,Red
36841,10,Bright_Green
36841,14,Yellow
36841,15,White
36841,19,Tan
36841,25,Orange
36841,27,Lime
36841,30,Medium_Lavender
36841,70,Reddish_Brown
36841,71,Light_Bluish_Gray
36841,72,Dark_Bluish_Gray
36841,73,Medium_Blue
36841,85,Dark_Purple
36841,191,Bright_Light_Orange
36841,212,Bright_Light_Blue
36841,272,Dark_Blue
36841,288,Dark_Green
36841,320,Dark_Red
36841,321,Dark_Azure
36841,330,Olive_Green
36841,484,Dark_Orange
3684b,0,Black
3684b,4,Red
3684b,7,Light_Gray
3684b,15,White
3684b,70,Reddish_Brown
3684b,72,Dark_Bluish_Gray
3685,0,Black
3685,1,Blue
3685,2,Green
3685,4,Red
3685,6,Brown
3685,7,Light_Gray
3685,8,Dark_Gray
3685,14,Yellow
3685,15,White
3685,19,Tan
3685,25,Orange
3685,28,Dark_Tan
3685,70,Reddish_Brown
3685,71,Light_Bluish_Gray
3685,72,Dark_Bluish_Gray
3685,85,Dark_Purple
3685,191,Bright_Light_Orange
3685,272,Dark_Blue
3685,320,Dark_Red
3685,378,Sand_Green
3685,379,Sand_Blue
3688,0,Black
3688,1,Blue
3688,2,Green
3688,3,Dark_Turquoise
3688,4,Red
3688,15,White
3688,19,Tan
3688,72,Dark_Bluish_Gray
3688,272,Dark_Blue
3688,320,Dark_Red
3688,378,Sand_Green
3688,379,Sand_Blue
369,0,Black
369,4,Red
369,15,White
369,20,Light_Violet
3691,7,Light_Gray
37,72,Dark_Bluish_Gray
370,0,Black
370,4,Red
370,15,White
370,20,Light_Violet
3700,0,Black
3700,1,Blue
3700,2,Green
3700,3,Dark_Turquoise
3700,4,Red
3700,5,Dark_Pink
3700,6,Brown
3700,7,Light_Gray
3700,8,Dark_Gray
3700,14,Yellow
3700,15,White
3700,19,Tan
3700,22,Purple
3700,25,Orange
3700,27,Lime
3700,28,Dark_Tan
3700,29,Bright_Pink
3700,30,Medium_Lavender
3700,31,Lavender
3700,70,Reddish_Brown
3700,71,Light_Bluish_Gray
3700,72,Dark_Bluish_Gray
3700,73,Medium_Blue
3700,85,Dark_Purple
3700,191,Bright_Light_Orange
3700,212,Bright_Light_Blue
3700,226,Bright_Light_Yellow
3700,272,Dark_Blue
3700,288,Dark_Green
3700,320,Dark_Red
3700,322,Medium_Azure
3700,323,Light_Aqua
3700,326,Yellowish_Green
3700,366,Earth_Orange
3700,378,Sand_Green
3700,379,Sand_Blue
3700,484,Dark_Orange
3701,0,Black
3701,1,Blue
3701,2,Green
3701,3,Dark_Turquoise
3701,4,Red
3701,6,Brown
3701,7,Light_Gray
3701,8,Dark_Gray
3701,14,Yellow
3701,15,White
3701,19,Tan
3701,25,Orange
3701,26,Magenta
3701,27,Lime
3701,28,Dark_Tan
3701,29,Bright_Pink
3701,70,Reddish_Brown
3701,71,Light_Bluish_Gray
3701,72,Dark_Bluish_Gray
3701,85,Dark_Purple
3701,212,Bright_Light_Blue
3701,272,Dark_Blue
3701,288,Dark_Green
3701,323,Light_Aqua
3701,484,Dark_Orange
370101,0,Black
370101,1,Blue
370101,2,Green
370101,3,Dark_Turquoise
370101,4,Red
370101,6,Brown
370101,7,Light_Gray
370101,8,Dark_Gray
370101,14,Yellow
370101,15,White
370101,19,Tan
370101,25,Orange
370101,26,Magenta
370101,27,Lime
370101,28,Dark_Tan
370101,29,Bright_Pink
370101,70,Reddish_Brown
370101,71,Light_Bluish_Gray
370101,72,Dark_Bluish_Gray
370101,85,Dark_Purple
370101,212,Bright_Light_Blue
370101,272,Dark_Blue
370101,288,Dark_Green
370101,323,Light_Aqua
370101,484,Dark_Orange
3702,0,Black
3702,1,Blue
3702,2,Green
3702,3,Dark_Turquoise
3702,4,Red
3702,7,Light_Gray
3702,8,Dark_Gray
3702,14,Yellow
3702,15,White
3702,19,Tan
3702,25,Orange
3702,27,Lime
3702,28,Dark_Tan
3702,71,Light_Bluish_Gray
3702,272,Dark_Blue
3702,321,Dark_Azure
370226,0,Black
370226,1,Blue
370226,2,Green
370226,3,Dark_Turquoise
370226,4,Red
370226,7,Light_Gray
370226,8,Dark_Gray
370226,14,Yellow
370226,15,White
370226,19,Tan
370226,25,Orange
370226,27,Lime
370226,28,Dark_Tan
370226,71,Light_Bluish_Gray
370226,272,Dark_Blue
370226,321,Dark_Azure
3703,0,Black
3703,1,Blue
3703,2,Green
3703,3,Dark_Turquoise
3703,4,Red
3703,6,Brown
3703,7,Light_Gray
3703,8,Dark_Gray
3703,10,Bright_Green
3703,14,Yellow
3703,15,White
3703,19,Tan
3703,25,Orange
3703,27,Lime
3703,70,Reddish_Brown
3703,71,Light_Bluish_Gray
3703,72,Dark_Bluish_Gray
3703,191,Bright_Light_Orange
3703,272,Dark_Blue
3704,0,Black
3705,0,Black
3705,2,Green
3705,4,Red
3705,6,Brown
3705,7,Light_Gray
3705,15,White
370526,0,Black
370526,2,Green
370526,4,Red
370526,6,Brown
370526,7,Light_Gray
370526,15,White
3705c01,0,Black
3706,0,Black
3706,4,Red
3706,7,Light_Gray
3706,15,White
3706,19,Tan
370626,0,Black
370626,4,Red
370626,7,Light_Gray
370626,15,White
370626,19,Tan
3707,0,Black
3707,4,Red
3707,6,Brown
3707,7,Light_Gray
3707,8,Dark_Gray
3707,15,White
370726,0,Black
370726,4,Red
370726,6,Brown
370726,7,Light_Gray
370726,8,Dark_Gray
370726,15,White
3708,0,Black
3708,2,Green
3708,4,Red
3708,7,Light_Gray
3708,15,White
370826,0,Black
370826,2,Green
370826,4,Red
370826,7,Light_Gray
370826,15,White
3709,0,Black
3709,1,Blue
3709,2,Green
3709,4,Red
3709,6,Brown
3709,7,Light_Gray
3709,8,Dark_Gray
3709,14,Yellow
3709,15,White
3709,19,Tan
3709,22,Purple
3709,25,Orange
3709,70,Reddish_Brown
3709,71,Light_Bluish_Gray
3709,72,Dark_Bluish_Gray
3709,73,Medium_Blue
3709,85,Dark_Purple
3709,191,Bright_Light_Orange
3709,313,Maersk_Blue
3709,379,Sand_Blue
370926,0,Black
370926,1,Blue
370926,2,Green
370926,4,Red
370926,6,Brown
370926,7,Light_Gray
370926,8,Dark_Gray
370926,14,Yellow
370926,15,White
370926,19,Tan
370926,22,Purple
370926,25,Orange
370926,70,Reddish_Brown
370926,71,Light_Bluish_Gray
370926,72,Dark_Bluish_Gray
370926,73,Medium_Blue
370926,85,Dark_Purple
370926,191,Bright_Light_Orange
370926,313,Maersk_Blue
370926,379,Sand_Blue
3709a,7,Light_Gray
3709b,0,Black
3709b,1,Blue
3709b,2,Green
3709b,4,Red
3709b,6,Brown
3709b,7,Light_Gray
3709b,8,Dark_Gray
3709b,14,Yellow
3709b,15,White
3709b,19,Tan
3709b,22,Purple
3709b,25,Orange
3709b,70,Reddish_Brown
3709b,71,Light_Bluish_Gray
3709b,72,Dark_Bluish_Gray
3709b,73,Medium_Blue
3709b,85,Dark_Purple
3709b,191,Bright_Light_Orange
3709b,313,Maersk_Blue
3709b,379,Sand_Blue
3709c,7,Light_Gray
371,0,Black
3710,0,Black
3710,1,Blue
3710,2,Green
3710,3,Dark_Turquoise
3710,4,Red
3710,5,Dark_Pink
3710,6,Brown
3710,7,Light_Gray
3710,8,Dark_Gray
3710,10,Bright_Green
3710,13,Pink
3710,14,Yellow
3710,15,White
3710,18,Light_Yellow
3710,19,Tan
3710,22,Purple
3710,23,Dark_Blue_Violet
3710,25,Orange
3710,26,Magenta
3710,27,Lime
3710,28,Dark_Tan
3710,29,Bright_Pink
3710,30,Medium_Lavender
3710,31,Lavender
3710,68,Very_Light_Orange
3710,70,Reddish_Brown
3710,71,Light_Bluish_Gray
3710,72,Dark_Bluish_Gray
3710,73,Medium_Blue
3710,85,Dark_Purple
3710,89,Blue_Violet
3710,151,Very_Light_Bluish_Gray
3710,191,Bright_Light_Orange
3710,212,Bright_Light_Blue
3710,226,Bright_Light_Yellow
3710,232,Sky_Blue
3710,272,Dark_Blue
3710,288,Dark_Green
3710,308,Dark_Brown
3710,313,Maersk_Blue
3710,320,Dark_Red
3710,321,Dark_Azure
3710,322,Medium_Azure
3710,323,Light_Aqua
3710,326,Yellowish_Green
3710,330,Olive_Green
3710,351,Medium_Dark_Pink
3710,378,Sand_Green
3710,379,Sand_Blue
3710,462,Medium_Orange
3710,484,Dark_Orange
371026,0,Black
371026,1,Blue
371026,2,Green
371026,3,Dark_Turquoise
371026,4,Red
371026,5,Dark_Pink
371026,6,Brown
371026,7,Light_Gray
371026,8,Dark_Gray
371026,10,Bright_Green
371026,13,Pink
371026,14,Yellow
371026,15,White
371026,18,Light_Yellow
371026,19,Tan
371026,22,Purple
371026,23,Dark_Blue_Violet
371026,25,Orange
371026,26,Magenta
371026,27,Lime
371026,28,Dark_Tan
371026,29,Bright_Pink
371026,30,Medium_Lavender
371026,31,Lavender
371026,68,Very_Light_Orange
371026,70,Reddish_Brown
371026,71,Light_Bluish_Gray
371026,72,Dark_Bluish_Gray
371026,73,Medium_Blue
371026,85,Dark_Purple
371026,89,Blue_Violet
371026,151,Very_Light_Bluish_Gray
371026,191,Bright_Light_Orange
371026,212,Bright_Light_Blue
371026,226,Bright_Light_Yellow
371026,232,Sky_Blue
371026,272,Dark_Blue
371026,288,Dark_Green
371026,308,Dark_Brown
371026,313,Maersk_Blue
371026,320,Dark_Red
371026,321,Dark_Azure
371026,322,Medium_Azure
371026,323,Light_Aqua
371026,326,Yellowish_Green
371026,330,Olive_Green
371026,351,Medium_Dark_Pink
371026,378,Sand_Green
371026,379,Sand_Blue
371026,462,Medium_Orange
371026,484,Dark_Orange
3713,0,Black
3713,1,Blue
3713,4,Red
3713,7,Light_Gray
3713,14,Yellow
3713,15,White
3713,25,Orange
3713,71,Light_Bluish_Gray
37178-f1,5,Dark_Pink
37178-f1,27,Lime
37178-f1,191,Bright_Light_Orange
37178-f1,272,Dark_Blue
37191,1,Blue
37191,4,Red
37191,10,Bright_Green
37195,0,Black
37195,26,Magenta
37195,226,Bright_Light_Yellow
37195,323,Light_Aqua
372,0,Black
372,7,Light_Gray
3729,0,Black
3729,1,Blue
3729,2,Green
3729,4,Red
3729,6,Brown
3729,7,Light_Gray
3729,8,Dark_Gray
3729,14,Yellow
3729,15,White
3729,19,Tan
3729,70,Reddish_Brown
3729,71,Light_Bluish_Gray
373,0,Black
373,1,Blue
373,2,Green
373,4,Red
373,6,Brown
373,7,Light_Gray
373,8,Dark_Gray
373,14,Yellow
373,15,White
373,19,Tan
373,25,Orange
373,27,Lime
373,70,Reddish_Brown
373,71,Light_Bluish_Gray
373,72,Dark_Bluish_Gray
373,115,Medium_Lime
3730,0,Black
3730,1,Blue
3730,2,Green
3730,4,Red
3730,6,Brown
3730,7,Light_Gray
3730,8,Dark_Gray
3730,14,Yellow
3730,15,White
3730,19,Tan
3730,71,Light_Bluish_Gray
3731,0,Black
3731,1,Blue
3731,2,Green
3731,4,Red
3731,6,Brown
3731,7,Light_Gray
3731,8,Dark_Gray
3731,14,Yellow
3731,15,White
3731,19,Tan
3731,70,Reddish_Brown
3731,71,Light_Bluish_Gray
37341a,10,Bright_Green
37341a,15,White
37341b,10,Bright_Green
37341b,15,White
37341c,10,Bright_Green
37341c,15,White
37341d,10,Bright_Green
37341d,15,White
37341e,10,Bright_Green
37341e,15,White
37352,0,Black
37352,1,Blue
37352,2,Green
37352,3,Dark_Turquoise
37352,4,Red
37352,10,Bright_Green
37352,14,Yellow
37352,15,White
37352,19,Tan
37352,25,Orange
37352,26,Magenta
37352,27,Lime
37352,29,Bright_Pink
37352,30,Medium_Lavender
37352,31,Lavender
37352,70,Reddish_Brown
37352,71,Light_Bluish_Gray
37352,72,Dark_Bluish_Gray
37352,73,Medium_Blue
37352,85,Dark_Purple
37352,89,Blue_Violet
37352,191,Bright_Light_Orange
37352,212,Bright_Light_Blue
37352,226,Bright_Light_Yellow
37352,272,Dark_Blue
37352,288,Dark_Green
37352,320,Dark_Red
37352,321,Dark_Azure
37352,322,Medium_Azure
37352,323,Light_Aqua
37352,326,Yellowish_Green
37352,378,Sand_Green
37352,379,Sand_Blue
37352,484,Dark_Orange
3736,0,Black
3736,1,Blue
3736,2,Green
3736,4,Red
3736,7,Light_Gray
3736,14,Yellow
3736,15,White
3736,19,Tan
3736,25,Orange
3736,71,Light_Bluish_Gray
3737,0,Black
3737,2,Green
3737,4,Red
3737c01,0,Black
3738,0,Black
3738,1,Blue
3738,2,Green
3738,3,Dark_Turquoise
3738,4,Red
3738,6,Brown
3738,7,Light_Gray
3738,8,Dark_Gray
3738,10,Bright_Green
3738,14,Yellow
3738,15,White
3738,19,Tan
3738,28,Dark_Tan
3738,70,Reddish_Brown
3738,71,Light_Bluish_Gray
3738,72,Dark_Bluish_Gray
3738,73,Medium_Blue
3738,191,Bright_Light_Orange
3738,272,Dark_Blue
3738,320,Dark_Red
3738,322,Medium_Azure
3739,0,Black
3739,7,Light_Gray
3739,14,Yellow
3739,15,White
374,2,Green
3740,0,Black
3741,2,Green
3741,6,Brown
3741,10,Bright_Green
3741,31,Lavender
3741,308,Dark_Brown
3741,330,Olive_Green
3741a,2,Green
3741a,6,Brown
3741a,10,Bright_Green
3741a,31,Lavender
3741a,308,Dark_Brown
3741a,330,Olive_Green
3742,1,Blue
3742,4,Red
3742,5,Dark_Pink
3742,13,Pink
3742,14,Yellow
3742,15,White
3742,26,Magenta
3742,29,Bright_Pink
3742,351,Medium_Dark_Pink
3742c01,1,Blue
3742c01,4,Red
3742c01,5,Dark_Pink
3742c01,13,Pink
3742c01,14,Yellow
3742c01,15,White
3742c01,18,Light_Yellow
3742c01,26,Magenta
3742c01,29,Bright_Pink
3742c01,72,Dark_Bluish_Gray
3742c01,351,Medium_Dark_Pink
3743,0,Black
3743,1,Blue
3743,2,Green
3743,4,Red
3743,6,Brown
3743,7,Light_Gray
3743,8,Dark_Gray
3743,14,Yellow
3743,15,White
3743,19,Tan
3743,25,Orange
3743,70,Reddish_Brown
3743,71,Light_Bluish_Gray
3743,378,Sand_Green
37452,5,Dark_Pink
37452,25,Orange
37452,27,Lime
37452,29,Bright_Pink
37452,323,Light_Aqua
3747,0,Black
3747,1,Blue
3747,2,Green
3747,3,Dark_Turquoise
3747,4,Red
3747,6,Brown
3747,7,Light_Gray
3747,8,Dark_Gray
3747,14,Yellow
3747,15,White
3747,19,Tan
3747,25,Orange
3747,70,Reddish_Brown
3747,71,Light_Bluish_Gray
3747,72,Dark_Bluish_Gray
3747,272,Dark_Blue
3747,320,Dark_Red
3747,321,Dark_Azure
3747,322,Medium_Azure
3747,378,Sand_Green
3747,379,Sand_Blue
374726,0,Black
374726,1,Blue
374726,2,Green
374726,3,Dark_Turquoise
374726,4,Red
374726,6,Brown
374726,7,Light_Gray
374726,8,Dark_Gray
374726,14,Yellow
374726,15,White
374726,19,Tan
374726,25,Orange
374726,70,Reddish_Brown
374726,71,Light_Bluish_Gray
374726,72,Dark_Bluish_Gray
374726,272,Dark_Blue
374726,320,Dark_Red
374726,321,Dark_Azure
374726,322,Medium_Azure
374726,378,Sand_Green
374726,379,Sand_Blue
3747a,0,Black
3747a,1,Blue
3747a,2,Green
3747a,3,Dark_Turquoise
3747a,4,Red
3747a,6,Brown
3747a,7,Light_Gray
3747a,8,Dark_Gray
3747a,14,Yellow
3747a,15,White
3747a,19,Tan
3747a,25,Orange
3747a,70,Reddish_Brown
3747a,71,Light_Bluish_Gray
3747a,72,Dark_Bluish_Gray
3747a,272,Dark_Blue
3747a,320,Dark_Red
3747a,321,Dark_Azure
3747a,322,Medium_Azure
3747a,378,Sand_Green
3747a,379,Sand_Blue
3747b,0,Black
3747b,1,Blue
3747b,2,Green
3747b,4,Red
3747b,6,Brown
3747b,14,Yellow
3747b,15,White
3747b,19,Tan
3747b,25,Orange
3747b,26,Magenta
3747b,28,Dark_Tan
3747b,30,Medium_Lavender
3747b,70,Reddish_Brown
3747b,71,Light_Bluish_Gray
3747b,72,Dark_Bluish_Gray
3747b,226,Bright_Light_Yellow
3747b,272,Dark_Blue
3747b,288,Dark_Green
3747b,313,Maersk_Blue
3747b,320,Dark_Red
3747b,321,Dark_Azure
3747b,322,Medium_Azure
3747b,378,Sand_Green
3748,0,Black
3748,28,Dark_Tan
3748,70,Reddish_Brown
3749,0,Black
3749,1,Blue
3749,7,Light_Gray
3749,15,White
3749,19,Tan
3749,71,Light_Bluish_Gray
3749,212,Bright_Light_Blue
37493,14,Yellow
37493,191,Bright_Light_Orange
37494,0,Black
37494,1,Blue
37495,72,Dark_Bluish_Gray
375,8,Dark_Gray
375,71,Light_Bluish_Gray
375,72,Dark_Bluish_Gray
3754,0,Black
3754,1,Blue
3754,2,Green
3754,4,Red
3754,7,Light_Gray
3754,8,Dark_Gray
3754,14,Yellow
3754,15,White
3754,18,Light_Yellow
3754,19,Tan
3754,71,Light_Bluish_Gray
3754,72,Dark_Bluish_Gray
3754,379,Sand_Blue
3755,4,Red
3755,7,Light_Gray
3755,14,Yellow
3755,15,White
3757,15,White
3757,19,Tan
3757,25,Orange
3758,15,White
3758,19,Tan
3758,27,Lime
376,0,Black
376,1,Blue
376,2,Green
376,4,Red
376,5,Dark_Pink
376,6,Brown
376,7,Light_Gray
376,8,Dark_Gray
376,14,Yellow
376,15,White
376,19,Tan
376,25,Orange
376,27,Lime
376,29,Bright_Pink
376,70,Reddish_Brown
376,71,Light_Bluish_Gray
376,72,Dark_Bluish_Gray
376,73,Medium_Blue
376,288,Dark_Green
376,320,Dark_Red
3761,1,Blue
3761,6,Brown
3761,7,Light_Gray
3761,14,Yellow
37614,4,Red
37614,25,Orange
37614,30,Medium_Lavender
37614,85,Dark_Purple
37614,191,Bright_Light_Orange
37614,272,Dark_Blue
3766,15,White
3766,19,Tan
3766,28,Dark_Tan
3766,212,Bright_Light_Blue
3766,378,Sand_Green
37695,0,Black
37695,10,Bright_Green
37695,15,White
37695,31,Lavender
37695,320,Dark_Red
37695,330,Olive_Green
37697,70,Reddish_Brown
37697,226,Bright_Light_Yellow
3770,4,Red
3770,15,White
3770,191,Bright_Light_Orange
3770,321,Dark_Azure
3776,71,Light_Bluish_Gray
37762,0,Black
37762,1,Blue
37762,4,Red
37762,10,Bright_Green
37762,15,White
37762,19,Tan
37762,26,Magenta
37762,27,Lime
37762,28,Dark_Tan
37762,70,Reddish_Brown
37762,71,Light_Bluish_Gray
37762,72,Dark_Bluish_Gray
37762,272,Dark_Blue
37762,288,Dark_Green
37762,308,Dark_Brown
3777,191,Bright_Light_Orange
37775,0,Black
37775,15,White
37776,0,Black
37776,71,Light_Bluish_Gray
37776,326,Yellowish_Green
3778,2,Green
37784,308,Dark_Brown
3779,71,Light_Bluish_Gray
378,0,Black
378,1,Blue
378,2,Green
378,3,Dark_Turquoise
378,4,Red
378,8,Dark_Gray
378,10,Bright_Green
378,14,Yellow
378,15,White
378,19,Tan
378,25,Orange
378,27,Lime
378,28,Dark_Tan
378,30,Medium_Lavender
378,70,Reddish_Brown
378,71,Light_Bluish_Gray
378,72,Dark_Bluish_Gray
378,73,Medium_Blue
378,85,Dark_Purple
378,191,Bright_Light_Orange
378,212,Bright_Light_Blue
378,226,Bright_Light_Yellow
378,272,Dark_Blue
378,288,Dark_Green
378,320,Dark_Red
378,322,Medium_Azure
378,330,Olive_Green
378,378,Sand_Green
378,379,Sand_Blue
378,484,Dark_Orange
37822,28,Dark_Tan
37822,72,Dark_Bluish_Gray
3787,0,Black
3787,1,Blue
3787,2,Green
3787,4,Red
3787,7,Light_Gray
3787,14,Yellow
3787,15,White
3788,0,Black
3788,1,Blue
3788,2,Green
3788,4,Red
3788,7,Light_Gray
3788,14,Yellow
3788,15,White
3788,19,Tan
3788,25,Orange
3788,27,Lime
3788,72,Dark_Bluish_Gray
3788,272,Dark_Blue
3794a,0,Black
3794a,1,Blue
3794a,2,Green
3794a,4,Red
3794a,6,Brown
3794a,7,Light_Gray
3794a,8,Dark_Gray
3794a,13,Pink
3794a,14,Yellow
3794a,15,White
3794a,19,Tan
3794a,22,Purple
3794a,25,Orange
3794a,27,Lime
3794a,28,Dark_Tan
3794a,68,Very_Light_Orange
3794a,70,Reddish_Brown
3794a,71,Light_Bluish_Gray
3794a,72,Dark_Bluish_Gray
3794a,73,Medium_Blue
3794a,85,Dark_Purple
3794a,272,Dark_Blue
3794a,313,Maersk_Blue
3794a,320,Dark_Red
3794a,323,Light_Aqua
3794a,378,Sand_Green
3794a,379,Sand_Blue
3794a,484,Dark_Orange
3794b,0,Black
3794b,1,Blue
3794b,2,Green
3794b,4,Red
3794b,14,Yellow
3794b,15,White
3794b,19,Tan
3794b,25,Orange
3794b,27,Lime
3794b,28,Dark_Tan
3794b,70,Reddish_Brown
3794b,71,Light_Bluish_Gray
3794b,72,Dark_Bluish_Gray
3794b,73,Medium_Blue
3794b,85,Dark_Purple
3794b,272,Dark_Blue
3794b,320,Dark_Red
3794b,323,Light_Aqua
3794b,484,Dark_Orange
3795,0,Black
3795,1,Blue
3795,2,Green
3795,3,Dark_Turquoise
3795,4,Red
3795,5,Dark_Pink
3795,6,Brown
3795,7,Light_Gray
3795,8,Dark_Gray
3795,10,Bright_Green
3795,14,Yellow
3795,15,White
3795,19,Tan
3795,22,Purple
3795,25,Orange
3795,26,Magenta
3795,27,Lime
3795,28,Dark_Tan
3795,29,Bright_Pink
3795,30,Medium_Lavender
3795,31,Lavender
3795,69,Light_Purple
3795,70,Reddish_Brown
3795,71,Light_Bluish_Gray
3795,72,Dark_Bluish_Gray
3795,73,Medium_Blue
3795,85,Dark_Purple
3795,89,Blue_Violet
3795,110,Violet
3795,118,Aqua
3795,191,Bright_Light_Orange
3795,212,Bright_Light_Blue
3795,226,Bright_Light_Yellow
3795,272,Dark_Blue
3795,288,Dark_Green
3795,308,Dark_Brown
3795,313,Maersk_Blue
3795,320,Dark_Red
3795,321,Dark_Azure
3795,322,Medium_Azure
3795,323,Light_Aqua
3795,326,Yellowish_Green
3795,335,Sand_Red
3795,378,Sand_Green
3795,379,Sand_Blue
3795,462,Medium_Orange
3795,484,Dark_Orange
379501,0,Black
379501,1,Blue
379501,2,Green
379501,3,Dark_Turquoise
379501,4,Red
379501,5,Dark_Pink
379501,6,Brown
379501,7,Light_Gray
379501,8,Dark_Gray
379501,10,Bright_Green
379501,14,Yellow
379501,15,White
379501,19,Tan
379501,22,Purple
379501,25,Orange
379501,26,Magenta
379501,27,Lime
379501,28,Dark_Tan
379501,29,Bright_Pink
379501,30,Medium_Lavender
379501,31,Lavender
379501,69,Light_Purple
379501,70,Reddish_Brown
379501,71,Light_Bluish_Gray
379501,72,Dark_Bluish_Gray
379501,73,Medium_Blue
379501,85,Dark_Purple
379501,89,Blue_Violet
379501,110,Violet
379501,118,Aqua
379501,191,Bright_Light_Orange
379501,212,Bright_Light_Blue
379501,226,Bright_Light_Yellow
379501,272,Dark_Blue
379501,288,Dark_Green
379501,308,Dark_Brown
379501,313,Maersk_Blue
379501,320,Dark_Red
379501,321,Dark_Azure
379501,322,Medium_Azure
379501,323,Light_Aqua
379501,326,Yellowish_Green
379501,335,Sand_Red
379501,378,Sand_Green
379501,379,Sand_Blue
379501,462,Medium_Orange
379501,484,Dark_Orange
379523,0,Black
379523,1,Blue
379523,2,Green
379523,3,Dark_Turquoise
379523,4,Red
379523,5,Dark_Pink
379523,6,Brown
379523,7,Light_Gray
379523,8,Dark_Gray
379523,10,Bright_Green
379523,14,Yellow
379523,15,White
379523,19,Tan
379523,22,Purple
379523,25,Orange
379523,26,Magenta
379523,27,Lime
379523,28,Dark_Tan
379523,29,Bright_Pink
379523,30,Medium_Lavender
379523,31,Lavender
379523,69,Light_Purple
379523,70,Reddish_Brown
379523,71,Light_Bluish_Gray
379523,72,Dark_Bluish_Gray
379523,73,Medium_Blue
379523,85,Dark_Purple
379523,89,Blue_Violet
379523,110,Violet
379523,118,Aqua
379523,191,Bright_Light_Orange
379523,212,Bright_Light_Blue
379523,226,Bright_Light_Yellow
379523,272,Dark_Blue
379523,288,Dark_Green
379523,308,Dark_Brown
379523,313,Maersk_Blue
379523,320,Dark_Red
379523,321,Dark_Azure
379523,322,Medium_Azure
379523,323,Light_Aqua
379523,326,Yellowish_Green
379523,335,Sand_Red
379523,378,Sand_Green
379523,379,Sand_Blue
379523,462,Medium_Orange
379523,484,Dark_Orange
380,0,Black
380,1,Blue
380,2,Green
380,4,Red
380,6,Brown
380,7,Light_Gray
380,8,Dark_Gray
380,14,Yellow
380,15,White
380,19,Tan
380,72,Dark_Bluish_Gray
38014,14,Yellow
38014,15,White
38014,71,Light_Bluish_Gray
3803,70,Reddish_Brown
3808,4,Red
3808,14,Yellow
3808,77,Light_Pink
3808,313,Maersk_Blue
3811,1,Blue
3811,2,Green
3811,4,Red
3811,6,Brown
3811,7,Light_Gray
3811,10,Bright_Green
3811,15,White
3811,19,Tan
3811,26,Magenta
3811,70,Reddish_Brown
3811,71,Light_Bluish_Gray
3811,72,Dark_Bluish_Gray
3811,74,Medium_Green
3811,272,Dark_Blue
3811h,1,Blue
3811h,2,Green
3811h,4,Red
3811h,6,Brown
3811h,7,Light_Gray
3811h,10,Bright_Green
3811h,15,White
3811h,19,Tan
3811h,26,Magenta
3811h,70,Reddish_Brown
3811h,71,Light_Bluish_Gray
3811h,72,Dark_Bluish_Gray
3811h,74,Medium_Green
3811h,272,Dark_Blue
3813,0,Black
3815,0,Black
3815,1,Blue
3815,2,Green
3815,4,Red
3815,5,Dark_Pink
3815,6,Brown
3815,7,Light_Gray
3815,8,Dark_Gray
3815,10,Bright_Green
3815,13,Pink
3815,14,Yellow
3815,15,White
3815,19,Tan
3815,22,Purple
3815,25,Orange
3815,27,Lime
3815,28,Dark_Tan
3815,30,Medium_Lavender
3815,69,Light_Purple
3815,70,Reddish_Brown
3815,71,Light_Bluish_Gray
3815,72,Dark_Bluish_Gray
3815,73,Medium_Blue
3815,85,Dark_Purple
3815,110,Violet
3815,191,Bright_Light_Orange
3815,212,Bright_Light_Blue
3815,272,Dark_Blue
3815,288,Dark_Green
3815,308,Dark_Brown
3815,320,Dark_Red
3815,321,Dark_Azure
3815,322,Medium_Azure
3815,330,Olive_Green
3815,335,Sand_Red
3815,373,Sand_Purple
3815,378,Sand_Green
3815,379,Sand_Blue
3815,462,Medium_Orange
3815,484,Dark_Orange
3816,0,Black
3816,1,Blue
3816,2,Green
3816,3,Dark_Turquoise
3816,4,Red
3816,5,Dark_Pink
3816,6,Brown
3816,7,Light_Gray
3816,8,Dark_Gray
3816,10,Bright_Green
3816,13,Pink
3816,14,Yellow
3816,15,White
3816,19,Tan
3816,22,Purple
3816,25,Orange
3816,26,Magenta
3816,27,Lime
3816,28,Dark_Tan
3816,29,Bright_Pink
3816,30,Medium_Lavender
3816,69,Light_Purple
3816,70,Reddish_Brown
3816,71,Light_Bluish_Gray
3816,72,Dark_Bluish_Gray
3816,73,Medium_Blue
3816,85,Dark_Purple
3816,110,Violet
3816,191,Bright_Light_Orange
3816,212,Bright_Light_Blue
3816,216,Rust
3816,226,Bright_Light_Yellow
3816,232,Sky_Blue
3816,272,Dark_Blue
3816,288,Dark_Green
3816,308,Dark_Brown
3816,320,Dark_Red
3816,321,Dark_Azure
3816,322,Medium_Azure
3816,323,Light_Aqua
3816,330,Olive_Green
3816,335,Sand_Red
3816,373,Sand_Purple
3816,378,Sand_Green
3816,379,Sand_Blue
3816,462,Medium_Orange
3816,484,Dark_Orange
3816b,0,Black
3816b,1,Blue
3816b,2,Green
3816b,3,Dark_Turquoise
3816b,4,Red
3816b,5,Dark_Pink
3816b,6,Brown
3816b,7,Light_Gray
3816b,8,Dark_Gray
3816b,10,Bright_Green
3816b,13,Pink
3816b,14,Yellow
3816b,15,White
3816b,19,Tan
3816b,22,Purple
3816b,25,Orange
3816b,26,Magenta
3816b,27,Lime
3816b,28,Dark_Tan
3816b,29,Bright_Pink
3816b,30,Medium_Lavender
3816b,69,Light_Purple
3816b,70,Reddish_Brown
3816b,71,Light_Bluish_Gray
3816b,72,Dark_Bluish_Gray
3816b,73,Medium_Blue
3816b,85,Dark_Purple
3816b,110,Violet
3816b,191,Bright_Light_Orange
3816b,212,Bright_Light_Blue
3816b,216,Rust
3816b,226,Bright_Light_Yellow
3816b,232,Sky_Blue
3816b,272,Dark_Blue
3816b,288,Dark_Green
3816b,308,Dark_Brown
3816b,320,Dark_Red
3816b,321,Dark_Azure
3816b,322,Medium_Azure
3816b,323,Light_Aqua
3816b,330,Olive_Green
3816b,335,Sand_Red
3816b,373,Sand_Purple
3816b,378,Sand_Green
3816b,379,Sand_Blue
3816b,462,Medium_Orange
3816b,484,Dark_Orange
3817,0,Black
3817,1,Blue
3817,2,Green
3817,3,Dark_Turquoise
3817,4,Red
3817,5,Dark_Pink
3817,6,Brown
3817,7,Light_Gray
3817,8,Dark_Gray
3817,10,Bright_Green
3817,13,Pink
3817,14,Yellow
3817,15,White
3817,19,Tan
3817,22,Purple
3817,25,Orange
3817,26,Magenta
3817,27,Lime
3817,28,Dark_Tan
3817,29,Bright_Pink
3817,30,Medium_Lavender
3817,69,Light_Purple
3817,70,Reddish_Brown
3817,71,Light_Bluish_Gray
3817,72,Dark_Bluish_Gray
3817,73,Medium_Blue
3817,85,Dark_Purple
3817,110,Violet
3817,191,Bright_Light_Orange
3817,212,Bright_Light_Blue
3817,216,Rust
3817,226,Bright_Light_Yellow
3817,232,Sky_Blue
3817,272,Dark_Blue
3817,288,Dark_Green
3817,308,Dark_Brown
3817,320,Dark_Red
3817,321,Dark_Azure
3817,322,Medium_Azure
3817,323,Light_Aqua
3817,330,Olive_Green
3817,335,Sand_Red
3817,373,Sand_Purple
3817,378,Sand_Green
3817,379,Sand_Blue
3817,462,Medium_Orange
3817,484,Dark_Orange
3818,0,Black
3818,1,Blue
3818,2,Green
3818,3,Dark_Turquoise
3818,4,Red
3818,5,Dark_Pink
3818,6,Brown
3818,7,Light_Gray
3818,8,Dark_Gray
3818,10,Bright_Green
3818,14,Yellow
3818,15,White
3818,19,Tan
3818,22,Purple
3818,25,Orange
3818,26,Magenta
3818,27,Lime
3818,28,Dark_Tan
3818,30,Medium_Lavender
3818,69,Light_Purple
3818,70,Reddish_Brown
3818,71,Light_Bluish_Gray
3818,72,Dark_Bluish_Gray
3818,73,Medium_Blue
3818,85,Dark_Purple
3818,110,Violet
3818,191,Bright_Light_Orange
3818,212,Bright_Light_Blue
3818,232,Sky_Blue
3818,272,Dark_Blue
3818,288,Dark_Green
3818,308,Dark_Brown
3818,320,Dark_Red
3818,321,Dark_Azure
3818,322,Medium_Azure
3818,330,Olive_Green
3818,335,Sand_Red
3818,351,Medium_Dark_Pink
3818,373,Sand_Purple
3818,378,Sand_Green
3818,379,Sand_Blue
3818,462,Medium_Orange
3818,484,Dark_Orange
3819,0,Black
3819,1,Blue
3819,2,Green
3819,3,Dark_Turquoise
3819,4,Red
3819,5,Dark_Pink
3819,6,Brown
3819,7,Light_Gray
3819,8,Dark_Gray
3819,10,Bright_Green
3819,14,Yellow
3819,15,White
3819,19,Tan
3819,22,Purple
3819,25,Orange
3819,26,Magenta
3819,27,Lime
3819,28,Dark_Tan
3819,30,Medium_Lavender
3819,69,Light_Purple
3819,70,Reddish_Brown
3819,71,Light_Bluish_Gray
3819,72,Dark_Bluish_Gray
3819,73,Medium_Blue
3819,85,Dark_Purple
3819,110,Violet
3819,191,Bright_Light_Orange
3819,212,Bright_Light_Blue
3819,232,Sky_Blue
3819,272,Dark_Blue
3819,288,Dark_Green
3819,308,Dark_Brown
3819,320,Dark_Red
3819,321,Dark_Azure
3819,322,Medium_Azure
3819,330,Olive_Green
3819,335,Sand_Red
3819,351,Medium_Dark_Pink
3819,373,Sand_Purple
3819,378,Sand_Green
3819,379,Sand_Blue
3819,462,Medium_Orange
3819,484,Dark_Orange
3820,0,Black
3820,1,Blue
3820,2,Green
3820,3,Dark_Turquoise
3820,4,Red
3820,5,Dark_Pink
3820,6,Brown
3820,7,Light_Gray
3820,8,Dark_Gray
3820,10,Bright_Green
3820,14,Yellow
3820,15,White
3820,19,Tan
3820,25,Orange
3820,26,Magenta
3820,27,Lime
3820,28,Dark_Tan
3820,29,Bright_Pink
3820,30,Medium_Lavender
3820,31,Lavender
3820,70,Reddish_Brown
3820,71,Light_Bluish_Gray
3820,72,Dark_Bluish_Gray
3820,73,Medium_Blue
3820,85,Dark_Purple
3820,191,Bright_Light_Orange
3820,212,Bright_Light_Blue
3820,226,Bright_Light_Yellow
3820,232,Sky_Blue
3820,272,Dark_Blue
3820,288,Dark_Green
3820,308,Dark_Brown
3820,320,Dark_Red
3820,321,Dark_Azure
3820,322,Medium_Azure
3820,323,Light_Aqua
3820,326,Yellowish_Green
3820,330,Olive_Green
3820,373,Sand_Purple
3820,378,Sand_Green
3820,379,Sand_Blue
3820,484,Dark_Orange
3821,0,Black
3821,1,Blue
3821,2,Green
3821,4,Red
3821,7,Light_Gray
3821,14,Yellow
3821,15,White
3821,19,Tan
3821,25,Orange
3821,27,Lime
3821,28,Dark_Tan
3821,70,Reddish_Brown
3821,71,Light_Bluish_Gray
3821,72,Dark_Bluish_Gray
3821,191,Bright_Light_Orange
3821,212,Bright_Light_Blue
3821,288,Dark_Green
3821,313,Maersk_Blue
3821,320,Dark_Red
3822,0,Black
3822,1,Blue
3822,2,Green
3822,4,Red
3822,7,Light_Gray
3822,14,Yellow
3822,15,White
3822,19,Tan
3822,25,Orange
3822,27,Lime
3822,28,Dark_Tan
3822,30,Medium_Lavender
3822,70,Reddish_Brown
3822,71,Light_Bluish_Gray
3822,72,Dark_Bluish_Gray
3822,191,Bright_Light_Orange
3822,212,Bright_Light_Blue
3822,272,Dark_Blue
3822,288,Dark_Green
3822,313,Maersk_Blue
3822,320,Dark_Red
3829c01,0,Black
3829c01,1,Blue
3829c01,4,Red
3829c01,7,Light_Gray
3829c01,14,Yellow
3829c01,15,White
3829c01,71,Light_Bluish_Gray
3830,0,Black
3830,1,Blue
3830,2,Green
3830,4,Red
3830,6,Brown
3830,7,Light_Gray
3830,8,Dark_Gray
3830,14,Yellow
3830,15,White
3830,18,Light_Yellow
3830,19,Tan
3830,20,Light_Violet
3830,22,Purple
3830,70,Reddish_Brown
3830,71,Light_Bluish_Gray
3830,72,Dark_Bluish_Gray
3830,288,Dark_Green
3830,320,Dark_Red
3830,321,Dark_Azure
3830,351,Medium_Dark_Pink
3830,378,Sand_Green
3831,0,Black
3831,1,Blue
3831,2,Green
3831,4,Red
3831,6,Brown
3831,7,Light_Gray
3831,8,Dark_Gray
3831,14,Yellow
3831,15,White
3831,18,Light_Yellow
3831,19,Tan
3831,20,Light_Violet
3831,22,Purple
3831,31,Lavender
3831,70,Reddish_Brown
3831,71,Light_Bluish_Gray
3831,72,Dark_Bluish_Gray
3831,288,Dark_Green
3831,320,Dark_Red
3831,321,Dark_Azure
3831,351,Medium_Dark_Pink
3831,378,Sand_Green
38317,0,Black
38317,1,Blue
38317,2,Green
38317,3,Dark_Turquoise
38317,4,Red
38317,15,White
38317,27,Lime
38317,30,Medium_Lavender
38317,71,Light_Bluish_Gray
38317,72,Dark_Bluish_Gray
38317,326,Yellowish_Green
38317,378,Sand_Green
38317,379,Sand_Blue
3832,0,Black
3832,1,Blue
3832,2,Green
3832,3,Dark_Turquoise
3832,4,Red
3832,6,Brown
3832,7,Light_Gray
3832,8,Dark_Gray
3832,10,Bright_Green
3832,14,Yellow
3832,15,White
3832,18,Light_Yellow
3832,19,Tan
3832,25,Orange
3832,26,Magenta
3832,27,Lime
3832,28,Dark_Tan
3832,29,Bright_Pink
3832,70,Reddish_Brown
3832,71,Light_Bluish_Gray
3832,72,Dark_Bluish_Gray
3832,73,Medium_Blue
3832,85,Dark_Purple
3832,191,Bright_Light_Orange
3832,288,Dark_Green
3832,320,Dark_Red
3832,323,Light_Aqua
3832,378,Sand_Green
3832,484,Dark_Orange
38320,0,Black
38320,15,White
38320,30,Medium_Lavender
383201,0,Black
383201,1,Blue
383201,2,Green
383201,3,Dark_Turquoise
383201,4,Red
383201,6,Brown
383201,7,Light_Gray
383201,8,Dark_Gray
383201,10,Bright_Green
383201,14,Yellow
383201,15,White
383201,18,Light_Yellow
383201,19,Tan
383201,25,Orange
383201,26,Magenta
383201,27,Lime
383201,28,Dark_Tan
383201,29,Bright_Pink
383201,70,Reddish_Brown
383201,71,Light_Bluish_Gray
383201,72,Dark_Bluish_Gray
383201,73,Medium_Blue
383201,85,Dark_Purple
383201,191,Bright_Light_Orange
383201,288,Dark_Green
383201,320,Dark_Red
383201,323,Light_Aqua
383201,378,Sand_Green
383201,484,Dark_Orange
3833,0,Black
3833,1,Blue
3833,4,Red
3833,14,Yellow
3833,15,White
3833,25,Orange
3833,272,Dark_Blue
3833,313,Maersk_Blue
38339,0,Black
3834,0,Black
3834,4,Red
3834,14,Yellow
3834,15,White
3834,19,Tan
3834,71,Light_Bluish_Gray
3834,320,Dark_Red
38340,0,Black
38340,4,Red
3835,0,Black
3835,7,Light_Gray
3835,71,Light_Bluish_Gray
3836,6,Brown
3836,70,Reddish_Brown
3837,0,Black
3837,1,Blue
3837,4,Red
3837,6,Brown
3837,8,Dark_Gray
3837,10,Bright_Green
3837,15,White
3837,27,Lime
3837,72,Dark_Bluish_Gray
3837,115,Medium_Lime
3838,0,Black
3838,1,Blue
3838,4,Red
3838,7,Light_Gray
3838,14,Yellow
3838,15,White
3839,0,Black
3839,1,Blue
3839,2,Green
3839,4,Red
3839,6,Brown
3839,7,Light_Gray
3839,8,Dark_Gray
3839,14,Yellow
3839,15,White
3839,19,Tan
3839,25,Orange
3839,27,Lime
3839,70,Reddish_Brown
3839,71,Light_Bluish_Gray
3839,72,Dark_Bluish_Gray
3839,73,Medium_Blue
3839,191,Bright_Light_Orange
3839,272,Dark_Blue
3839,320,Dark_Red
3839,335,Sand_Red
3839,379,Sand_Blue
3839a,0,Black
3839a,7,Light_Gray
3839a,15,White
3839b,0,Black
3839b,1,Blue
3839b,2,Green
3839b,4,Red
3839b,6,Brown
3839b,7,Light_Gray
3839b,8,Dark_Gray
3839b,14,Yellow
3839b,15,White
3839b,19,Tan
3839b,25,Orange
3839b,27,Lime
3839b,70,Reddish_Brown
3839b,71,Light_Bluish_Gray
3839b,72,Dark_Bluish_Gray
3839b,73,Medium_Blue
3839b,191,Bright_Light_Orange
3839b,272,Dark_Blue
3839b,320,Dark_Red
3839b,335,Sand_Red
3839b,379,Sand_Blue
3840,7,Light_Gray
3840,14,Yellow
3840,15,White
3840,25,Orange
3840,272,Dark_Blue
3841,0,Black
3841,8,Dark_Gray
3841,15,White
3841,72,Dark_Bluish_Gray
3841,326,Yellowish_Green
3842,4,Red
3842a,0,Black
3842a,1,Blue
3842a,4,Red
3842a,7,Light_Gray
3842a,14,Yellow
3842a,15,White
3842b,0,Black
3842b,1,Blue
3842b,4,Red
3842b,14,Yellow
3842b,15,White
3842c,1,Blue
3842c,4,Red
3842c,15,White
3843,0,Black
3843,4,Red
3843,7,Light_Gray
3843,15,White
3844,0,Black
3844,2,Green
3844,7,Light_Gray
3844,8,Dark_Gray
3844,15,White
3844,71,Light_Bluish_Gray
3844,320,Dark_Red
3844,378,Sand_Green
3846,0,Black
3846,1,Blue
3846,2,Green
3846,4,Red
3846,5,Dark_Pink
3846,6,Brown
3846,7,Light_Gray
3846,14,Yellow
3846,15,White
3846,27,Lime
3846,70,Reddish_Brown
3846,71,Light_Bluish_Gray
3846,72,Dark_Bluish_Gray
3846,151,Very_Light_Bluish_Gray
3846,191,Bright_Light_Orange
3846,320,Dark_Red
3846,379,Sand_Blue
3847,7,Light_Gray
3847,8,Dark_Gray
3848,0,Black
3848,2,Green
3848,6,Brown
3848,7,Light_Gray
3848,70,Reddish_Brown
3848,71,Light_Bluish_Gray
3848,72,Dark_Bluish_Gray
3849,0,Black
3849,1,Blue
3849,2,Green
3849,4,Red
3849,6,Brown
3849,7,Light_Gray
3849,8,Dark_Gray
3849,14,Yellow
3849,15,White
3849,19,Tan
3849,70,Reddish_Brown
3849,71,Light_Bluish_Gray
3849,72,Dark_Bluish_Gray
3850,70,Reddish_Brown
3852,6,Brown
3852b,0,Black
3852b,1,Blue
3852b,2,Green
3852b,4,Red
3852b,5,Dark_Pink
3852b,6,Brown
3852b,13,Pink
3852b,14,Yellow
3852b,15,White
3852b,19,Tan
3852b,29,Bright_Pink
3852b,74,Medium_Green
3852b,115,Medium_Lime
3852b,118,Aqua
3852b,191,Bright_Light_Orange
3852b,320,Dark_Red
3852b,322,Medium_Azure
3853,0,Black
3853,1,Blue
3853,2,Green
3853,4,Red
3853,6,Brown
3853,7,Light_Gray
3853,8,Dark_Gray
3853,14,Yellow
3853,15,White
3853,19,Tan
3853,70,Reddish_Brown
3853,71,Light_Bluish_Gray
3853,320,Dark_Red
3853,351,Medium_Dark_Pink
3854,0,Black
3854,1,Blue
3854,2,Green
3854,4,Red
3854,6,Brown
3854,7,Light_Gray
3854,8,Dark_Gray
3854,13,Pink
3854,14,Yellow
3854,15,White
3854,19,Tan
3854,71,Light_Bluish_Gray
3854,73,Medium_Blue
38547,0,Black
38547,25,Orange
38547,191,Bright_Light_Orange
3856,0,Black
3856,1,Blue
3856,2,Green
3856,4,Red
3856,6,Brown
3856,7,Light_Gray
3856,8,Dark_Gray
3856,13,Pink
3856,14,Yellow
3856,15,White
3856,19,Tan
3856,70,Reddish_Brown
3856,71,Light_Bluish_Gray
3856,484,Dark_Orange
3857,0,Black
3857,1,Blue
3857,2,Green
3857,4,Red
3857,6,Brown
3857,7,Light_Gray
3857,8,Dark_Gray
3857,10,Bright_Green
3857,14,Yellow
3857,15,White
3857,17,Light_Green
3857,19,Tan
3857,71,Light_Bluish_Gray
3857,72,Dark_Bluish_Gray
3857,212,Bright_Light_Blue
3857h,0,Black
3857h,1,Blue
3857h,2,Green
3857h,4,Red
3857h,6,Brown
3857h,7,Light_Gray
3857h,8,Dark_Gray
3857h,10,Bright_Green
3857h,14,Yellow
3857h,15,White
3857h,17,Light_Green
3857h,19,Tan
3857h,71,Light_Bluish_Gray
3857h,72,Dark_Bluish_Gray
3857h,212,Bright_Light_Blue
38583,0,Black
38583,2,Green
38583,15,White
38583,19,Tan
38583,71,Light_Bluish_Gray
38583,72,Dark_Bluish_Gray
38583,191,Bright_Light_Orange
38585,0,Black
38585,15,White
38585,19,Tan
38585,71,Light_Bluish_Gray
38585,484,Dark_Orange
386,0,Black
386,1,Blue
386,2,Green
386,4,Red
386,5,Dark_Pink
386,6,Brown
386,7,Light_Gray
386,8,Dark_Gray
386,14,Yellow
386,15,White
386,19,Tan
386,70,Reddish_Brown
386,71,Light_Bluish_Gray
386,72,Dark_Bluish_Gray
386,73,Medium_Blue
3863,0,Black
3863,29,Bright_Pink
3865,1,Blue
3865,2,Green
3865,7,Light_Gray
3865,8,Dark_Gray
3865,10,Bright_Green
3865,15,White
3865,17,Light_Green
3865,18,Light_Yellow
3865,19,Tan
3865,72,Dark_Bluish_Gray
3865h,1,Blue
3865h,2,Green
3865h,7,Light_Gray
3865h,8,Dark_Gray
3865h,10,Bright_Green
3865h,15,White
3865h,17,Light_Green
3865h,18,Light_Yellow
3865h,19,Tan
3865h,72,Dark_Bluish_Gray
3867,1,Blue
3867,2,Green
3867,6,Brown
3867,7,Light_Gray
3867,10,Bright_Green
3867,14,Yellow
3867,15,White
3867,17,Light_Green
3867,19,Tan
3867,25,Orange
3867,71,Light_Bluish_Gray
3867,72,Dark_Bluish_Gray
3867,74,Medium_Green
3867,212,Bright_Light_Blue
3867h,1,Blue
3867h,2,Green
3867h,6,Brown
3867h,7,Light_Gray
3867h,10,Bright_Green
3867h,14,Yellow
3867h,15,White
3867h,17,Light_Green
3867h,19,Tan
3867h,25,Orange
3867h,71,Light_Bluish_Gray
3867h,72,Dark_Bluish_Gray
3867h,74,Medium_Green
3867h,212,Bright_Light_Blue
387,0,Black
387,1,Blue
387,2,Green
387,3,Dark_Turquoise
387,4,Red
387,5,Dark_Pink
387,6,Brown
387,7,Light_Gray
387,8,Dark_Gray
387,14,Yellow
387,15,White
387,19,Tan
387,70,Reddish_Brown
387,71,Light_Bluish_Gray
387,72,Dark_Bluish_Gray
387,191,Bright_Light_Orange
387,212,Bright_Light_Blue
387,226,Bright_Light_Yellow
387,272,Dark_Blue
387,308,Dark_Brown
387,320,Dark_Red
387,322,Medium_Azure
387,323,Light_Aqua
3873,0,Black
3873,71,Light_Bluish_Gray
3876,8,Dark_Gray
3876,15,White
3878,0,Black
3878,2,Green
3878,30,Medium_Lavender
38799,0,Black
38799,14,Yellow
38799,15,White
38799,26,Magenta
38799,30,Medium_Lavender
38799,71,Light_Bluish_Gray
38799,321,Dark_Azure
38799,484,Dark_Orange
388,0,Black
388,1,Blue
388,2,Green
388,4,Red
388,14,Yellow
388,15,White
388,25,Orange
388,26,Magenta
388,27,Lime
388,70,Reddish_Brown
388,71,Light_Bluish_Gray
388,72,Dark_Bluish_Gray
388,85,Dark_Purple
388,191,Bright_Light_Orange
388,272,Dark_Blue
388,320,Dark_Red
38800,0,Black
38800,29,Bright_Pink
38800,70,Reddish_Brown
38800,71,Light_Bluish_Gray
38800,308,Dark_Brown
38800,320,Dark_Red
38801,330,Olive_Green
38801,378,Sand_Green
3884,28,Dark_Tan
3885,0,Black
3885,2,Green
3885,15,White
3885,71,Light_Bluish_Gray
3886,308,Dark_Brown
3888ac01,0,Black
3888ac01,1,Blue
3888ac01,4,Red
3888ac01,14,Yellow
3888ac02,0,Black
3894,0,Black
3894,1,Blue
3894,2,Green
3894,4,Red
3894,6,Brown
3894,7,Light_Gray
3894,8,Dark_Gray
3894,14,Yellow
3894,15,White
3894,19,Tan
3894,25,Orange
3894,71,Light_Bluish_Gray
3894,72,Dark_Bluish_Gray
3894,272,Dark_Blue
3894,378,Sand_Green
3895,0,Black
3895,1,Blue
3895,2,Green
3895,3,Dark_Turquoise
3895,4,Red
3895,7,Light_Gray
3895,8,Dark_Gray
3895,14,Yellow
3895,15,White
3895,19,Tan
3895,25,Orange
3895,27,Lime
3895,71,Light_Bluish_Gray
3895,72,Dark_Bluish_Gray
3895,191,Bright_Light_Orange
3895,272,Dark_Blue
3896,0,Black
3896,4,Red
3896,8,Dark_Gray
3896,71,Light_Bluish_Gray
3896,85,Dark_Purple
3898,15,White
3898,85,Dark_Purple
3898,125,Light_Orange
3899,0,Black
3899,1,Blue
3899,2,Green
3899,4,Red
3899,5,Dark_Pink
3899,6,Brown
3899,7,Light_Gray
3899,8,Dark_Gray
3899,10,Bright_Green
3899,13,Pink
3899,14,Yellow
3899,15,White
3899,19,Tan
3899,20,Light_Violet
3899,77,Light_Pink
3899,351,Medium_Dark_Pink
3900,0,Black
3900,1,Blue
3900,4,Red
3900,7,Light_Gray
3900,14,Yellow
3900,15,White
3900,19,Tan
3900,71,Light_Bluish_Gray
3901,0,Black
3901,6,Brown
3901,7,Light_Gray
3901,8,Dark_Gray
3901,15,White
3901,19,Tan
3901,28,Dark_Tan
3901,70,Reddish_Brown
3901,71,Light_Bluish_Gray
3901,72,Dark_Bluish_Gray
3901,308,Dark_Brown
3901,484,Dark_Orange
391,0,Black
391,1,Blue
391,15,White
3916,1,Blue
3916,4,Red
3916,14,Yellow
3917,0,Black
3917,14,Yellow
3917,15,White
39262,1,Blue
39262,10,Bright_Green
39262,14,Yellow
39262,15,White
39262,26,Magenta
39262,28,Dark_Tan
39262,29,Bright_Pink
39262,30,Medium_Lavender
39262,85,Dark_Purple
39262,89,Blue_Violet
39262,212,Bright_Light_Blue
39262,288,Dark_Green
39262,378,Sand_Green
3933,0,Black
3933,1,Blue
3933,4,Red
3933,6,Brown
3933,7,Light_Gray
3933,8,Dark_Gray
3933,14,Yellow
3933,15,White
3933,25,Orange
3933,71,Light_Bluish_Gray
3933,72,Dark_Bluish_Gray
3933,272,Dark_Blue
3933,320,Dark_Red
3933,379,Sand_Blue
3933,484,Dark_Orange
3934,0,Black
3934,1,Blue
3934,2,Green
3934,4,Red
3934,6,Brown
3934,7,Light_Gray
3934,8,Dark_Gray
3934,14,Yellow
3934,15,White
3934,19,Tan
3934,25,Orange
3934,71,Light_Bluish_Gray
3934,72,Dark_Bluish_Gray
3934,272,Dark_Blue
3934,288,Dark_Green
3934,320,Dark_Red
3934,379,Sand_Blue
3934,484,Dark_Orange
3935,0,Black
3935,1,Blue
3935,2,Green
3935,4,Red
3935,6,Brown
3935,7,Light_Gray
3935,8,Dark_Gray
3935,14,Yellow
3935,15,White
3935,19,Tan
3935,25,Orange
3935,71,Light_Bluish_Gray
3936,0,Black
3936,1,Blue
3936,2,Green
3936,4,Red
3936,6,Brown
3936,7,Light_Gray
3936,8,Dark_Gray
3936,14,Yellow
3936,15,White
3936,19,Tan
3936,25,Orange
3936,71,Light_Bluish_Gray
39369,0,Black
39369,3,Dark_Turquoise
39369,14,Yellow
39369,322,Medium_Azure
3937,0,Black
3937,1,Blue
3937,2,Green
3937,4,Red
3937,5,Dark_Pink
3937,6,Brown
3937,7,Light_Gray
3937,8,Dark_Gray
3937,14,Yellow
3937,15,White
3937,19,Tan
3937,25,Orange
3937,27,Lime
3937,70,Reddish_Brown
3937,71,Light_Bluish_Gray
3937,72,Dark_Bluish_Gray
3937,73,Medium_Blue
3937,85,Dark_Purple
3937,212,Bright_Light_Blue
3937,313,Maersk_Blue
3937,320,Dark_Red
3937,321,Dark_Azure
3937,322,Medium_Azure
3937,378,Sand_Green
3937,484,Dark_Orange
39370,322,Medium_Azure
3938,0,Black
3938,1,Blue
3938,2,Green
3938,4,Red
3938,6,Brown
3938,7,Light_Gray
3938,8,Dark_Gray
3938,14,Yellow
3938,15,White
3938,19,Tan
3938,25,Orange
3938,27,Lime
3938,70,Reddish_Brown
3938,71,Light_Bluish_Gray
3938,72,Dark_Bluish_Gray
3938,73,Medium_Blue
3938,226,Bright_Light_Yellow
3938,313,Maersk_Blue
3938,351,Medium_Dark_Pink
3938,378,Sand_Green
3939,0,Black
3939,1,Blue
3939,2,Green
3939,4,Red
3939,6,Brown
3939,7,Light_Gray
3939,8,Dark_Gray
3939,14,Yellow
3939,15,White
3939,19,Tan
3939,72,Dark_Bluish_Gray
3939,272,Dark_Blue
3939,378,Sand_Green
3940a,0,Black
3940a,7,Light_Gray
3940a,15,White
3941,0,Black
3941,1,Blue
3941,2,Green
3941,3,Dark_Turquoise
3941,4,Red
3941,5,Dark_Pink
3941,6,Brown
3941,7,Light_Gray
3941,8,Dark_Gray
3941,10,Bright_Green
3941,14,Yellow
3941,15,White
3941,19,Tan
3941,25,Orange
3941,26,Magenta
3941,27,Lime
3941,28,Dark_Tan
3941,29,Bright_Pink
3941,30,Medium_Lavender
3941,31,Lavender
3941,70,Reddish_Brown
3941,71,Light_Bluish_Gray
3941,72,Dark_Bluish_Gray
3941,73,Medium_Blue
3941,85,Dark_Purple
3941,212,Bright_Light_Blue
3941,226,Bright_Light_Yellow
3941,272,Dark_Blue
3941,288,Dark_Green
3941,308,Dark_Brown
3941,320,Dark_Red
3941,321,Dark_Azure
3941,322,Medium_Azure
3941,323,Light_Aqua
3941,326,Yellowish_Green
3941,378,Sand_Green
3941,379,Sand_Blue
3942a,0,Black
3942a,4,Red
3942a,7,Light_Gray
3942a,14,Yellow
3942a,15,White
3942b,0,Black
3942b,4,Red
3942b,7,Light_Gray
3942b,14,Yellow
3942b,15,White
3942c,0,Black
3942c,1,Blue
3942c,2,Green
3942c,3,Dark_Turquoise
3942c,4,Red
3942c,5,Dark_Pink
3942c,6,Brown
3942c,7,Light_Gray
3942c,8,Dark_Gray
3942c,10,Bright_Green
3942c,14,Yellow
3942c,15,White
3942c,18,Light_Yellow
3942c,19,Tan
3942c,22,Purple
3942c,25,Orange
3942c,26,Magenta
3942c,27,Lime
3942c,29,Bright_Pink
3942c,30,Medium_Lavender
3942c,70,Reddish_Brown
3942c,71,Light_Bluish_Gray
3942c,72,Dark_Bluish_Gray
3942c,85,Dark_Purple
3942c,191,Bright_Light_Orange
3942c,212,Bright_Light_Blue
3942c,226,Bright_Light_Yellow
3942c,272,Dark_Blue
3942c,288,Dark_Green
3942c,320,Dark_Red
3942c,321,Dark_Azure
3942c,322,Medium_Azure
3942c,323,Light_Aqua
3942c,378,Sand_Green
3942c,379,Sand_Blue
3943,0,Black
3943,1,Blue
3943,2,Green
3943,3,Dark_Turquoise
3943,4,Red
3943,5,Dark_Pink
3943,6,Brown
3943,7,Light_Gray
3943,8,Dark_Gray
3943,10,Bright_Green
3943,13,Pink
3943,14,Yellow
3943,15,White
3943,19,Tan
3943,25,Orange
3943,27,Lime
3943,71,Light_Bluish_Gray
3943,72,Dark_Bluish_Gray
3943,85,Dark_Purple
3943,191,Bright_Light_Orange
3943,212,Bright_Light_Blue
3943,272,Dark_Blue
3943,322,Medium_Azure
3943,378,Sand_Green
3943a,0,Black
3943a,7,Light_Gray
3943a,14,Yellow
3943a,15,White
3943b,0,Black
3943b,1,Blue
3943b,2,Green
3943b,3,Dark_Turquoise
3943b,4,Red
3943b,5,Dark_Pink
3943b,6,Brown
3943b,7,Light_Gray
3943b,8,Dark_Gray
3943b,10,Bright_Green
3943b,13,Pink
3943b,14,Yellow
3943b,15,White
3943b,19,Tan
3943b,25,Orange
3943b,27,Lime
3943b,71,Light_Bluish_Gray
3943b,72,Dark_Bluish_Gray
3943b,85,Dark_Purple
3943b,191,Bright_Light_Orange
3943b,212,Bright_Light_Blue
3943b,272,Dark_Blue
3943b,322,Medium_Azure
3943b,378,Sand_Green
3944,0,Black
3944,1,Blue
3944,2,Green
3944,3,Dark_Turquoise
3944,4,Red
3944,6,Brown
3944,7,Light_Gray
3944,8,Dark_Gray
3944,14,Yellow
3944,15,White
3944,18,Light_Yellow
3944,19,Tan
3944,25,Orange
3944,26,Magenta
3944,28,Dark_Tan
3944,70,Reddish_Brown
3944,71,Light_Bluish_Gray
3944,72,Dark_Bluish_Gray
3944,85,Dark_Purple
3944,191,Bright_Light_Orange
3944,308,Dark_Brown
3944,373,Sand_Purple
3944,378,Sand_Green
39444,0,Black
39444,4,Red
39444,272,Dark_Blue
3945,0,Black
3945,1,Blue
3945,2,Green
3945,4,Red
3945,6,Brown
3945,7,Light_Gray
3945,8,Dark_Gray
3945,14,Yellow
3945,15,White
3945,19,Tan
3945,25,Orange
3945,27,Lime
3945,70,Reddish_Brown
3945,71,Light_Bluish_Gray
3945,72,Dark_Bluish_Gray
3945,73,Medium_Blue
3945,191,Bright_Light_Orange
3945,272,Dark_Blue
3945,320,Dark_Red
3945,335,Sand_Red
3945,379,Sand_Blue
3946,0,Black
3946,1,Blue
3946,2,Green
3946,4,Red
3946,6,Brown
3946,7,Light_Gray
3946,8,Dark_Gray
3946,14,Yellow
3946,15,White
3946,19,Tan
3946,71,Light_Bluish_Gray
3946,72,Dark_Bluish_Gray
3947,7,Light_Gray
3949,0,Black
3949,1,Blue
3949,4,Red
3949,7,Light_Gray
3949,14,Yellow
3949,15,White
395,0,Black
395,1,Blue
395,4,Red
395,6,Brown
395,14,Yellow
395,15,White
395,19,Tan
395,70,Reddish_Brown
3950,0,Black
3950,1,Blue
3950,4,Red
3950,6,Brown
3950,7,Light_Gray
3950,8,Dark_Gray
3950,14,Yellow
3950,15,White
3950,19,Tan
3950,70,Reddish_Brown
3950,71,Light_Bluish_Gray
3950,72,Dark_Bluish_Gray
3950,272,Dark_Blue
3951,0,Black
3951,1,Blue
3951,2,Green
3951,4,Red
3951,6,Brown
3951,7,Light_Gray
3951,8,Dark_Gray
3951,14,Yellow
3951,15,White
3951,19,Tan
3951,72,Dark_Bluish_Gray
3951,272,Dark_Blue
3951,378,Sand_Green
3956,0,Black
3956,1,Blue
3956,2,Green
3956,4,Red
3956,6,Brown
3956,7,Light_Gray
3956,8,Dark_Gray
3956,14,Yellow
3956,15,White
3956,19,Tan
3956,70,Reddish_Brown
3956,71,Light_Bluish_Gray
3956,73,Medium_Blue
3956,85,Dark_Purple
3956,272,Dark_Blue
3956,308,Dark_Brown
3956,320,Dark_Red
3956,379,Sand_Blue
3957b,0,Black
3957b,1,Blue
3957b,4,Red
3957b,14,Yellow
3957b,15,White
3957b,19,Tan
3957b,70,Reddish_Brown
3957b,71,Light_Bluish_Gray
3957b,85,Dark_Purple
3957b,320,Dark_Red
3957b,484,Dark_Orange
3958,0,Black
3958,1,Blue
3958,2,Green
3958,3,Dark_Turquoise
3958,4,Red
3958,5,Dark_Pink
3958,6,Brown
3958,7,Light_Gray
3958,8,Dark_Gray
3958,10,Bright_Green
3958,14,Yellow
3958,15,White
3958,19,Tan
3958,25,Orange
3958,26,Magenta
3958,27,Lime
3958,28,Dark_Tan
3958,29,Bright_Pink
3958,30,Medium_Lavender
3958,31,Lavender
3958,70,Reddish_Brown
3958,71,Light_Bluish_Gray
3958,72,Dark_Bluish_Gray
3958,73,Medium_Blue
3958,85,Dark_Purple
3958,115,Medium_Lime
3958,118,Aqua
3958,191,Bright_Light_Orange
3958,212,Bright_Light_Blue
3958,226,Bright_Light_Yellow
3958,272,Dark_Blue
3958,288,Dark_Green
3958,308,Dark_Brown
3958,320,Dark_Red
3958,321,Dark_Azure
3958,322,Medium_Azure
3958,323,Light_Aqua
3958,330,Olive_Green
3958,378,Sand_Green
3958,462,Medium_Orange
3958,484,Dark_Orange
3959,0,Black
3959,1,Blue
3959,4,Red
3959,6,Brown
3959,7,Light_Gray
3959,8,Dark_Gray
3959,14,Yellow
3959,15,White
3959,19,Tan
3959,70,Reddish_Brown
3959,71,Light_Bluish_Gray
3959,72,Dark_Bluish_Gray
3959,272,Dark_Blue
396,0,Black
396,1,Blue
396,4,Red
396,6,Brown
396,7,Light_Gray
396,8,Dark_Gray
396,14,Yellow
396,15,White
396,19,Tan
396,26,Magenta
396,71,Light_Bluish_Gray
3960,0,Black
3960,1,Blue
3960,2,Green
3960,4,Red
3960,6,Brown
3960,7,Light_Gray
3960,8,Dark_Gray
3960,11,Light_Turquoise
3960,13,Pink
3960,14,Yellow
3960,15,White
3960,19,Tan
3960,25,Orange
3960,26,Magenta
3960,27,Lime
3960,28,Dark_Tan
3960,31,Lavender
3960,70,Reddish_Brown
3960,71,Light_Bluish_Gray
3960,72,Dark_Bluish_Gray
3960,77,Light_Pink
3960,85,Dark_Purple
3960,191,Bright_Light_Orange
3960,272,Dark_Blue
3960,288,Dark_Green
3960,320,Dark_Red
3960,322,Medium_Azure
3960,351,Medium_Dark_Pink
3960,378,Sand_Green
3960,379,Sand_Blue
3961,0,Black
3961,1,Blue
3961,2,Green
3961,3,Dark_Turquoise
3961,4,Red
3961,6,Brown
3961,7,Light_Gray
3961,8,Dark_Gray
3961,14,Yellow
3961,15,White
3961,18,Light_Yellow
3961,19,Tan
3961,25,Orange
3961,26,Magenta
3961,28,Dark_Tan
3961,70,Reddish_Brown
3961,71,Light_Bluish_Gray
3961,72,Dark_Bluish_Gray
3961,85,Dark_Purple
3961,191,Bright_Light_Orange
3961,308,Dark_Brown
3961,373,Sand_Purple
3961,378,Sand_Green
39611,3,Dark_Turquoise
39611,14,Yellow
39611,191,Bright_Light_Orange
39611,226,Bright_Light_Yellow
39611,326,Yellowish_Green
39613,0,Black
39613,4,Red
39613,5,Dark_Pink
39613,10,Bright_Green
39613,15,White
39613,19,Tan
39613,71,Light_Bluish_Gray
39613,89,Blue_Violet
39613,191,Bright_Light_Orange
39613,272,Dark_Blue
3962,0,Black
3962,2,Green
3962,8,Dark_Gray
3962,72,Dark_Bluish_Gray
3962,191,Bright_Light_Orange
3962a,0,Black
3962b,0,Black
3962b,2,Green
3962b,8,Dark_Gray
3962b,72,Dark_Bluish_Gray
3962b,191,Bright_Light_Orange
3963,0,Black
3963,1,Blue
3963,2,Green
3963,4,Red
3963,6,Brown
3963,7,Light_Gray
3963,8,Dark_Gray
3963,14,Yellow
3963,15,White
3963,19,Tan
3963,71,Light_Bluish_Gray
3963,72,Dark_Bluish_Gray
3968,15,White
3968,70,Reddish_Brown
3968,484,Dark_Orange
397,2,Green
39739,0,Black
39739,2,Green
39739,3,Dark_Turquoise
39739,4,Red
39739,5,Dark_Pink
39739,15,White
39739,19,Tan
39739,25,Orange
39739,28,Dark_Tan
39739,29,Bright_Pink
39739,484,Dark_Orange
39789,0,Black
39789,1,Blue
39789,2,Green
39789,3,Dark_Turquoise
39789,4,Red
39789,14,Yellow
39789,15,White
39789,26,Magenta
39789,27,Lime
39789,70,Reddish_Brown
39789,85,Dark_Purple
39789,212,Bright_Light_Blue
39789,272,Dark_Blue
39790,0,Black
39790,72,Dark_Bluish_Gray
39790,191,Bright_Light_Orange
39790,322,Medium_Azure
39793,0,Black
39793,1,Blue
39793,3,Dark_Turquoise
39793,4,Red
39793,14,Yellow
39793,15,White
39793,25,Orange
39793,26,Magenta
39793,72,Dark_Bluish_Gray
39793,272,Dark_Blue
39794,0,Black
39794,15,White
39794,26,Magenta
39794,27,Lime
39794,70,Reddish_Brown
39796,71,Light_Bluish_Gray
39796,484,Dark_Orange
39802,71,Light_Bluish_Gray
3986,0,Black
3987,484,Dark_Orange
39886,0,Black
39886,308,Dark_Brown
39888,19,Tan
39888,71,Light_Bluish_Gray
39893,0,Black
39893,14,Yellow
39893,71,Light_Bluish_Gray
39893,72,Dark_Bluish_Gray
3997,4,Red
3997,14,Yellow
3997,25,Orange
3998b,0,Black
3998b,4,Red
3998b,14,Yellow
3999,4,Red
4,1,Blue
4,4,Red
4,7,Light_Gray
4,14,Yellow
4,15,White
4,72,Dark_Bluish_Gray
40,0,Black
40,1,Blue
40,2,Green
40,4,Red
40,5,Dark_Pink
40,6,Brown
40,7,Light_Gray
40,8,Dark_Gray
40,14,Yellow
40,15,White
40,19,Tan
40,70,Reddish_Brown
40,71,Light_Bluish_Gray
40,72,Dark_Bluish_Gray
40,191,Bright_Light_Orange
40,272,Dark_Blue
40,320,Dark_Red
40,330,Olive_Green
4000,8,Dark_Gray
4000,14,Yellow
40001,8,Dark_Gray
40001,72,Dark_Bluish_Gray
4006,0,Black
4006,2,Green
4006,7,Light_Gray
4006,15,White
4006,71,Light_Bluish_Gray
4006,72,Dark_Bluish_Gray
40066,3,Dark_Turquoise
40066,4,Red
40066,14,Yellow
40066,15,White
40066,19,Tan
40066,26,Magenta
40066,29,Bright_Pink
40066,30,Medium_Lavender
40066,31,Lavender
40066,70,Reddish_Brown
40066,71,Light_Bluish_Gray
40066,212,Bright_Light_Blue
40066,226,Bright_Light_Yellow
40066,322,Medium_Azure
40066,323,Light_Aqua
40066,326,Yellowish_Green
40066,378,Sand_Green
40066,379,Sand_Blue
401,0,Black
401,1,Blue
401,2,Green
401,4,Red
401,6,Brown
401,7,Light_Gray
401,8,Dark_Gray
401,14,Yellow
401,15,White
401,19,Tan
401,71,Light_Bluish_Gray
4019,0,Black
4019,1,Blue
4019,2,Green
4019,3,Dark_Turquoise
4019,4,Red
4019,7,Light_Gray
4019,14,Yellow
4019,15,White
4019,19,Tan
4019,22,Purple
4019,71,Light_Bluish_Gray
401926,0,Black
401926,1,Blue
401926,2,Green
401926,3,Dark_Turquoise
401926,4,Red
401926,7,Light_Gray
401926,14,Yellow
401926,15,White
401926,19,Tan
401926,22,Purple
401926,71,Light_Bluish_Gray
4022,0,Black
4022,4,Red
4022,7,Light_Gray
4022,71,Light_Bluish_Gray
4023,0,Black
40232,0,Black
40232,6,Brown
40232,7,Light_Gray
40232,8,Dark_Gray
40232,15,White
40232,19,Tan
40232,70,Reddish_Brown
40232,71,Light_Bluish_Gray
40232,72,Dark_Bluish_Gray
40233,0,Black
40233,28,Dark_Tan
40233,71,Light_Bluish_Gray
40234,6,Brown
40234,7,Light_Gray
40234,8,Dark_Gray
40234,15,White
40234,70,Reddish_Brown
40234,71,Light_Bluish_Gray
40234,72,Dark_Bluish_Gray
40235,0,Black
40235,1,Blue
40235,2,Green
40235,4,Red
40235,15,White
40235,22,Purple
40235,28,Dark_Tan
40235,71,Light_Bluish_Gray
40235,72,Dark_Bluish_Gray
40235,85,Dark_Purple
40235,320,Dark_Red
40238,0,Black
40238,2,Green
40238,15,White
40238,70,Reddish_Brown
40238,71,Light_Bluish_Gray
40239,0,Black
40239,7,Light_Gray
40239,15,White
40239,19,Tan
40239,70,Reddish_Brown
40239,71,Light_Bluish_Gray
40239,72,Dark_Bluish_Gray
40239,308,Dark_Brown
40239,320,Dark_Red
40240,0,Black
40240,15,White
40240,19,Tan
40240,70,Reddish_Brown
40240,71,Light_Bluish_Gray
40240,308,Dark_Brown
40240,366,Earth_Orange
40240,484,Dark_Orange
40241,0,Black
40241,6,Brown
40241,15,White
40241,19,Tan
40241,70,Reddish_Brown
40241,71,Light_Bluish_Gray
40241,72,Dark_Bluish_Gray
40241,110,Violet
40241,320,Dark_Red
40242,0,Black
40242,7,Light_Gray
40242,15,White
40242,19,Tan
40242,70,Reddish_Brown
40242,71,Light_Bluish_Gray
40242,72,Dark_Bluish_Gray
40242,288,Dark_Green
40242,462,Medium_Orange
40243,3,Dark_Turquoise
40243,7,Light_Gray
40243,14,Yellow
40243,19,Tan
40243,26,Magenta
40243,28,Dark_Tan
40243,31,Lavender
40243,71,Light_Bluish_Gray
40243,72,Dark_Bluish_Gray
40243,85,Dark_Purple
40243,323,Light_Aqua
40243,378,Sand_Green
40244,0,Black
40244,4,Red
40244,8,Dark_Gray
40244,19,Tan
40244,72,Dark_Bluish_Gray
40244,308,Dark_Brown
40249,0,Black
40249,7,Light_Gray
40249,8,Dark_Gray
40249,19,Tan
40249,20,Light_Violet
40249,71,Light_Bluish_Gray
40249,72,Dark_Bluish_Gray
40251,0,Black
40251,6,Brown
40251,25,Orange
40251,70,Reddish_Brown
40251,484,Dark_Orange
40253,0,Black
40253,6,Brown
40253,8,Dark_Gray
40253,15,White
40253,19,Tan
40253,70,Reddish_Brown
40253,72,Dark_Bluish_Gray
40253,462,Medium_Orange
4032a,0,Black
4032a,1,Blue
4032a,2,Green
4032a,3,Dark_Turquoise
4032a,4,Red
4032a,5,Dark_Pink
4032a,6,Brown
4032a,7,Light_Gray
4032a,8,Dark_Gray
4032a,10,Bright_Green
4032a,14,Yellow
4032a,15,White
4032a,19,Tan
4032a,25,Orange
4032a,27,Lime
4032a,28,Dark_Tan
4032a,29,Bright_Pink
4032a,30,Medium_Lavender
4032a,70,Reddish_Brown
4032a,71,Light_Bluish_Gray
4032a,72,Dark_Bluish_Gray
4032a,73,Medium_Blue
4032a,85,Dark_Purple
4032a,191,Bright_Light_Orange
4032a,212,Bright_Light_Blue
4032a,226,Bright_Light_Yellow
4032a,272,Dark_Blue
4032a,288,Dark_Green
4032a,308,Dark_Brown
4032a,320,Dark_Red
4032a,321,Dark_Azure
4032a,322,Medium_Azure
4032a,330,Olive_Green
4032a,351,Medium_Dark_Pink
4032a,378,Sand_Green
4032a,379,Sand_Blue
4032a,484,Dark_Orange
4032b,0,Black
4032b,1,Blue
4032b,2,Green
4032b,4,Red
4032b,10,Bright_Green
4032b,14,Yellow
4032b,15,White
4032b,19,Tan
4032b,25,Orange
4032b,70,Reddish_Brown
4032b,71,Light_Bluish_Gray
4032b,72,Dark_Bluish_Gray
4033,0,Black
4033,1,Blue
4033,2,Green
4033,4,Red
4033,6,Brown
4033,7,Light_Gray
4033,8,Dark_Gray
4033,13,Pink
4033,14,Yellow
4033,15,White
40339,0,Black
40339,1,Blue
40339,8,Dark_Gray
40339,72,Dark_Bluish_Gray
40339,73,Medium_Blue
40340,0,Black
40340,6,Brown
40340,8,Dark_Gray
40341,2,Green
40341,115,Medium_Lime
40342,4,Red
40342,14,Yellow
4035,0,Black
4035,1,Blue
4035,2,Green
4035,4,Red
4035,6,Brown
4035,7,Light_Gray
4035,8,Dark_Gray
4035,14,Yellow
4035,15,White
4035,19,Tan
4035,71,Light_Bluish_Gray
4035,72,Dark_Bluish_Gray
4035,85,Dark_Purple
40373,0,Black
40373,7,Light_Gray
40373,8,Dark_Gray
40373,288,Dark_Green
40373,378,Sand_Green
40374,0,Black
40374,7,Light_Gray
40374,8,Dark_Gray
40374,288,Dark_Green
40374,378,Sand_Green
40375,0,Black
40375,7,Light_Gray
40375,8,Dark_Gray
40375,71,Light_Bluish_Gray
40375,72,Dark_Bluish_Gray
40375,288,Dark_Green
40375,378,Sand_Green
40375,379,Sand_Blue
40375,484,Dark_Orange
40378,0,Black
40378,2,Green
40378,4,Red
40378,5,Dark_Pink
40378,8,Dark_Gray
40378,14,Yellow
40378,15,White
40378,19,Tan
40378,27,Lime
40378,28,Dark_Tan
40378,70,Reddish_Brown
40378,272,Dark_Blue
40378,288,Dark_Green
40378,308,Dark_Brown
40378,320,Dark_Red
40378,330,Olive_Green
40378,378,Sand_Green
40378,379,Sand_Blue
40378,484,Dark_Orange
40379,0,Black
40379,1,Blue
40379,2,Green
40379,3,Dark_Turquoise
40379,4,Red
40379,8,Dark_Gray
40379,10,Bright_Green
40379,14,Yellow
40379,15,White
40379,19,Tan
40379,25,Orange
40379,27,Lime
40379,28,Dark_Tan
40379,30,Medium_Lavender
40379,70,Reddish_Brown
40379,71,Light_Bluish_Gray
40379,72,Dark_Bluish_Gray
40379,73,Medium_Blue
40379,85,Dark_Purple
40379,191,Bright_Light_Orange
40379,212,Bright_Light_Blue
40379,226,Bright_Light_Yellow
40379,272,Dark_Blue
40379,288,Dark_Green
40379,320,Dark_Red
40379,322,Medium_Azure
40379,330,Olive_Green
40379,378,Sand_Green
40379,379,Sand_Blue
40379,484,Dark_Orange
40385,0,Black
40385,8,Dark_Gray
40385,70,Reddish_Brown
40385,71,Light_Bluish_Gray
40385,378,Sand_Green
40385,484,Dark_Orange
40386,0,Black
40386,4,Red
40386,8,Dark_Gray
40386,71,Light_Bluish_Gray
40386,72,Dark_Bluish_Gray
40386,378,Sand_Green
40386,379,Sand_Blue
40395,0,Black
40395,4,Red
40395,8,Dark_Gray
40395,70,Reddish_Brown
40395,288,Dark_Green
40395,320,Dark_Red
40395,378,Sand_Green
40395,379,Sand_Blue
40396,7,Light_Gray
40396,8,Dark_Gray
40396,272,Dark_Blue
40396,378,Sand_Green
40396,379,Sand_Blue
40397,378,Sand_Green
404,0,Black
404,1,Blue
404,2,Green
404,4,Red
404,5,Dark_Pink
404,6,Brown
404,7,Light_Gray
404,8,Dark_Gray
404,14,Yellow
404,15,White
404,19,Tan
404,22,Purple
404,25,Orange
404,27,Lime
404,29,Bright_Pink
404,31,Lavender
404,70,Reddish_Brown
404,71,Light_Bluish_Gray
404,72,Dark_Bluish_Gray
404,73,Medium_Blue
404,85,Dark_Purple
404,191,Bright_Light_Orange
404,226,Bright_Light_Yellow
404,272,Dark_Blue
404,288,Dark_Green
404,308,Dark_Brown
404,320,Dark_Red
404,321,Dark_Azure
404,322,Medium_Azure
404,378,Sand_Green
404,379,Sand_Blue
404,462,Medium_Orange
4041,0,Black
4041,1,Blue
4041,4,Red
4041,15,White
4041,19,Tan
4041,29,Bright_Pink
4041,212,Bright_Light_Blue
4041,272,Dark_Blue
4041,484,Dark_Orange
4042,0,Black
4042,10,Bright_Green
4042,15,White
4042,70,Reddish_Brown
4042,378,Sand_Green
4045,0,Black
4045,1,Blue
4045,10,Bright_Green
4045,14,Yellow
4045,19,Tan
4045,25,Orange
4045,27,Lime
4045,30,Medium_Lavender
4045,85,Dark_Purple
4045,212,Bright_Light_Blue
4045,226,Bright_Light_Yellow
4045,308,Dark_Brown
4045,322,Medium_Azure
4045,326,Yellowish_Green
4045b,0,Black
4045b,1,Blue
4045b,10,Bright_Green
4045b,14,Yellow
4045b,19,Tan
4045b,25,Orange
4045b,27,Lime
4045b,30,Medium_Lavender
4045b,85,Dark_Purple
4045b,212,Bright_Light_Blue
4045b,226,Bright_Light_Yellow
4045b,308,Dark_Brown
4045b,322,Medium_Azure
4045b,326,Yellowish_Green
40490,0,Black
40490,1,Blue
40490,2,Green
40490,3,Dark_Turquoise
40490,4,Red
40490,7,Light_Gray
40490,8,Dark_Gray
40490,10,Bright_Green
40490,14,Yellow
40490,15,White
40490,19,Tan
40490,25,Orange
40490,27,Lime
40490,28,Dark_Tan
40490,71,Light_Bluish_Gray
40490,72,Dark_Bluish_Gray
40490,151,Very_Light_Bluish_Gray
40490,272,Dark_Blue
40490,320,Dark_Red
40490,321,Dark_Azure
40490,322,Medium_Azure
40490,378,Sand_Green
405,0,Black
405,1,Blue
405,2,Green
405,4,Red
405,6,Brown
405,14,Yellow
405,15,White
405,19,Tan
405,25,Orange
405,28,Dark_Tan
405,71,Light_Bluish_Gray
405,72,Dark_Bluish_Gray
405,85,Dark_Purple
405,191,Bright_Light_Orange
405,272,Dark_Blue
405,320,Dark_Red
405,322,Medium_Azure
405,378,Sand_Green
405,379,Sand_Blue
40507,0,Black
40507,1,Blue
40507,4,Red
40507,6,Brown
40507,8,Dark_Gray
40507,15,White
40507,19,Tan
40507,22,Purple
40507,25,Orange
40507,27,Lime
40507,73,Medium_Blue
40581,6,Brown
40581,19,Tan
40582,15,White
40582,73,Medium_Blue
40620,71,Light_Bluish_Gray
40666,0,Black
40666,1,Blue
40666,2,Green
40666,3,Dark_Turquoise
40666,4,Red
40666,8,Dark_Gray
40666,10,Bright_Green
40666,14,Yellow
40666,15,White
40666,18,Light_Yellow
40666,19,Tan
40666,25,Orange
40666,27,Lime
40666,31,Lavender
40666,70,Reddish_Brown
40666,71,Light_Bluish_Gray
40666,72,Dark_Bluish_Gray
40666,73,Medium_Blue
40666,74,Medium_Green
40666,85,Dark_Purple
40666,112,Medium_Violet
40666,115,Medium_Lime
40666,191,Bright_Light_Orange
40666,212,Bright_Light_Blue
40666,226,Bright_Light_Yellow
40666,272,Dark_Blue
40666,321,Dark_Azure
40666,322,Medium_Azure
40666,323,Light_Aqua
40666,462,Medium_Orange
40666,484,Dark_Orange
4066a,0,Black
4066a,1,Blue
4066a,2,Green
4066a,4,Red
4066a,5,Dark_Pink
4066a,10,Bright_Green
4066a,14,Yellow
4066a,15,White
4066a,17,Light_Green
4066a,18,Light_Yellow
4066a,19,Tan
4066a,25,Orange
4066a,26,Magenta
4066a,28,Dark_Tan
4066a,29,Bright_Pink
4066a,31,Lavender
4066a,70,Reddish_Brown
4066a,71,Light_Bluish_Gray
4066a,72,Dark_Bluish_Gray
4066a,73,Medium_Blue
4066a,74,Medium_Green
4066a,120,Light_Lime
4066a,151,Very_Light_Bluish_Gray
4066a,191,Bright_Light_Orange
4066a,212,Bright_Light_Blue
4066a,226,Bright_Light_Yellow
4066a,322,Medium_Azure
4066a,351,Medium_Dark_Pink
4066a,366,Earth_Orange
4066a,484,Dark_Orange
4066b,0,Black
4066b,1,Blue
4066b,2,Green
4066b,4,Red
4066b,5,Dark_Pink
4066b,10,Bright_Green
4066b,14,Yellow
4066b,15,White
4066b,17,Light_Green
4066b,18,Light_Yellow
4066b,19,Tan
4066b,25,Orange
4066b,26,Magenta
4066b,28,Dark_Tan
4066b,29,Bright_Pink
4066b,31,Lavender
4066b,70,Reddish_Brown
4066b,71,Light_Bluish_Gray
4066b,72,Dark_Bluish_Gray
4066b,73,Medium_Blue
4066b,74,Medium_Green
4066b,120,Light_Lime
4066b,151,Very_Light_Bluish_Gray
4066b,191,Bright_Light_Orange
4066b,212,Bright_Light_Blue
4066b,226,Bright_Light_Yellow
4066b,322,Medium_Azure
4066b,351,Medium_Dark_Pink
4066b,366,Earth_Orange
4066b,484,Dark_Orange
40687,19,Tan
40687,70,Reddish_Brown
40687,71,Light_Bluish_Gray
40687,72,Dark_Bluish_Gray
407,7,Light_Gray
4070,0,Black
4070,1,Blue
4070,2,Green
4070,3,Dark_Turquoise
4070,4,Red
4070,6,Brown
4070,7,Light_Gray
4070,8,Dark_Gray
4070,10,Bright_Green
4070,14,Yellow
4070,15,White
4070,19,Tan
4070,25,Orange
4070,26,Magenta
4070,27,Lime
4070,28,Dark_Tan
4070,29,Bright_Pink
4070,68,Very_Light_Orange
4070,70,Reddish_Brown
4070,71,Light_Bluish_Gray
4070,72,Dark_Bluish_Gray
4070,73,Medium_Blue
4070,191,Bright_Light_Orange
4070,212,Bright_Light_Blue
4070,272,Dark_Blue
4070,288,Dark_Green
4070,313,Maersk_Blue
4070,320,Dark_Red
4070,321,Dark_Azure
4070,322,Medium_Azure
4070,378,Sand_Green
4070,379,Sand_Blue
407026,0,Black
407026,1,Blue
407026,2,Green
407026,3,Dark_Turquoise
407026,4,Red
407026,6,Brown
407026,7,Light_Gray
407026,8,Dark_Gray
407026,10,Bright_Green
407026,14,Yellow
407026,15,White
407026,19,Tan
407026,25,Orange
407026,26,Magenta
407026,27,Lime
407026,28,Dark_Tan
407026,29,Bright_Pink
407026,68,Very_Light_Orange
407026,70,Reddish_Brown
407026,71,Light_Bluish_Gray
407026,72,Dark_Bluish_Gray
407026,73,Medium_Blue
407026,191,Bright_Light_Orange
407026,212,Bright_Light_Blue
407026,272,Dark_Blue
407026,288,Dark_Green
407026,313,Maersk_Blue
407026,320,Dark_Red
407026,321,Dark_Azure
407026,322,Medium_Azure
407026,378,Sand_Green
407026,379,Sand_Blue
4071,0,Black
4071,1,Blue
4071,2,Green
4071,4,Red
4071,6,Brown
4071,7,Light_Gray
4071,8,Dark_Gray
4071,14,Yellow
4071,15,White
4071,19,Tan
4072,1,Blue
4072,4,Red
4072,14,Yellow
4079,0,Black
4079,1,Blue
4079,2,Green
4079,3,Dark_Turquoise
4079,4,Red
4079,6,Brown
4079,7,Light_Gray
4079,8,Dark_Gray
4079,13,Pink
4079,14,Yellow
4079,15,White
4079,19,Tan
4079,27,Lime
4079,70,Reddish_Brown
4079,71,Light_Bluish_Gray
4079,72,Dark_Bluish_Gray
4079,77,Light_Pink
4079,272,Dark_Blue
4079,288,Dark_Green
4079,320,Dark_Red
4079,351,Medium_Dark_Pink
4079,379,Sand_Blue
4079,484,Dark_Orange
407924,0,Black
407924,1,Blue
407924,2,Green
407924,3,Dark_Turquoise
407924,4,Red
407924,6,Brown
407924,7,Light_Gray
407924,8,Dark_Gray
407924,13,Pink
407924,14,Yellow
407924,15,White
407924,19,Tan
407924,27,Lime
407924,70,Reddish_Brown
407924,71,Light_Bluish_Gray
407924,72,Dark_Bluish_Gray
407924,77,Light_Pink
407924,272,Dark_Blue
407924,288,Dark_Green
407924,320,Dark_Red
407924,351,Medium_Dark_Pink
407924,379,Sand_Blue
407924,484,Dark_Orange
4079b,0,Black
4079b,1,Blue
4079b,2,Green
4079b,4,Red
4079b,6,Brown
4079b,14,Yellow
4079b,15,White
4079b,19,Tan
4079b,27,Lime
4079b,70,Reddish_Brown
4079b,71,Light_Bluish_Gray
4079b,72,Dark_Bluish_Gray
4079b,272,Dark_Blue
4079b,288,Dark_Green
4079b,320,Dark_Red
4079b,379,Sand_Blue
4079b,484,Dark_Orange
408,7,Light_Gray
4080,2,Green
4080,4,Red
4080,7,Light_Gray
4080,14,Yellow
4080,25,Orange
4080,27,Lime
4080,71,Light_Bluish_Gray
4080,379,Sand_Blue
4081,0,Black
4081,1,Blue
4081,2,Green
4081,4,Red
4081,6,Brown
4081,7,Light_Gray
4081,8,Dark_Gray
4081,14,Yellow
4081,15,White
4081,19,Tan
4081,25,Orange
4081,26,Magenta
4081,27,Lime
4081,70,Reddish_Brown
4081,71,Light_Bluish_Gray
4081,72,Dark_Bluish_Gray
4081,73,Medium_Blue
4081,272,Dark_Blue
4081,320,Dark_Red
4081,321,Dark_Azure
4081,322,Medium_Azure
4081,378,Sand_Green
408126,0,Black
408126,1,Blue
408126,2,Green
408126,4,Red
408126,6,Brown
408126,7,Light_Gray
408126,8,Dark_Gray
408126,14,Yellow
408126,15,White
408126,19,Tan
408126,25,Orange
408126,26,Magenta
408126,27,Lime
408126,70,Reddish_Brown
408126,71,Light_Bluish_Gray
408126,72,Dark_Bluish_Gray
408126,73,Medium_Blue
408126,272,Dark_Blue
408126,320,Dark_Red
408126,321,Dark_Azure
408126,322,Medium_Azure
408126,378,Sand_Green
4081a,0,Black
4081a,1,Blue
4081a,4,Red
4081a,7,Light_Gray
4081a,14,Yellow
4081a,15,White
4081b,0,Black
4081b,1,Blue
4081b,2,Green
4081b,4,Red
4081b,6,Brown
4081b,7,Light_Gray
4081b,8,Dark_Gray
4081b,14,Yellow
4081b,15,White
4081b,19,Tan
4081b,25,Orange
4081b,26,Magenta
4081b,27,Lime
4081b,70,Reddish_Brown
4081b,71,Light_Bluish_Gray
4081b,72,Dark_Bluish_Gray
4081b,73,Medium_Blue
4081b,272,Dark_Blue
4081b,320,Dark_Red
4081b,321,Dark_Azure
4081b,322,Medium_Azure
4081b,378,Sand_Green
4082,4,Red
4082,14,Yellow
4083,0,Black
4083,1,Blue
4083,2,Green
4083,4,Red
4083,6,Brown
4083,7,Light_Gray
4083,8,Dark_Gray
4083,14,Yellow
4083,15,White
4083,19,Tan
4083,25,Orange
4083,70,Reddish_Brown
4083,71,Light_Bluish_Gray
4083,72,Dark_Bluish_Gray
4083,320,Dark_Red
4083,351,Medium_Dark_Pink
4084,0,Black
4085,0,Black
4085,1,Blue
4085,2,Green
4085,4,Red
4085,6,Brown
4085,7,Light_Gray
4085,8,Dark_Gray
4085,14,Yellow
4085,15,White
4085,19,Tan
4085,25,Orange
4085,70,Reddish_Brown
4085,71,Light_Bluish_Gray
4085,72,Dark_Bluish_Gray
4085,115,Medium_Lime
408523,0,Black
408523,1,Blue
408523,2,Green
408523,4,Red
408523,6,Brown
408523,7,Light_Gray
408523,8,Dark_Gray
408523,14,Yellow
408523,15,White
408523,19,Tan
408523,25,Orange
408523,70,Reddish_Brown
408523,71,Light_Bluish_Gray
408523,72,Dark_Bluish_Gray
408523,115,Medium_Lime
408526,0,Black
408526,1,Blue
408526,2,Green
408526,4,Red
408526,6,Brown
408526,7,Light_Gray
408526,8,Dark_Gray
408526,14,Yellow
408526,15,White
408526,19,Tan
408526,25,Orange
408526,70,Reddish_Brown
408526,71,Light_Bluish_Gray
408526,72,Dark_Bluish_Gray
408526,115,Medium_Lime
4085a,0,Black
4085a,1,Blue
4085a,4,Red
4085a,7,Light_Gray
4085a,14,Yellow
4085a,15,White
4085b,0,Black
4085b,1,Blue
4085b,4,Red
4085b,7,Light_Gray
4085b,14,Yellow
4085b,15,White
4085b,19,Tan
4085b,25,Orange
4085b,71,Light_Bluish_Gray
4085b,72,Dark_Bluish_Gray
4085b,73,Medium_Blue
4085c,0,Black
4085c,1,Blue
4085c,2,Green
4085c,4,Red
4085c,6,Brown
4085c,7,Light_Gray
4085c,8,Dark_Gray
4085c,14,Yellow
4085c,15,White
4085c,19,Tan
4085c,25,Orange
4085c,70,Reddish_Brown
4085c,71,Light_Bluish_Gray
4085c,72,Dark_Bluish_Gray
4085c,115,Medium_Lime
4086,1,Blue
4086,4,Red
4086,14,Yellow
4088,0,Black
4088,1,Blue
4088,2,Green
4088,4,Red
4088,6,Brown
4088,7,Light_Gray
4088,8,Dark_Gray
4088,10,Bright_Green
4088,14,Yellow
4088,15,White
4088,19,Tan
4088,22,Purple
4088,26,Magenta
4088,71,Light_Bluish_Gray
4088,74,Medium_Green
4088,379,Sand_Blue
4089,0,Black
4089,7,Light_Gray
40902,0,Black
40902,8,Dark_Gray
40902,15,White
40902,71,Light_Bluish_Gray
40902,72,Dark_Bluish_Gray
4092,0,Black
4092,4,Red
4092a,0,Black
4092a,4,Red
4092b,0,Black
4092b,4,Red
4092b,14,Yellow
4092b,28,Dark_Tan
4093a,0,Black
4093a,4,Red
4093a,7,Light_Gray
4093a,8,Dark_Gray
4093a,14,Yellow
4093a,72,Dark_Bluish_Gray
4093b,0,Black
4093c,7,Light_Gray
40942,8,Dark_Gray
4094a,4,Red
4094a,14,Yellow
4094b,0,Black
4094b,1,Blue
4094b,2,Green
4094b,4,Red
4094b,6,Brown
4094b,7,Light_Gray
4094b,8,Dark_Gray
4094b,14,Yellow
4094b,15,White
4094b,18,Light_Yellow
4094b,19,Tan
4094b,27,Lime
4094b,77,Light_Pink
4094b,115,Medium_Lime
4094b,226,Bright_Light_Yellow
4094b,272,Dark_Blue
4094b,351,Medium_Dark_Pink
4095,0,Black
4095,1,Blue
4095,2,Green
4095,3,Dark_Turquoise
4095,4,Red
4095,6,Brown
4095,7,Light_Gray
4095,8,Dark_Gray
4095,12,Salmon
4095,13,Pink
4095,14,Yellow
4095,15,White
4095,19,Tan
4095,70,Reddish_Brown
4095,71,Light_Bluish_Gray
4095,72,Dark_Bluish_Gray
4095,320,Dark_Red
4095,484,Dark_Orange
40996,1,Blue
40996,4,Red
40996,15,White
40996,25,Orange
40996,27,Lime
4100545,14,Yellow
4107767,0,Black
4107767,1,Blue
4107767,2,Green
4107767,4,Red
4107767,7,Light_Gray
4107767,8,Dark_Gray
4107767,10,Bright_Green
4107767,14,Yellow
4107767,15,White
4107767,19,Tan
4107767,25,Orange
4107767,27,Lime
4107767,71,Light_Bluish_Gray
4107767,72,Dark_Bluish_Gray
4107767,484,Dark_Orange
4109810,0,Black
4109810,4,Red
4109810,7,Light_Gray
4109810,15,White
4113299,0,Black
4113299,1,Blue
4113299,4,Red
4113299,14,Yellow
4113299,15,White
4113299,22,Purple
4113299,73,Medium_Blue
4113993,0,Black
4113993,1,Blue
4113993,2,Green
4113993,3,Dark_Turquoise
4113993,4,Red
4113993,5,Dark_Pink
4113993,6,Brown
4113993,7,Light_Gray
4113993,8,Dark_Gray
4113993,10,Bright_Green
4113993,14,Yellow
4113993,15,White
4113993,19,Tan
4113993,22,Purple
4113993,25,Orange
4113993,26,Magenta
4113993,27,Lime
4113993,28,Dark_Tan
4113993,29,Bright_Pink
4113993,30,Medium_Lavender
4113993,31,Lavender
4113993,69,Light_Purple
4113993,70,Reddish_Brown
4113993,71,Light_Bluish_Gray
4113993,72,Dark_Bluish_Gray
4113993,73,Medium_Blue
4113993,85,Dark_Purple
4113993,89,Blue_Violet
4113993,110,Violet
4113993,118,Aqua
4113993,191,Bright_Light_Orange
4113993,212,Bright_Light_Blue
4113993,226,Bright_Light_Yellow
4113993,272,Dark_Blue
4113993,288,Dark_Green
4113993,308,Dark_Brown
4113993,313,Maersk_Blue
4113993,320,Dark_Red
4113993,321,Dark_Azure
4113993,322,Medium_Azure
4113993,323,Light_Aqua
4113993,326,Yellowish_Green
4113993,335,Sand_Red
4113993,378,Sand_Green
4113993,379,Sand_Blue
4113993,462,Medium_Orange
4113993,484,Dark_Orange
4114324,0,Black
4114324,1,Blue
4114324,2,Green
4114324,3,Dark_Turquoise
4114324,4,Red
4114324,5,Dark_Pink
4114324,6,Brown
4114324,7,Light_Gray
4114324,8,Dark_Gray
4114324,10,Bright_Green
4114324,14,Yellow
4114324,15,White
4114324,19,Tan
4114324,25,Orange
4114324,26,Magenta
4114324,27,Lime
4114324,28,Dark_Tan
4114324,29,Bright_Pink
4114324,30,Medium_Lavender
4114324,31,Lavender
4114324,70,Reddish_Brown
4114324,71,Light_Bluish_Gray
4114324,72,Dark_Bluish_Gray
4114324,73,Medium_Blue
4114324,118,Aqua
4114324,191,Bright_Light_Orange
4114324,212,Bright_Light_Blue
4114324,226,Bright_Light_Yellow
4114324,232,Sky_Blue
4114324,272,Dark_Blue
4114324,288,Dark_Green
4114324,308,Dark_Brown
4114324,313,Maersk_Blue
4114324,320,Dark_Red
4114324,321,Dark_Azure
4114324,322,Medium_Azure
4114324,323,Light_Aqua
4114324,330,Olive_Green
4114324,378,Sand_Green
4114324,484,Dark_Orange
4118782,0,Black
4118782,1,Blue
4118782,2,Green
4118782,3,Dark_Turquoise
4118782,4,Red
4118782,5,Dark_Pink
4118782,6,Brown
4118782,7,Light_Gray
4118782,8,Dark_Gray
4118782,10,Bright_Green
4118782,13,Pink
4118782,14,Yellow
4118782,15,White
4118782,18,Light_Yellow
4118782,19,Tan
4118782,22,Purple
4118782,23,Dark_Blue_Violet
4118782,25,Orange
4118782,26,Magenta
4118782,27,Lime
4118782,28,Dark_Tan
4118782,29,Bright_Pink
4118782,30,Medium_Lavender
4118782,31,Lavender
4118782,68,Very_Light_Orange
4118782,70,Reddish_Brown
4118782,71,Light_Bluish_Gray
4118782,72,Dark_Bluish_Gray
4118782,73,Medium_Blue
4118782,85,Dark_Purple
4118782,89,Blue_Violet
4118782,151,Very_Light_Bluish_Gray
4118782,191,Bright_Light_Orange
4118782,212,Bright_Light_Blue
4118782,226,Bright_Light_Yellow
4118782,232,Sky_Blue
4118782,272,Dark_Blue
4118782,288,Dark_Green
4118782,308,Dark_Brown
4118782,313,Maersk_Blue
4118782,320,Dark_Red
4118782,321,Dark_Azure
4118782,322,Medium_Azure
4118782,323,Light_Aqua
4118782,326,Yellowish_Green
4118782,330,Olive_Green
4118782,351,Medium_Dark_Pink
4118782,378,Sand_Green
4118782,379,Sand_Blue
4118782,462,Medium_Orange
4118782,484,Dark_Orange
4119350,0,Black
4119350,1,Blue
4119350,2,Green
4119350,3,Dark_Turquoise
4119350,4,Red
4119350,5,Dark_Pink
4119350,6,Brown
4119350,7,Light_Gray
4119350,8,Dark_Gray
4119350,10,Bright_Green
4119350,13,Pink
4119350,14,Yellow
4119350,15,White
4119350,18,Light_Yellow
4119350,19,Tan
4119350,22,Purple
4119350,25,Orange
4119350,26,Magenta
4119350,27,Lime
4119350,28,Dark_Tan
4119350,29,Bright_Pink
4119350,30,Medium_Lavender
4119350,31,Lavender
4119350,68,Very_Light_Orange
4119350,70,Reddish_Brown
4119350,71,Light_Bluish_Gray
4119350,72,Dark_Bluish_Gray
4119350,73,Medium_Blue
4119350,74,Medium_Green
4119350,85,Dark_Purple
4119350,118,Aqua
4119350,125,Light_Orange
4119350,151,Very_Light_Bluish_Gray
4119350,191,Bright_Light_Orange
4119350,212,Bright_Light_Blue
4119350,226,Bright_Light_Yellow
4119350,272,Dark_Blue
4119350,288,Dark_Green
4119350,308,Dark_Brown
4119350,313,Maersk_Blue
4119350,320,Dark_Red
4119350,321,Dark_Azure
4119350,322,Medium_Azure
4119350,323,Light_Aqua
4119350,326,Yellowish_Green
4119350,330,Olive_Green
4119350,351,Medium_Dark_Pink
4119350,378,Sand_Green
4119350,379,Sand_Blue
4119350,462,Medium_Orange
4119350,484,Dark_Orange
4119479,0,Black
4119479,2,Green
4119479,10,Bright_Green
4119479,15,White
4119479,19,Tan
4119479,27,Lime
4119479,70,Reddish_Brown
4119479,191,Bright_Light_Orange
4119479,320,Dark_Red
412,8,Dark_Gray
4121,1,Blue
4121,4,Red
4121,14,Yellow
4121,15,White
4121,17,Light_Green
4121,77,Light_Pink
4121715,0,Black
4121715,7,Light_Gray
4121921,0,Black
4121921,1,Blue
4121921,2,Green
4121921,3,Dark_Turquoise
4121921,4,Red
4121921,5,Dark_Pink
4121921,6,Brown
4121921,7,Light_Gray
4121921,8,Dark_Gray
4121921,10,Bright_Green
4121921,13,Pink
4121921,14,Yellow
4121921,15,White
4121921,18,Light_Yellow
4121921,19,Tan
4121921,22,Purple
4121921,25,Orange
4121921,26,Magenta
4121921,27,Lime
4121921,28,Dark_Tan
4121921,29,Bright_Pink
4121921,30,Medium_Lavender
4121921,31,Lavender
4121921,68,Very_Light_Orange
4121921,70,Reddish_Brown
4121921,71,Light_Bluish_Gray
4121921,72,Dark_Bluish_Gray
4121921,73,Medium_Blue
4121921,77,Light_Pink
4121921,85,Dark_Purple
4121921,89,Blue_Violet
4121921,125,Light_Orange
4121921,151,Very_Light_Bluish_Gray
4121921,191,Bright_Light_Orange
4121921,212,Bright_Light_Blue
4121921,226,Bright_Light_Yellow
4121921,272,Dark_Blue
4121921,288,Dark_Green
4121921,308,Dark_Brown
4121921,313,Maersk_Blue
4121921,320,Dark_Red
4121921,321,Dark_Azure
4121921,322,Medium_Azure
4121921,323,Light_Aqua
4121921,326,Yellowish_Green
4121921,330,Olive_Green
4121921,351,Medium_Dark_Pink
4121921,378,Sand_Green
4121921,379,Sand_Blue
4121921,462,Medium_Orange
4121921,484,Dark_Orange
41239,0,Black
41239,1,Blue
41239,2,Green
41239,4,Red
41239,8,Dark_Gray
41239,10,Bright_Green
41239,14,Yellow
41239,15,White
41239,25,Orange
41239,27,Lime
41239,28,Dark_Tan
41239,71,Light_Bluish_Gray
41239,72,Dark_Bluish_Gray
41239,73,Medium_Blue
41239,151,Very_Light_Bluish_Gray
41239,272,Dark_Blue
41239,321,Dark_Azure
41239,322,Medium_Azure
41239,330,Olive_Green
4124174,0,Black
4124174,1,Blue
4124174,2,Green
4124174,4,Red
4124174,6,Brown
4124174,7,Light_Gray
4124174,8,Dark_Gray
4124174,14,Yellow
4124174,15,White
4124174,19,Tan
4124174,25,Orange
4124174,27,Lime
4124174,70,Reddish_Brown
4124174,71,Light_Bluish_Gray
4124174,72,Dark_Bluish_Gray
4124174,85,Dark_Purple
4124174,320,Dark_Red
4124456,0,Black
4124456,1,Blue
4124456,2,Green
4124456,3,Dark_Turquoise
4124456,4,Red
4124456,6,Brown
4124456,7,Light_Gray
4124456,8,Dark_Gray
4124456,14,Yellow
4124456,15,White
4124456,19,Tan
4124456,22,Purple
4124456,25,Orange
4124456,27,Lime
4124456,70,Reddish_Brown
4124456,71,Light_Bluish_Gray
4124456,72,Dark_Bluish_Gray
4124456,73,Medium_Blue
4124456,85,Dark_Purple
4124456,191,Bright_Light_Orange
4124456,272,Dark_Blue
4124456,288,Dark_Green
4124456,320,Dark_Red
4124456,321,Dark_Azure
4124456,330,Olive_Green
4124456,335,Sand_Red
4124456,378,Sand_Green
4124456,379,Sand_Blue
4124456,484,Dark_Orange
4125254,0,Black
4125254,1,Blue
4125254,2,Green
4125254,3,Dark_Turquoise
4125254,4,Red
4125254,6,Brown
4125254,7,Light_Gray
4125254,8,Dark_Gray
4125254,14,Yellow
4125254,15,White
4125254,19,Tan
4125254,22,Purple
4125254,25,Orange
4125254,27,Lime
4125254,70,Reddish_Brown
4125254,71,Light_Bluish_Gray
4125254,72,Dark_Bluish_Gray
4125254,73,Medium_Blue
4125254,85,Dark_Purple
4125254,191,Bright_Light_Orange
4125254,272,Dark_Blue
4125254,288,Dark_Green
4125254,320,Dark_Red
4125254,321,Dark_Azure
4125254,330,Olive_Green
4125254,335,Sand_Red
4125254,378,Sand_Green
4125254,379,Sand_Blue
4125254,484,Dark_Orange
4130,4,Red
4130,14,Yellow
4130,15,White
4130,77,Light_Pink
4131,0,Black
4131,4,Red
4131,14,Yellow
4131,15,White
4132,0,Black
4132,1,Blue
4132,2,Green
4132,4,Red
4132,6,Brown
4132,7,Light_Gray
4132,8,Dark_Gray
4132,14,Yellow
4132,15,White
4132,19,Tan
4132,77,Light_Pink
4133,0,Black
4133,1,Blue
4133,2,Green
4133,4,Red
4133,6,Brown
4133,7,Light_Gray
4133,8,Dark_Gray
4133,14,Yellow
4133,15,White
4133,19,Tan
4133,72,Dark_Bluish_Gray
41334,0,Black
41334,2,Green
41334,4,Red
41334,8,Dark_Gray
41334,30,Medium_Lavender
41334,72,Dark_Bluish_Gray
41334,272,Dark_Blue
41334,320,Dark_Red
41334,484,Dark_Orange
41357,0,Black
41357,7,Light_Gray
41357,8,Dark_Gray
41357,19,Tan
41357,20,Light_Violet
41357,71,Light_Bluish_Gray
41357,72,Dark_Bluish_Gray
4140801,0,Black
4140801,1,Blue
4140801,2,Green
4140801,3,Dark_Turquoise
4140801,4,Red
4140801,7,Light_Gray
4140801,8,Dark_Gray
4140801,14,Yellow
4140801,15,White
4140801,22,Purple
4140801,25,Orange
4140801,27,Lime
4140801,71,Light_Bluish_Gray
4140801,72,Dark_Bluish_Gray
4140801,73,Medium_Blue
41413,25,Orange
4143,7,Light_Gray
4143,19,Tan
4143005,1,Blue
4143005,7,Light_Gray
4143005,15,White
4143005,71,Light_Bluish_Gray
41475-f1,14,Yellow
415,0,Black
415,1,Blue
415,4,Red
415,14,Yellow
4150,0,Black
4150,1,Blue
4150,2,Green
4150,4,Red
4150,6,Brown
4150,7,Light_Gray
4150,8,Dark_Gray
4150,14,Yellow
4150,15,White
4150,19,Tan
4150,25,Orange
4150,27,Lime
4150,28,Dark_Tan
4150,29,Bright_Pink
4150,30,Medium_Lavender
4150,70,Reddish_Brown
4150,71,Light_Bluish_Gray
4150,72,Dark_Bluish_Gray
4150,85,Dark_Purple
4150,118,Aqua
4150,125,Light_Orange
4150,191,Bright_Light_Orange
4150,288,Dark_Green
4150,320,Dark_Red
4150,323,Light_Aqua
4150,330,Olive_Green
4150,335,Sand_Red
4150,462,Medium_Orange
4150,484,Dark_Orange
4151,0,Black
4151,72,Dark_Bluish_Gray
4151a,0,Black
4151a,1,Blue
4151a,2,Green
4151a,4,Red
4151a,6,Brown
4151a,7,Light_Gray
4151a,8,Dark_Gray
4151a,14,Yellow
4151a,15,White
4151a,17,Light_Green
4151a,70,Reddish_Brown
4151a,72,Dark_Bluish_Gray
4151a,351,Medium_Dark_Pink
4151b,0,Black
4151b,7,Light_Gray
4151b,8,Dark_Gray
4151b,15,White
4151b,19,Tan
4151b,27,Lime
4151b,28,Dark_Tan
4151b,70,Reddish_Brown
4151b,71,Light_Bluish_Gray
4151b,72,Dark_Bluish_Gray
4151b,484,Dark_Orange
4151c,15,White
41529,0,Black
41529,4,Red
41529,7,Light_Gray
41529,8,Dark_Gray
41529,14,Yellow
41529,71,Light_Bluish_Gray
41529,72,Dark_Bluish_Gray
41529,272,Dark_Blue
41529,320,Dark_Red
41530,25,Orange
41530,71,Light_Bluish_Gray
41531,0,Black
41531,3,Dark_Turquoise
41531,4,Red
41531,5,Dark_Pink
41531,7,Light_Gray
41531,8,Dark_Gray
41531,14,Yellow
41531,15,White
41531,25,Orange
41531,27,Lime
41531,70,Reddish_Brown
41531,71,Light_Bluish_Gray
41531,72,Dark_Bluish_Gray
41531,85,Dark_Purple
41531,191,Bright_Light_Orange
41531,272,Dark_Blue
41531,288,Dark_Green
41531,320,Dark_Red
41531,378,Sand_Green
41532,0,Black
41533,0,Black
41533,4,Red
41533,14,Yellow
41533,15,White
41533,71,Light_Bluish_Gray
41533,72,Dark_Bluish_Gray
41533,272,Dark_Blue
41533,288,Dark_Green
41535,0,Black
41535,71,Light_Bluish_Gray
41535,288,Dark_Green
41535,378,Sand_Green
41539,0,Black
41539,2,Green
41539,3,Dark_Turquoise
41539,4,Red
41539,5,Dark_Pink
41539,8,Dark_Gray
41539,10,Bright_Green
41539,15,White
41539,17,Light_Green
41539,19,Tan
41539,20,Light_Violet
41539,22,Purple
41539,27,Lime
41539,28,Dark_Tan
41539,29,Bright_Pink
41539,30,Medium_Lavender
41539,31,Lavender
41539,71,Light_Bluish_Gray
41539,72,Dark_Bluish_Gray
41539,73,Medium_Blue
41539,74,Medium_Green
41539,85,Dark_Purple
41539,110,Violet
41539,118,Aqua
41539,191,Bright_Light_Orange
41539,212,Bright_Light_Blue
41539,226,Bright_Light_Yellow
41539,272,Dark_Blue
41539,288,Dark_Green
41539,320,Dark_Red
41539,321,Dark_Azure
41539,322,Medium_Azure
41539,378,Sand_Green
41539,484,Dark_Orange
4158,322,Medium_Azure
4159,25,Orange
4160101,0,Black
4160101,1,Blue
4160101,2,Green
4160101,4,Red
4160101,6,Brown
4160101,7,Light_Gray
4160101,8,Dark_Gray
4160101,14,Yellow
4160101,15,White
4160101,19,Tan
4160101,25,Orange
4160101,27,Lime
4160101,28,Dark_Tan
4160101,70,Reddish_Brown
4160101,71,Light_Bluish_Gray
4160101,72,Dark_Bluish_Gray
4160101,73,Medium_Blue
4160101,85,Dark_Purple
4160101,191,Bright_Light_Orange
4160101,212,Bright_Light_Blue
4160101,226,Bright_Light_Yellow
4160101,272,Dark_Blue
4160101,288,Dark_Green
4160101,308,Dark_Brown
4160101,320,Dark_Red
4160101,321,Dark_Azure
4160101,378,Sand_Green
4160101,379,Sand_Blue
4160101,462,Medium_Orange
4160101,484,Dark_Orange
4160108,0,Black
4160108,1,Blue
4160108,2,Green
4160108,4,Red
4160108,6,Brown
4160108,7,Light_Gray
4160108,8,Dark_Gray
4160108,14,Yellow
4160108,15,White
4160108,19,Tan
4160108,25,Orange
4160108,27,Lime
4160108,28,Dark_Tan
4160108,70,Reddish_Brown
4160108,71,Light_Bluish_Gray
4160108,72,Dark_Bluish_Gray
4160108,73,Medium_Blue
4160108,85,Dark_Purple
4160108,191,Bright_Light_Orange
4160108,212,Bright_Light_Blue
4160108,226,Bright_Light_Yellow
4160108,272,Dark_Blue
4160108,288,Dark_Green
4160108,308,Dark_Brown
4160108,320,Dark_Red
4160108,321,Dark_Azure
4160108,378,Sand_Green
4160108,379,Sand_Blue
4160108,462,Medium_Orange
4160108,484,Dark_Orange
4160124,0,Black
4160124,1,Blue
4160124,2,Green
4160124,4,Red
4160124,6,Brown
4160124,7,Light_Gray
4160124,8,Dark_Gray
4160124,14,Yellow
4160124,15,White
4160124,19,Tan
4160124,25,Orange
4160124,27,Lime
4160124,28,Dark_Tan
4160124,29,Bright_Pink
4160124,70,Reddish_Brown
4160124,71,Light_Bluish_Gray
4160124,72,Dark_Bluish_Gray
4160124,73,Medium_Blue
4160124,191,Bright_Light_Orange
4160124,212,Bright_Light_Blue
4160124,226,Bright_Light_Yellow
4160124,272,Dark_Blue
4160124,288,Dark_Green
4160124,308,Dark_Brown
4160124,320,Dark_Red
4160124,321,Dark_Azure
4160124,378,Sand_Green
4160124,379,Sand_Blue
4160124,462,Medium_Orange
4160124,484,Dark_Orange
4160130,0,Black
4160130,1,Blue
4160130,2,Green
4160130,4,Red
4160130,6,Brown
4160130,7,Light_Gray
4160130,8,Dark_Gray
4160130,14,Yellow
4160130,15,White
4160130,19,Tan
4160130,25,Orange
4160130,27,Lime
4160130,28,Dark_Tan
4160130,29,Bright_Pink
4160130,70,Reddish_Brown
4160130,71,Light_Bluish_Gray
4160130,72,Dark_Bluish_Gray
4160130,73,Medium_Blue
4160130,191,Bright_Light_Orange
4160130,212,Bright_Light_Blue
4160130,226,Bright_Light_Yellow
4160130,272,Dark_Blue
4160130,288,Dark_Green
4160130,308,Dark_Brown
4160130,320,Dark_Red
4160130,321,Dark_Azure
4160130,378,Sand_Green
4160130,379,Sand_Blue
4160130,462,Medium_Orange
4160130,484,Dark_Orange
4160409,0,Black
4160409,1,Blue
4160409,3,Dark_Turquoise
4160409,4,Red
4160409,7,Light_Gray
4160409,8,Dark_Gray
4160409,14,Yellow
4160409,15,White
4160409,19,Tan
4160409,25,Orange
4160409,27,Lime
4160409,29,Bright_Pink
4160409,70,Reddish_Brown
4160409,71,Light_Bluish_Gray
4160409,72,Dark_Bluish_Gray
4160409,73,Medium_Blue
4160409,191,Bright_Light_Orange
4160409,226,Bright_Light_Yellow
4160409,272,Dark_Blue
4160409,288,Dark_Green
4160409,313,Maersk_Blue
4160409,320,Dark_Red
4160409,322,Medium_Azure
4160409,378,Sand_Green
4160409,379,Sand_Blue
4160689,0,Black
4160689,1,Blue
4160689,2,Green
4160689,4,Red
4160689,7,Light_Gray
4160689,14,Yellow
4160689,15,White
4160689,19,Tan
4160689,25,Orange
4160689,71,Light_Bluish_Gray
4161,0,Black
4161,1,Blue
4161,2,Green
4161,4,Red
4161,6,Brown
4161,7,Light_Gray
4161,8,Dark_Gray
4161,14,Yellow
4161,15,White
4161,19,Tan
4161,25,Orange
4161,70,Reddish_Brown
4161,71,Light_Bluish_Gray
4161,74,Medium_Green
4161,272,Dark_Blue
4161,288,Dark_Green
4161,320,Dark_Red
41612,0,Black
41612,15,White
41612,226,Bright_Light_Yellow
41612,308,Dark_Brown
41612,320,Dark_Red
4161266,0,Black
4161266,1,Blue
4161266,2,Green
4161266,3,Dark_Turquoise
4161266,4,Red
4161266,7,Light_Gray
4161266,8,Dark_Gray
4161266,14,Yellow
4161266,15,White
4161266,19,Tan
4161266,25,Orange
4161266,26,Magenta
4161266,27,Lime
4161266,70,Reddish_Brown
4161266,71,Light_Bluish_Gray
4161266,72,Dark_Bluish_Gray
4161266,73,Medium_Blue
4161266,85,Dark_Purple
4161266,191,Bright_Light_Orange
4161266,212,Bright_Light_Blue
4161266,272,Dark_Blue
4161266,288,Dark_Green
4161266,308,Dark_Brown
4161266,320,Dark_Red
4161266,378,Sand_Green
4161266,379,Sand_Blue
4161281,0,Black
4161281,1,Blue
4161281,2,Green
4161281,3,Dark_Turquoise
4161281,4,Red
4161281,7,Light_Gray
4161281,8,Dark_Gray
4161281,14,Yellow
4161281,15,White
4161281,19,Tan
4161281,25,Orange
4161281,26,Magenta
4161281,27,Lime
4161281,70,Reddish_Brown
4161281,71,Light_Bluish_Gray
4161281,72,Dark_Bluish_Gray
4161281,73,Medium_Blue
4161281,85,Dark_Purple
4161281,191,Bright_Light_Orange
4161281,212,Bright_Light_Blue
4161281,272,Dark_Blue
4161281,288,Dark_Green
4161281,308,Dark_Brown
4161281,320,Dark_Red
4161281,378,Sand_Green
4161281,379,Sand_Blue
4162,0,Black
4162,1,Blue
4162,2,Green
4162,3,Dark_Turquoise
4162,4,Red
4162,6,Brown
4162,7,Light_Gray
4162,8,Dark_Gray
4162,11,Light_Turquoise
4162,12,Salmon
4162,14,Yellow
4162,15,White
4162,19,Tan
4162,25,Orange
4162,26,Magenta
4162,27,Lime
4162,28,Dark_Tan
4162,29,Bright_Pink
4162,30,Medium_Lavender
4162,31,Lavender
4162,70,Reddish_Brown
4162,71,Light_Bluish_Gray
4162,72,Dark_Bluish_Gray
4162,73,Medium_Blue
4162,85,Dark_Purple
4162,89,Blue_Violet
4162,115,Medium_Lime
4162,191,Bright_Light_Orange
4162,212,Bright_Light_Blue
4162,226,Bright_Light_Yellow
4162,272,Dark_Blue
4162,308,Dark_Brown
4162,313,Maersk_Blue
4162,320,Dark_Red
4162,321,Dark_Azure
4162,322,Medium_Azure
4162,323,Light_Aqua
4162,330,Olive_Green
4162,379,Sand_Blue
4162,462,Medium_Orange
4162,484,Dark_Orange
4162235,0,Black
4162235,8,Dark_Gray
4162235,15,White
4162235,71,Light_Bluish_Gray
4162235,72,Dark_Bluish_Gray
4162628,0,Black
4162628,1,Blue
4162628,4,Red
4162628,6,Brown
4162628,7,Light_Gray
4162628,8,Dark_Gray
4162628,14,Yellow
4162628,15,White
4162628,19,Tan
4162628,25,Orange
4162628,70,Reddish_Brown
4162628,71,Light_Bluish_Gray
4162628,72,Dark_Bluish_Gray
4162628,272,Dark_Blue
4162628,320,Dark_Red
4162628,351,Medium_Dark_Pink
4162628,379,Sand_Blue
4162628,484,Dark_Orange
41630,5,Dark_Pink
41630,378,Sand_Green
41659,2,Green
4166,8,Dark_Gray
41660,15,White
41661,4,Red
41662,0,Black
41662,1,Blue
41662,4,Red
41662,6,Brown
41663,0,Black
41663,73,Medium_Blue
41664,1,Blue
41665,0,Black
41665,1,Blue
41665,2,Green
41665,4,Red
41665,6,Brown
41665,15,White
41666,7,Light_Gray
41667,7,Light_Gray
41667,71,Light_Bluish_Gray
41668,0,Black
41668,1,Blue
41668,2,Green
41668,4,Red
41668,6,Brown
41668,15,White
41668,272,Dark_Blue
41668,288,Dark_Green
41668,320,Dark_Red
41669,0,Black
41669,1,Blue
41669,4,Red
41669,14,Yellow
41669,15,White
41669,25,Orange
41669,71,Light_Bluish_Gray
41669,72,Dark_Bluish_Gray
41669,320,Dark_Red
41669,321,Dark_Azure
41669,484,Dark_Orange
41670,0,Black
41670,1,Blue
41670,2,Green
41670,4,Red
41670,6,Brown
41670,7,Light_Gray
41670,8,Dark_Gray
41670,15,White
41670,19,Tan
41670,25,Orange
41670,27,Lime
41670,73,Medium_Blue
41670,191,Bright_Light_Orange
41670,272,Dark_Blue
41670,288,Dark_Green
41670,320,Dark_Red
41671,0,Black
41671,1,Blue
41671,191,Bright_Light_Orange
41671,272,Dark_Blue
41672,0,Black
41672,25,Orange
41677,0,Black
41677,1,Blue
41677,4,Red
41677,7,Light_Gray
41677,8,Dark_Gray
41677,10,Bright_Green
41677,14,Yellow
41677,15,White
41677,19,Tan
41677,25,Orange
41677,27,Lime
41677,71,Light_Bluish_Gray
41677,72,Dark_Bluish_Gray
41677,73,Medium_Blue
41677,110,Violet
41677,191,Bright_Light_Orange
41677,272,Dark_Blue
41677,320,Dark_Red
41677,321,Dark_Azure
41677,484,Dark_Orange
41678,0,Black
41678,1,Blue
41678,4,Red
41678,7,Light_Gray
41678,8,Dark_Gray
41678,14,Yellow
41678,15,White
41678,19,Tan
41678,25,Orange
41678,27,Lime
41678,71,Light_Bluish_Gray
41678,72,Dark_Bluish_Gray
41678,272,Dark_Blue
41678,320,Dark_Red
41679,8,Dark_Gray
41679,15,White
41679,72,Dark_Bluish_Gray
4168,4,Red
4168,7,Light_Gray
4168,15,White
41680,0,Black
41680,7,Light_Gray
41681,1,Blue
41681,4,Red
41681,8,Dark_Gray
41681,15,White
41682,0,Black
41682,1,Blue
41682,2,Green
41682,4,Red
41682,14,Yellow
41682,15,White
41682,19,Tan
41682,28,Dark_Tan
41682,29,Bright_Pink
41682,31,Lavender
41682,70,Reddish_Brown
41682,71,Light_Bluish_Gray
41682,72,Dark_Bluish_Gray
41682,73,Medium_Blue
41682,191,Bright_Light_Orange
41682,226,Bright_Light_Yellow
41682,272,Dark_Blue
41682,320,Dark_Red
41682,321,Dark_Azure
41682,323,Light_Aqua
41682,484,Dark_Orange
4169,7,Light_Gray
4169,15,White
4170,0,Black
4170,4,Red
4171849,0,Black
4171849,1,Blue
4171849,2,Green
4171849,3,Dark_Turquoise
4171849,4,Red
4171849,8,Dark_Gray
4171849,10,Bright_Green
4171849,14,Yellow
4171849,15,White
4171849,19,Tan
4171849,22,Purple
4171849,25,Orange
4171849,27,Lime
4171849,28,Dark_Tan
4171849,70,Reddish_Brown
4171849,71,Light_Bluish_Gray
4171849,72,Dark_Bluish_Gray
4171849,73,Medium_Blue
4171849,85,Dark_Purple
4171849,110,Violet
4171849,151,Very_Light_Bluish_Gray
4171849,191,Bright_Light_Orange
4171849,272,Dark_Blue
4171849,288,Dark_Green
4171849,320,Dark_Red
4171849,373,Sand_Purple
4171849,378,Sand_Green
4171849,379,Sand_Blue
4171849,462,Medium_Orange
41732,4,Red
41732,72,Dark_Bluish_Gray
4173943,0,Black
4173943,1,Blue
4173943,2,Green
4173943,3,Dark_Turquoise
4173943,4,Red
4173943,5,Dark_Pink
4173943,6,Brown
4173943,7,Light_Gray
4173943,8,Dark_Gray
4173943,14,Yellow
4173943,15,White
4173943,19,Tan
4173943,25,Orange
4173943,27,Lime
4173943,28,Dark_Tan
4173943,30,Medium_Lavender
4173943,70,Reddish_Brown
4173943,71,Light_Bluish_Gray
4173943,72,Dark_Bluish_Gray
4173943,85,Dark_Purple
4173943,226,Bright_Light_Yellow
4173943,272,Dark_Blue
4173943,288,Dark_Green
4173943,321,Dark_Azure
41740,0,Black
41740,1,Blue
41740,2,Green
41740,3,Dark_Turquoise
41740,4,Red
41740,5,Dark_Pink
41740,14,Yellow
41740,15,White
41740,19,Tan
41740,25,Orange
41740,26,Magenta
41740,27,Lime
41740,28,Dark_Tan
41740,29,Bright_Pink
41740,30,Medium_Lavender
41740,31,Lavender
41740,70,Reddish_Brown
41740,71,Light_Bluish_Gray
41740,72,Dark_Bluish_Gray
41740,85,Dark_Purple
41740,191,Bright_Light_Orange
41740,272,Dark_Blue
41740,308,Dark_Brown
41740,320,Dark_Red
41740,321,Dark_Azure
41740,322,Medium_Azure
41740,323,Light_Aqua
41740,330,Olive_Green
41740,379,Sand_Blue
41740,484,Dark_Orange
41747,0,Black
41747,1,Blue
41747,2,Green
41747,4,Red
41747,6,Brown
41747,7,Light_Gray
41747,8,Dark_Gray
41747,14,Yellow
41747,15,White
41747,19,Tan
41747,25,Orange
41747,27,Lime
41747,28,Dark_Tan
41747,70,Reddish_Brown
41747,71,Light_Bluish_Gray
41747,72,Dark_Bluish_Gray
41747,73,Medium_Blue
41747,85,Dark_Purple
41747,191,Bright_Light_Orange
41747,212,Bright_Light_Blue
41747,226,Bright_Light_Yellow
41747,272,Dark_Blue
41747,288,Dark_Green
41747,308,Dark_Brown
41747,320,Dark_Red
41747,321,Dark_Azure
41747,378,Sand_Green
41747,379,Sand_Blue
41747,462,Medium_Orange
41747,484,Dark_Orange
41748,0,Black
41748,1,Blue
41748,2,Green
41748,4,Red
41748,6,Brown
41748,7,Light_Gray
41748,8,Dark_Gray
41748,14,Yellow
41748,15,White
41748,19,Tan
41748,25,Orange
41748,27,Lime
41748,28,Dark_Tan
41748,29,Bright_Pink
41748,70,Reddish_Brown
41748,71,Light_Bluish_Gray
41748,72,Dark_Bluish_Gray
41748,73,Medium_Blue
41748,191,Bright_Light_Orange
41748,212,Bright_Light_Blue
41748,226,Bright_Light_Yellow
41748,272,Dark_Blue
41748,288,Dark_Green
41748,308,Dark_Brown
41748,320,Dark_Red
41748,321,Dark_Azure
41748,378,Sand_Green
41748,379,Sand_Blue
41748,462,Medium_Orange
41748,484,Dark_Orange
41749,0,Black
41749,1,Blue
41749,2,Green
41749,4,Red
41749,14,Yellow
41749,15,White
41749,19,Tan
41749,25,Orange
41749,27,Lime
41749,28,Dark_Tan
41749,29,Bright_Pink
41749,70,Reddish_Brown
41749,71,Light_Bluish_Gray
41749,72,Dark_Bluish_Gray
41749,73,Medium_Blue
41749,191,Bright_Light_Orange
41749,212,Bright_Light_Blue
41749,272,Dark_Blue
41749,320,Dark_Red
41749,321,Dark_Azure
41749,322,Medium_Azure
41749,378,Sand_Green
41749,379,Sand_Blue
4175,0,Black
4175,1,Blue
4175,2,Green
4175,4,Red
4175,6,Brown
4175,7,Light_Gray
4175,8,Dark_Gray
4175,14,Yellow
4175,15,White
4175,19,Tan
4175,25,Orange
4175,26,Magenta
4175,28,Dark_Tan
4175,70,Reddish_Brown
4175,71,Light_Bluish_Gray
4175,72,Dark_Bluish_Gray
4175,191,Bright_Light_Orange
41750,0,Black
41750,1,Blue
41750,2,Green
41750,4,Red
41750,14,Yellow
41750,15,White
41750,19,Tan
41750,25,Orange
41750,27,Lime
41750,28,Dark_Tan
41750,29,Bright_Pink
41750,70,Reddish_Brown
41750,71,Light_Bluish_Gray
41750,72,Dark_Bluish_Gray
41750,73,Medium_Blue
41750,191,Bright_Light_Orange
41750,212,Bright_Light_Blue
41750,272,Dark_Blue
41750,320,Dark_Red
41750,321,Dark_Azure
41750,322,Medium_Azure
41750,378,Sand_Green
41750,379,Sand_Blue
41751,0,Black
41751,1,Blue
41751,4,Red
41751,5,Dark_Pink
41751,15,White
41751,19,Tan
41751,70,Reddish_Brown
41751,71,Light_Bluish_Gray
41751,72,Dark_Bluish_Gray
41751,191,Bright_Light_Orange
41751,212,Bright_Light_Blue
41751,272,Dark_Blue
41751,288,Dark_Green
41751,320,Dark_Red
41751,322,Medium_Azure
41751,330,Olive_Green
41752,8,Dark_Gray
41752,72,Dark_Bluish_Gray
41753,8,Dark_Gray
41753,72,Dark_Bluish_Gray
4176,14,Yellow
4176,15,White
41761,0,Black
41761,1,Blue
41761,2,Green
41761,4,Red
41761,7,Light_Gray
41761,14,Yellow
41761,15,White
41761,19,Tan
41761,27,Lime
41761,70,Reddish_Brown
41761,71,Light_Bluish_Gray
41761,72,Dark_Bluish_Gray
41761,73,Medium_Blue
41761,272,Dark_Blue
41762,0,Black
41762,1,Blue
41762,2,Green
41762,3,Dark_Turquoise
41762,4,Red
41762,5,Dark_Pink
41762,8,Dark_Gray
41762,14,Yellow
41762,15,White
41762,18,Light_Yellow
41762,19,Tan
41762,25,Orange
41762,26,Magenta
41762,27,Lime
41762,28,Dark_Tan
41762,29,Bright_Pink
41762,31,Lavender
41762,70,Reddish_Brown
41762,71,Light_Bluish_Gray
41762,72,Dark_Bluish_Gray
41762,73,Medium_Blue
41762,85,Dark_Purple
41762,212,Bright_Light_Blue
41762,272,Dark_Blue
41762,288,Dark_Green
41762,308,Dark_Brown
41762,320,Dark_Red
41762,321,Dark_Azure
41762,378,Sand_Green
41762,379,Sand_Blue
41762,462,Medium_Orange
41762,484,Dark_Orange
41763,0,Black
41763,1,Blue
41763,3,Dark_Turquoise
41763,4,Red
41763,7,Light_Gray
41763,8,Dark_Gray
41763,14,Yellow
41763,15,White
41763,19,Tan
41763,25,Orange
41763,27,Lime
41763,29,Bright_Pink
41763,70,Reddish_Brown
41763,71,Light_Bluish_Gray
41763,72,Dark_Bluish_Gray
41763,73,Medium_Blue
41763,191,Bright_Light_Orange
41763,226,Bright_Light_Yellow
41763,272,Dark_Blue
41763,288,Dark_Green
41763,313,Maersk_Blue
41763,320,Dark_Red
41763,322,Medium_Azure
41763,378,Sand_Green
41763,379,Sand_Blue
41764,0,Black
41764,1,Blue
41764,2,Green
41764,3,Dark_Turquoise
41764,4,Red
41764,7,Light_Gray
41764,8,Dark_Gray
41764,14,Yellow
41764,15,White
41764,19,Tan
41764,25,Orange
41764,26,Magenta
41764,27,Lime
41764,70,Reddish_Brown
41764,71,Light_Bluish_Gray
41764,72,Dark_Bluish_Gray
41764,73,Medium_Blue
41764,85,Dark_Purple
41764,191,Bright_Light_Orange
41764,212,Bright_Light_Blue
41764,272,Dark_Blue
41764,288,Dark_Green
41764,308,Dark_Brown
41764,320,Dark_Red
41764,378,Sand_Green
41764,379,Sand_Blue
41765,0,Black
41765,1,Blue
41765,2,Green
41765,3,Dark_Turquoise
41765,4,Red
41765,7,Light_Gray
41765,8,Dark_Gray
41765,14,Yellow
41765,15,White
41765,19,Tan
41765,25,Orange
41765,26,Magenta
41765,27,Lime
41765,70,Reddish_Brown
41765,71,Light_Bluish_Gray
41765,72,Dark_Bluish_Gray
41765,73,Medium_Blue
41765,85,Dark_Purple
41765,191,Bright_Light_Orange
41765,212,Bright_Light_Blue
41765,272,Dark_Blue
41765,288,Dark_Green
41765,308,Dark_Brown
41765,320,Dark_Red
41765,378,Sand_Green
41765,379,Sand_Blue
41766,0,Black
41766,1,Blue
41766,2,Green
41766,4,Red
41766,8,Dark_Gray
41766,14,Yellow
41766,15,White
41766,19,Tan
41766,27,Lime
41766,70,Reddish_Brown
41766,71,Light_Bluish_Gray
41766,72,Dark_Bluish_Gray
41766,73,Medium_Blue
41766,272,Dark_Blue
41766,320,Dark_Red
41766,378,Sand_Green
41766,379,Sand_Blue
41767,0,Black
41767,1,Blue
41767,2,Green
41767,4,Red
41767,7,Light_Gray
41767,8,Dark_Gray
41767,14,Yellow
41767,15,White
41767,19,Tan
41767,25,Orange
41767,27,Lime
41767,70,Reddish_Brown
41767,71,Light_Bluish_Gray
41767,72,Dark_Bluish_Gray
41767,73,Medium_Blue
41767,85,Dark_Purple
41767,272,Dark_Blue
41767,288,Dark_Green
41767,308,Dark_Brown
41767,320,Dark_Red
41767,330,Olive_Green
41767,378,Sand_Green
41768,0,Black
41768,1,Blue
41768,2,Green
41768,4,Red
41768,7,Light_Gray
41768,8,Dark_Gray
41768,14,Yellow
41768,15,White
41768,19,Tan
41768,25,Orange
41768,27,Lime
41768,70,Reddish_Brown
41768,71,Light_Bluish_Gray
41768,72,Dark_Bluish_Gray
41768,73,Medium_Blue
41768,85,Dark_Purple
41768,272,Dark_Blue
41768,288,Dark_Green
41768,320,Dark_Red
41768,330,Olive_Green
41768,378,Sand_Green
41769,0,Black
41769,1,Blue
41769,2,Green
41769,4,Red
41769,5,Dark_Pink
41769,7,Light_Gray
41769,8,Dark_Gray
41769,10,Bright_Green
41769,14,Yellow
41769,15,White
41769,19,Tan
41769,25,Orange
41769,27,Lime
41769,28,Dark_Tan
41769,29,Bright_Pink
41769,70,Reddish_Brown
41769,71,Light_Bluish_Gray
41769,72,Dark_Bluish_Gray
41769,73,Medium_Blue
41769,85,Dark_Purple
41769,191,Bright_Light_Orange
41769,212,Bright_Light_Blue
41769,226,Bright_Light_Yellow
41769,272,Dark_Blue
41769,288,Dark_Green
41769,320,Dark_Red
41769,321,Dark_Azure
41769,322,Medium_Azure
41769,323,Light_Aqua
41769,330,Olive_Green
41769,378,Sand_Green
41769,379,Sand_Blue
41769,462,Medium_Orange
41769,484,Dark_Orange
41769b,0,Black
41769b,1,Blue
41769b,2,Green
41769b,4,Red
41769b,5,Dark_Pink
41769b,7,Light_Gray
41769b,8,Dark_Gray
41769b,10,Bright_Green
41769b,14,Yellow
41769b,15,White
41769b,19,Tan
41769b,25,Orange
41769b,27,Lime
41769b,28,Dark_Tan
41769b,29,Bright_Pink
41769b,70,Reddish_Brown
41769b,71,Light_Bluish_Gray
41769b,72,Dark_Bluish_Gray
41769b,73,Medium_Blue
41769b,85,Dark_Purple
41769b,191,Bright_Light_Orange
41769b,212,Bright_Light_Blue
41769b,226,Bright_Light_Yellow
41769b,272,Dark_Blue
41769b,288,Dark_Green
41769b,320,Dark_Red
41769b,321,Dark_Azure
41769b,322,Medium_Azure
41769b,323,Light_Aqua
41769b,330,Olive_Green
41769b,378,Sand_Green
41769b,379,Sand_Blue
41769b,462,Medium_Orange
41769b,484,Dark_Orange
41770,0,Black
41770,1,Blue
41770,2,Green
41770,4,Red
41770,5,Dark_Pink
41770,7,Light_Gray
41770,8,Dark_Gray
41770,14,Yellow
41770,15,White
41770,19,Tan
41770,25,Orange
41770,26,Magenta
41770,27,Lime
41770,28,Dark_Tan
41770,29,Bright_Pink
41770,70,Reddish_Brown
41770,71,Light_Bluish_Gray
41770,72,Dark_Bluish_Gray
41770,73,Medium_Blue
41770,85,Dark_Purple
41770,191,Bright_Light_Orange
41770,212,Bright_Light_Blue
41770,226,Bright_Light_Yellow
41770,272,Dark_Blue
41770,288,Dark_Green
41770,320,Dark_Red
41770,321,Dark_Azure
41770,322,Medium_Azure
41770,323,Light_Aqua
41770,330,Olive_Green
41770,378,Sand_Green
41770,379,Sand_Blue
41770,462,Medium_Orange
41770,484,Dark_Orange
41770b,0,Black
41770b,1,Blue
41770b,2,Green
41770b,4,Red
41770b,5,Dark_Pink
41770b,7,Light_Gray
41770b,8,Dark_Gray
41770b,14,Yellow
41770b,15,White
41770b,19,Tan
41770b,25,Orange
41770b,26,Magenta
41770b,27,Lime
41770b,28,Dark_Tan
41770b,29,Bright_Pink
41770b,70,Reddish_Brown
41770b,71,Light_Bluish_Gray
41770b,72,Dark_Bluish_Gray
41770b,73,Medium_Blue
41770b,85,Dark_Purple
41770b,191,Bright_Light_Orange
41770b,212,Bright_Light_Blue
41770b,226,Bright_Light_Yellow
41770b,272,Dark_Blue
41770b,288,Dark_Green
41770b,320,Dark_Red
41770b,321,Dark_Azure
41770b,322,Medium_Azure
41770b,323,Light_Aqua
41770b,330,Olive_Green
41770b,378,Sand_Green
41770b,379,Sand_Blue
41770b,462,Medium_Orange
41770b,484,Dark_Orange
4177303,0,Black
4177303,2,Green
4177303,10,Bright_Green
4177303,15,White
4177303,19,Tan
4177303,27,Lime
4177303,70,Reddish_Brown
4177303,191,Bright_Light_Orange
4177303,320,Dark_Red
4177932,0,Black
4177932,1,Blue
4177932,2,Green
4177932,3,Dark_Turquoise
4177932,4,Red
4177932,5,Dark_Pink
4177932,6,Brown
4177932,7,Light_Gray
4177932,8,Dark_Gray
4177932,10,Bright_Green
4177932,13,Pink
4177932,14,Yellow
4177932,15,White
4177932,18,Light_Yellow
4177932,19,Tan
4177932,22,Purple
4177932,25,Orange
4177932,26,Magenta
4177932,27,Lime
4177932,28,Dark_Tan
4177932,29,Bright_Pink
4177932,30,Medium_Lavender
4177932,31,Lavender
4177932,68,Very_Light_Orange
4177932,70,Reddish_Brown
4177932,71,Light_Bluish_Gray
4177932,72,Dark_Bluish_Gray
4177932,73,Medium_Blue
4177932,77,Light_Pink
4177932,85,Dark_Purple
4177932,89,Blue_Violet
4177932,118,Aqua
4177932,125,Light_Orange
4177932,151,Very_Light_Bluish_Gray
4177932,191,Bright_Light_Orange
4177932,212,Bright_Light_Blue
4177932,226,Bright_Light_Yellow
4177932,232,Sky_Blue
4177932,272,Dark_Blue
4177932,288,Dark_Green
4177932,308,Dark_Brown
4177932,313,Maersk_Blue
4177932,320,Dark_Red
4177932,321,Dark_Azure
4177932,322,Medium_Azure
4177932,323,Light_Aqua
4177932,326,Yellowish_Green
4177932,330,Olive_Green
4177932,335,Sand_Red
4177932,351,Medium_Dark_Pink
4177932,378,Sand_Green
4177932,379,Sand_Blue
4177932,462,Medium_Orange
4177932,484,Dark_Orange
4178,0,Black
4178,4,Red
4179872,0,Black
4179872,1,Blue
4179872,2,Green
4179872,4,Red
4179872,7,Light_Gray
4179872,8,Dark_Gray
4179872,14,Yellow
4179872,15,White
4179872,19,Tan
4179872,25,Orange
4179872,70,Reddish_Brown
4179872,71,Light_Bluish_Gray
4179872,72,Dark_Bluish_Gray
4179872,73,Medium_Blue
4179872,272,Dark_Blue
4179872,288,Dark_Green
4179872,320,Dark_Red
4179872,379,Sand_Blue
4179872,484,Dark_Orange
4179873,0,Black
4179873,1,Blue
4179873,2,Green
4179873,4,Red
4179873,7,Light_Gray
4179873,8,Dark_Gray
4179873,14,Yellow
4179873,15,White
4179873,19,Tan
4179873,25,Orange
4179873,70,Reddish_Brown
4179873,71,Light_Bluish_Gray
4179873,72,Dark_Bluish_Gray
4179873,73,Medium_Blue
4179873,272,Dark_Blue
4179873,288,Dark_Green
4179873,320,Dark_Red
4179873,379,Sand_Blue
4179873,484,Dark_Orange
418,0,Black
418,1,Blue
418,2,Green
418,4,Red
418,6,Brown
418,7,Light_Gray
418,8,Dark_Gray
418,14,Yellow
418,15,White
418,19,Tan
4180508,0,Black
4180508,1,Blue
4180508,2,Green
4180508,3,Dark_Turquoise
4180508,4,Red
4180508,6,Brown
4180508,7,Light_Gray
4180508,8,Dark_Gray
4180508,10,Bright_Green
4180508,14,Yellow
4180508,15,White
4180508,19,Tan
4180508,22,Purple
4180508,25,Orange
4180508,26,Magenta
4180508,27,Lime
4180508,28,Dark_Tan
4180508,29,Bright_Pink
4180508,70,Reddish_Brown
4180508,71,Light_Bluish_Gray
4180508,72,Dark_Bluish_Gray
4180508,73,Medium_Blue
4180508,85,Dark_Purple
4180508,191,Bright_Light_Orange
4180508,212,Bright_Light_Blue
4180508,272,Dark_Blue
4180508,288,Dark_Green
4180508,308,Dark_Brown
4180508,320,Dark_Red
4180508,321,Dark_Azure
4180508,378,Sand_Green
4180508,379,Sand_Blue
4180508,484,Dark_Orange
4180536,0,Black
4180536,1,Blue
4180536,2,Green
4180536,3,Dark_Turquoise
4180536,4,Red
4180536,6,Brown
4180536,7,Light_Gray
4180536,8,Dark_Gray
4180536,10,Bright_Green
4180536,14,Yellow
4180536,15,White
4180536,19,Tan
4180536,22,Purple
4180536,25,Orange
4180536,26,Magenta
4180536,27,Lime
4180536,28,Dark_Tan
4180536,29,Bright_Pink
4180536,70,Reddish_Brown
4180536,71,Light_Bluish_Gray
4180536,72,Dark_Bluish_Gray
4180536,73,Medium_Blue
4180536,85,Dark_Purple
4180536,191,Bright_Light_Orange
4180536,212,Bright_Light_Blue
4180536,272,Dark_Blue
4180536,288,Dark_Green
4180536,308,Dark_Brown
4180536,320,Dark_Red
4180536,321,Dark_Azure
4180536,322,Medium_Azure
4180536,378,Sand_Green
4180536,379,Sand_Blue
4180536,484,Dark_Orange
4180c,0,Black
4180c,4,Red
4180c01,0,Black
4180c02,0,Black
4181,0,Black
4181,1,Blue
4181,2,Green
4181,4,Red
4181,7,Light_Gray
4181,8,Dark_Gray
4181,14,Yellow
4181,15,White
4181,25,Orange
4181,71,Light_Bluish_Gray
4181,72,Dark_Bluish_Gray
4181,73,Medium_Blue
4181,322,Medium_Azure
4181142,0,Black
4181142,1,Blue
4181142,2,Green
4181142,3,Dark_Turquoise
4181142,4,Red
4181142,5,Dark_Pink
4181142,6,Brown
4181142,7,Light_Gray
4181142,8,Dark_Gray
4181142,10,Bright_Green
4181142,14,Yellow
4181142,15,White
4181142,18,Light_Yellow
4181142,19,Tan
4181142,22,Purple
4181142,25,Orange
4181142,27,Lime
4181142,28,Dark_Tan
4181142,29,Bright_Pink
4181142,30,Medium_Lavender
4181142,31,Lavender
4181142,68,Very_Light_Orange
4181142,70,Reddish_Brown
4181142,71,Light_Bluish_Gray
4181142,72,Dark_Bluish_Gray
4181142,73,Medium_Blue
4181142,85,Dark_Purple
4181142,89,Blue_Violet
4181142,125,Light_Orange
4181142,191,Bright_Light_Orange
4181142,212,Bright_Light_Blue
4181142,226,Bright_Light_Yellow
4181142,272,Dark_Blue
4181142,288,Dark_Green
4181142,308,Dark_Brown
4181142,320,Dark_Red
4181142,321,Dark_Azure
4181142,322,Medium_Azure
4181142,323,Light_Aqua
4181142,326,Yellowish_Green
4181142,330,Olive_Green
4181142,378,Sand_Green
4181142,379,Sand_Blue
4181142,462,Medium_Orange
4181142,484,Dark_Orange
41812,0,Black
41812,4,Red
41812,15,White
41812,72,Dark_Bluish_Gray
41812,272,Dark_Blue
4182,0,Black
4182,1,Blue
4182,2,Green
4182,4,Red
4182,7,Light_Gray
4182,8,Dark_Gray
4182,14,Yellow
4182,15,White
4182,72,Dark_Bluish_Gray
4182,73,Medium_Blue
41823,0,Black
41823,15,White
41823,28,Dark_Tan
41823,322,Medium_Azure
41835,0,Black
41835,4,Red
41835,15,White
41835,28,Dark_Tan
41835,226,Bright_Light_Yellow
41835,321,Dark_Azure
4185,0,Black
4185,1,Blue
4185,2,Green
4185,3,Dark_Turquoise
4185,4,Red
4185,5,Dark_Pink
4185,6,Brown
4185,7,Light_Gray
4185,8,Dark_Gray
4185,14,Yellow
4185,15,White
4185,19,Tan
4185,25,Orange
4185,27,Lime
4185,70,Reddish_Brown
4185,71,Light_Bluish_Gray
4185,72,Dark_Bluish_Gray
4185,272,Dark_Blue
41850,0,Black
41850,4,Red
41850,8,Dark_Gray
41850,14,Yellow
41850,15,White
41850,25,Orange
41850,73,Medium_Blue
4185177,0,Black
4185177,1,Blue
4185177,2,Green
4185177,3,Dark_Turquoise
4185177,4,Red
4185177,5,Dark_Pink
4185177,6,Brown
4185177,7,Light_Gray
4185177,8,Dark_Gray
4185177,10,Bright_Green
4185177,13,Pink
4185177,14,Yellow
4185177,15,White
4185177,18,Light_Yellow
4185177,19,Tan
4185177,25,Orange
4185177,26,Magenta
4185177,27,Lime
4185177,28,Dark_Tan
4185177,29,Bright_Pink
4185177,30,Medium_Lavender
4185177,31,Lavender
4185177,70,Reddish_Brown
4185177,71,Light_Bluish_Gray
4185177,72,Dark_Bluish_Gray
4185177,73,Medium_Blue
4185177,77,Light_Pink
4185177,85,Dark_Purple
4185177,118,Aqua
4185177,191,Bright_Light_Orange
4185177,212,Bright_Light_Blue
4185177,226,Bright_Light_Yellow
4185177,232,Sky_Blue
4185177,272,Dark_Blue
4185177,288,Dark_Green
4185177,308,Dark_Brown
4185177,320,Dark_Red
4185177,321,Dark_Azure
4185177,322,Medium_Azure
4185177,323,Light_Aqua
4185177,326,Yellowish_Green
4185177,378,Sand_Green
4185177,379,Sand_Blue
4185177,484,Dark_Orange
41854,0,Black
41854,1,Blue
41854,2,Green
41854,4,Red
41854,7,Light_Gray
41854,8,Dark_Gray
41854,14,Yellow
41854,15,White
41854,19,Tan
41854,25,Orange
41854,26,Magenta
41854,27,Lime
41854,71,Light_Bluish_Gray
41854,72,Dark_Bluish_Gray
41854,73,Medium_Blue
41854,85,Dark_Purple
41854,191,Bright_Light_Orange
41854,272,Dark_Blue
41854,308,Dark_Brown
41854,320,Dark_Red
41854,321,Dark_Azure
41854,323,Light_Aqua
41854,330,Olive_Green
41854,484,Dark_Orange
41855,0,Black
41855,1,Blue
41855,2,Green
41855,4,Red
41855,14,Yellow
41855,15,White
41855,19,Tan
41855,25,Orange
41855,27,Lime
41855,71,Light_Bluish_Gray
41855,72,Dark_Bluish_Gray
41855,73,Medium_Blue
41855,191,Bright_Light_Orange
41855,272,Dark_Blue
41855,320,Dark_Red
4186,1,Blue
4186,2,Green
4186,4,Red
4186,7,Light_Gray
4186,10,Bright_Green
4186,14,Yellow
4186,15,White
4186,18,Light_Yellow
4186,19,Tan
4186,71,Light_Bluish_Gray
4186017,0,Black
4186017,1,Blue
4186017,7,Light_Gray
4186017,15,White
4186017,19,Tan
4186017,71,Light_Bluish_Gray
4186017,212,Bright_Light_Blue
41862,0,Black
41862,1,Blue
41862,2,Green
41862,4,Red
41862,6,Brown
41862,7,Light_Gray
41862,8,Dark_Gray
41862,14,Yellow
41862,15,White
41862,25,Orange
41862,27,Lime
41862,71,Light_Bluish_Gray
41862,72,Dark_Bluish_Gray
41862,73,Medium_Blue
41862,308,Dark_Brown
41862,320,Dark_Red
41862,379,Sand_Blue
4186h,1,Blue
4186h,2,Green
4186h,4,Red
4186h,7,Light_Gray
4186h,10,Bright_Green
4186h,14,Yellow
4186h,15,White
4186h,18,Light_Yellow
4186h,19,Tan
4186h,71,Light_Bluish_Gray
4187,2,Green
4187,7,Light_Gray
4187,15,White
4187,19,Tan
4187750,0,Black
4187750,1,Blue
4187750,2,Green
4187750,4,Red
4187750,5,Dark_Pink
4187750,6,Brown
4187750,7,Light_Gray
4187750,8,Dark_Gray
4187750,13,Pink
4187750,14,Yellow
4187750,15,White
4187750,18,Light_Yellow
4187750,19,Tan
4187750,25,Orange
4187750,27,Lime
4187750,28,Dark_Tan
4187750,29,Bright_Pink
4187750,70,Reddish_Brown
4187750,71,Light_Bluish_Gray
4187750,72,Dark_Bluish_Gray
4187750,89,Blue_Violet
4187750,191,Bright_Light_Orange
4187750,320,Dark_Red
4187750,323,Light_Aqua
4187750,351,Medium_Dark_Pink
4187750,378,Sand_Green
4187750,379,Sand_Blue
41879a,0,Black
41879a,1,Blue
41879a,2,Green
41879a,3,Dark_Turquoise
41879a,4,Red
41879a,5,Dark_Pink
41879a,6,Brown
41879a,7,Light_Gray
41879a,10,Bright_Green
41879a,14,Yellow
41879a,15,White
41879a,19,Tan
41879a,25,Orange
41879a,26,Magenta
41879a,27,Lime
41879a,28,Dark_Tan
41879a,29,Bright_Pink
41879a,30,Medium_Lavender
41879a,70,Reddish_Brown
41879a,71,Light_Bluish_Gray
41879a,72,Dark_Bluish_Gray
41879a,73,Medium_Blue
41879a,85,Dark_Purple
41879a,112,Medium_Violet
41879a,191,Bright_Light_Orange
41879a,212,Bright_Light_Blue
41879a,272,Dark_Blue
41879a,288,Dark_Green
41879a,308,Dark_Brown
41879a,320,Dark_Red
41879a,321,Dark_Azure
41879a,322,Medium_Azure
41879a,323,Light_Aqua
41879a,378,Sand_Green
41879a,379,Sand_Blue
41879a,484,Dark_Orange
4187h,2,Green
4187h,7,Light_Gray
4187h,15,White
4187h,19,Tan
41880,378,Sand_Green
41889,7,Light_Gray
41890,7,Light_Gray
41893,0,Black
41894,0,Black
41896,0,Black
41896,7,Light_Gray
41896,14,Yellow
41896,15,White
41896,27,Lime
41896,71,Light_Bluish_Gray
41896,320,Dark_Red
41897,0,Black
4190,0,Black
4190,3,Dark_Turquoise
4190,14,Yellow
4190,15,White
4190,72,Dark_Bluish_Gray
4190,288,Dark_Green
4190,308,Dark_Brown
4192,71,Light_Bluish_Gray
4193479,0,Black
4193479,1,Blue
4193479,2,Green
4193479,4,Red
4193479,7,Light_Gray
4193479,14,Yellow
4193479,15,White
4193479,19,Tan
4193479,25,Orange
4193479,27,Lime
4193479,70,Reddish_Brown
4193479,71,Light_Bluish_Gray
4193479,72,Dark_Bluish_Gray
4193479,73,Medium_Blue
4193479,320,Dark_Red
4193528,0,Black
4193528,1,Blue
4193528,2,Green
4193528,4,Red
4193528,6,Brown
4193528,7,Light_Gray
4193528,8,Dark_Gray
4193528,14,Yellow
4193528,15,White
4193528,19,Tan
4193528,25,Orange
4193528,27,Lime
4193528,70,Reddish_Brown
4193528,71,Light_Bluish_Gray
4193528,72,Dark_Bluish_Gray
4193528,85,Dark_Purple
4193528,320,Dark_Red
41948,1,Blue
41948,2,Green
41948,3,Dark_Turquoise
41948,4,Red
41948,10,Bright_Green
41948,15,White
41948,19,Tan
41948,26,Magenta
41948,27,Lime
41948,29,Bright_Pink
41948,30,Medium_Lavender
41948,31,Lavender
41948,71,Light_Bluish_Gray
41948,212,Bright_Light_Blue
41948,226,Bright_Light_Yellow
41948,272,Dark_Blue
41948,320,Dark_Red
41948,321,Dark_Azure
41948,322,Medium_Azure
41948,323,Light_Aqua
41948,326,Yellowish_Green
41948,330,Olive_Green
4196,0,Black
4196,1,Blue
4196,2,Green
4196,4,Red
4196,6,Brown
4196,8,Dark_Gray
4196,10,Bright_Green
4196,14,Yellow
4196,15,White
4196,19,Tan
4196,25,Orange
4196,27,Lime
4196,70,Reddish_Brown
4196,71,Light_Bluish_Gray
4196,72,Dark_Bluish_Gray
4196,73,Medium_Blue
4196,226,Bright_Light_Yellow
4196,320,Dark_Red
4196,326,Yellowish_Green
4198,0,Black
4198,1,Blue
4198,2,Green
4198,4,Red
4198,5,Dark_Pink
4198,14,Yellow
4198,15,White
4198,22,Purple
4198,25,Orange
4198,26,Magenta
4198,70,Reddish_Brown
4198,73,Medium_Blue
4198,110,Violet
4198367,0,Black
4199,0,Black
4199,1,Blue
4199,2,Green
4199,4,Red
4199,6,Brown
4199,7,Light_Gray
4199,8,Dark_Gray
4199,10,Bright_Green
4199,14,Yellow
4199,15,White
4199,25,Orange
4199,28,Dark_Tan
4199,71,Light_Bluish_Gray
4199,72,Dark_Bluish_Gray
4199,73,Medium_Blue
4199,151,Very_Light_Bluish_Gray
4199,212,Bright_Light_Blue
4199,462,Medium_Orange
420,7,Light_Gray
420,14,Yellow
42003,0,Black
42003,1,Blue
42003,3,Dark_Turquoise
42003,4,Red
42003,7,Light_Gray
42003,8,Dark_Gray
42003,10,Bright_Green
42003,14,Yellow
42003,15,White
42003,25,Orange
42003,27,Lime
42003,71,Light_Bluish_Gray
42003,72,Dark_Bluish_Gray
42003,191,Bright_Light_Orange
42003,272,Dark_Blue
42003,321,Dark_Azure
4201,0,Black
4201,1,Blue
4201,2,Green
4201,4,Red
4201,7,Light_Gray
4201,8,Dark_Gray
4201,10,Bright_Green
4201,15,White
4201,20,Light_Violet
4201,26,Magenta
4201,72,Dark_Bluish_Gray
4201,73,Medium_Blue
4201,74,Medium_Green
42019,0,Black
42019,1,Blue
42019,2,Green
42019,4,Red
42019,14,Yellow
42019,15,White
42019,19,Tan
42019,25,Orange
42019,27,Lime
42019,28,Dark_Tan
42019,29,Bright_Pink
42019,70,Reddish_Brown
42019,71,Light_Bluish_Gray
42019,72,Dark_Bluish_Gray
42019,73,Medium_Blue
42019,191,Bright_Light_Orange
42019,212,Bright_Light_Blue
42019,272,Dark_Blue
42019,320,Dark_Red
42019,321,Dark_Azure
42019,322,Medium_Azure
42019,378,Sand_Green
42019,379,Sand_Blue
4202,0,Black
4202,1,Blue
4202,2,Green
4202,4,Red
4202,5,Dark_Pink
4202,7,Light_Gray
4202,8,Dark_Gray
4202,14,Yellow
4202,15,White
4202,18,Light_Yellow
4202,20,Light_Violet
4202,71,Light_Bluish_Gray
4202,72,Dark_Bluish_Gray
4202,226,Bright_Light_Yellow
4202,320,Dark_Red
42020,0,Black
42020,1,Blue
42020,2,Green
42020,4,Red
42020,14,Yellow
42020,15,White
42020,19,Tan
42020,25,Orange
42020,27,Lime
42020,28,Dark_Tan
42020,29,Bright_Pink
42020,70,Reddish_Brown
42020,71,Light_Bluish_Gray
42020,72,Dark_Bluish_Gray
42020,73,Medium_Blue
42020,191,Bright_Light_Orange
42020,212,Bright_Light_Blue
42020,272,Dark_Blue
42020,320,Dark_Red
42020,321,Dark_Azure
42020,322,Medium_Azure
42020,378,Sand_Green
42020,379,Sand_Blue
42021,0,Black
42021,1,Blue
42021,2,Green
42021,4,Red
42021,7,Light_Gray
42021,14,Yellow
42021,15,White
42021,19,Tan
42021,27,Lime
42021,70,Reddish_Brown
42021,71,Light_Bluish_Gray
42021,72,Dark_Bluish_Gray
42021,73,Medium_Blue
42021,272,Dark_Blue
42022,0,Black
42022,1,Blue
42022,2,Green
42022,3,Dark_Turquoise
42022,4,Red
42022,5,Dark_Pink
42022,8,Dark_Gray
42022,14,Yellow
42022,15,White
42022,18,Light_Yellow
42022,19,Tan
42022,25,Orange
42022,26,Magenta
42022,27,Lime
42022,28,Dark_Tan
42022,29,Bright_Pink
42022,31,Lavender
42022,70,Reddish_Brown
42022,71,Light_Bluish_Gray
42022,72,Dark_Bluish_Gray
42022,73,Medium_Blue
42022,85,Dark_Purple
42022,212,Bright_Light_Blue
42022,272,Dark_Blue
42022,288,Dark_Green
42022,308,Dark_Brown
42022,320,Dark_Red
42022,321,Dark_Azure
42022,378,Sand_Green
42022,379,Sand_Blue
42022,462,Medium_Orange
42022,484,Dark_Orange
42023,0,Black
42023,1,Blue
42023,3,Dark_Turquoise
42023,4,Red
42023,7,Light_Gray
42023,8,Dark_Gray
42023,14,Yellow
42023,15,White
42023,19,Tan
42023,25,Orange
42023,27,Lime
42023,29,Bright_Pink
42023,70,Reddish_Brown
42023,71,Light_Bluish_Gray
42023,72,Dark_Bluish_Gray
42023,73,Medium_Blue
42023,191,Bright_Light_Orange
42023,226,Bright_Light_Yellow
42023,272,Dark_Blue
42023,288,Dark_Green
42023,313,Maersk_Blue
42023,320,Dark_Red
42023,322,Medium_Azure
42023,378,Sand_Green
42023,379,Sand_Blue
4203,0,Black
4203,1,Blue
4203,2,Green
4203,4,Red
4203,7,Light_Gray
4203,8,Dark_Gray
4203,10,Bright_Green
4203,15,White
4203,20,Light_Violet
4203,26,Magenta
4203,72,Dark_Bluish_Gray
4203,73,Medium_Blue
4203,74,Medium_Green
4204,0,Black
4204,1,Blue
4204,2,Green
4204,4,Red
4204,6,Brown
4204,7,Light_Gray
4204,8,Dark_Gray
4204,14,Yellow
4204,15,White
4204,19,Tan
4204,72,Dark_Bluish_Gray
4204,74,Medium_Green
4204,120,Light_Lime
42042,0,Black
42042,1,Blue
42042,2,Green
42042,4,Red
42042,6,Brown
42042,7,Light_Gray
42042,8,Dark_Gray
42042,14,Yellow
42042,15,White
42042,19,Tan
42042,22,Purple
42042,25,Orange
42042,27,Lime
42042,73,Medium_Blue
42042a,0,Black
42042a,1,Blue
42042a,2,Green
42042a,4,Red
42042a,8,Dark_Gray
42042a,14,Yellow
42042a,15,White
42042a,19,Tan
42042a,22,Purple
42042a,25,Orange
42042a,27,Lime
42042a,73,Medium_Blue
42060,0,Black
42060,1,Blue
42060,4,Red
42060,7,Light_Gray
42060,8,Dark_Gray
42060,14,Yellow
42060,15,White
42060,27,Lime
42060,28,Dark_Tan
42060,70,Reddish_Brown
42060,71,Light_Bluish_Gray
42060,72,Dark_Bluish_Gray
42060,191,Bright_Light_Orange
42060,272,Dark_Blue
42060,308,Dark_Brown
42060,320,Dark_Red
42060,330,Olive_Green
42060,379,Sand_Blue
42061,0,Black
42061,1,Blue
42061,4,Red
42061,7,Light_Gray
42061,8,Dark_Gray
42061,15,White
42061,27,Lime
42061,28,Dark_Tan
42061,70,Reddish_Brown
42061,71,Light_Bluish_Gray
42061,72,Dark_Bluish_Gray
42061,191,Bright_Light_Orange
42061,272,Dark_Blue
42061,308,Dark_Brown
42061,320,Dark_Red
42061,330,Olive_Green
42061,379,Sand_Blue
4206482,0,Black
4206482,1,Blue
4206482,15,White
4207,0,Black
4207,1,Blue
4207,2,Green
4207,4,Red
4207,6,Brown
4207,7,Light_Gray
4207,14,Yellow
4207,15,White
4207,19,Tan
4207,70,Reddish_Brown
4207,71,Light_Bluish_Gray
4207,191,Bright_Light_Orange
42073c01,8,Dark_Gray
42074,0,Black
42074,2,Green
42074,4,Red
42074,14,Yellow
42074,15,White
42074,71,Light_Bluish_Gray
42074,72,Dark_Bluish_Gray
42074,73,Medium_Blue
4207a,0,Black
4207a,1,Blue
4207a,2,Green
4207a,4,Red
4207a,6,Brown
4207a,7,Light_Gray
4207a,14,Yellow
4207a,15,White
4207a,19,Tan
4207a,70,Reddish_Brown
4207a,71,Light_Bluish_Gray
4207a,191,Bright_Light_Orange
4208,0,Black
4209,0,Black
4209,4,Red
4209,6,Brown
4209,7,Light_Gray
4209,14,Yellow
4209,15,White
4209,71,Light_Bluish_Gray
42090,0,Black
42093,10,Bright_Green
42093,14,Yellow
42093,25,Orange
42093,503,Very_Light_Gray
421,7,Light_Gray
421,14,Yellow
4210,0,Black
4210,2,Green
4210,7,Light_Gray
4210,14,Yellow
4210,71,Light_Bluish_Gray
4210531,0,Black
4210531,1,Blue
4210531,2,Green
4210531,3,Dark_Turquoise
4210531,4,Red
4210531,6,Brown
4210531,7,Light_Gray
4210531,8,Dark_Gray
4210531,14,Yellow
4210531,15,White
4210531,19,Tan
4210531,22,Purple
4210531,25,Orange
4210531,27,Lime
4210531,70,Reddish_Brown
4210531,71,Light_Bluish_Gray
4210531,72,Dark_Bluish_Gray
4210531,73,Medium_Blue
4210531,85,Dark_Purple
4210531,191,Bright_Light_Orange
4210531,272,Dark_Blue
4210531,288,Dark_Green
4210531,320,Dark_Red
4210531,321,Dark_Azure
4210531,330,Olive_Green
4210531,335,Sand_Red
4210531,378,Sand_Green
4210531,379,Sand_Blue
4210531,484,Dark_Orange
4210698,0,Black
4210698,1,Blue
4210698,2,Green
4210698,4,Red
4210698,6,Brown
4210698,7,Light_Gray
4210698,8,Dark_Gray
4210698,12,Salmon
4210698,14,Yellow
4210698,15,White
4210698,19,Tan
4210698,71,Light_Bluish_Gray
4210698,72,Dark_Bluish_Gray
42109,19,Tan
4211,0,Black
4211,1,Blue
4211,2,Green
4211,4,Red
4211,7,Light_Gray
4211,8,Dark_Gray
4211,14,Yellow
4211,15,White
4211,72,Dark_Bluish_Gray
4211000,0,Black
4211000,1,Blue
4211000,2,Green
4211000,3,Dark_Turquoise
4211000,4,Red
4211000,6,Brown
4211000,7,Light_Gray
4211000,8,Dark_Gray
4211000,14,Yellow
4211000,15,White
4211000,19,Tan
4211000,22,Purple
4211000,25,Orange
4211000,26,Magenta
4211000,27,Lime
4211000,28,Dark_Tan
4211000,30,Medium_Lavender
4211000,69,Light_Purple
4211000,70,Reddish_Brown
4211000,71,Light_Bluish_Gray
4211000,72,Dark_Bluish_Gray
4211000,73,Medium_Blue
4211000,85,Dark_Purple
4211000,191,Bright_Light_Orange
4211000,212,Bright_Light_Blue
4211000,226,Bright_Light_Yellow
4211000,272,Dark_Blue
4211000,288,Dark_Green
4211000,308,Dark_Brown
4211000,313,Maersk_Blue
4211000,320,Dark_Red
4211000,321,Dark_Azure
4211000,322,Medium_Azure
4211000,323,Light_Aqua
4211000,378,Sand_Green
4211000,379,Sand_Blue
4211000,484,Dark_Orange
4211044,0,Black
4211044,1,Blue
4211044,2,Green
4211044,3,Dark_Turquoise
4211044,4,Red
4211044,6,Brown
4211044,7,Light_Gray
4211044,8,Dark_Gray
4211044,10,Bright_Green
4211044,14,Yellow
4211044,15,White
4211044,19,Tan
4211044,25,Orange
4211044,26,Magenta
4211044,27,Lime
4211044,28,Dark_Tan
4211044,29,Bright_Pink
4211044,68,Very_Light_Orange
4211044,70,Reddish_Brown
4211044,71,Light_Bluish_Gray
4211044,72,Dark_Bluish_Gray
4211044,73,Medium_Blue
4211044,191,Bright_Light_Orange
4211044,212,Bright_Light_Blue
4211044,272,Dark_Blue
4211044,288,Dark_Green
4211044,313,Maersk_Blue
4211044,320,Dark_Red
4211044,321,Dark_Azure
4211044,322,Medium_Azure
4211044,378,Sand_Green
4211044,379,Sand_Blue
4211063,0,Black
4211063,1,Blue
4211063,2,Green
4211063,3,Dark_Turquoise
4211063,4,Red
4211063,5,Dark_Pink
4211063,6,Brown
4211063,7,Light_Gray
4211063,8,Dark_Gray
4211063,10,Bright_Green
4211063,13,Pink
4211063,14,Yellow
4211063,15,White
4211063,18,Light_Yellow
4211063,19,Tan
4211063,22,Purple
4211063,25,Orange
4211063,26,Magenta
4211063,27,Lime
4211063,28,Dark_Tan
4211063,29,Bright_Pink
4211063,30,Medium_Lavender
4211063,31,Lavender
4211063,68,Very_Light_Orange
4211063,70,Reddish_Brown
4211063,71,Light_Bluish_Gray
4211063,72,Dark_Bluish_Gray
4211063,73,Medium_Blue
4211063,77,Light_Pink
4211063,85,Dark_Purple
4211063,89,Blue_Violet
4211063,118,Aqua
4211063,125,Light_Orange
4211063,151,Very_Light_Bluish_Gray
4211063,191,Bright_Light_Orange
4211063,212,Bright_Light_Blue
4211063,226,Bright_Light_Yellow
4211063,232,Sky_Blue
4211063,272,Dark_Blue
4211063,288,Dark_Green
4211063,308,Dark_Brown
4211063,313,Maersk_Blue
4211063,320,Dark_Red
4211063,321,Dark_Azure
4211063,322,Medium_Azure
4211063,323,Light_Aqua
4211063,326,Yellowish_Green
4211063,330,Olive_Green
4211063,335,Sand_Red
4211063,351,Medium_Dark_Pink
4211063,378,Sand_Green
4211063,379,Sand_Blue
4211063,462,Medium_Orange
4211063,484,Dark_Orange
4211069,0,Black
4211069,1,Blue
4211069,2,Green
4211069,3,Dark_Turquoise
4211069,4,Red
4211069,6,Brown
4211069,7,Light_Gray
4211069,8,Dark_Gray
4211069,14,Yellow
4211069,15,White
4211069,19,Tan
4211069,25,Orange
4211069,27,Lime
4211069,70,Reddish_Brown
4211069,71,Light_Bluish_Gray
4211069,72,Dark_Bluish_Gray
4211069,73,Medium_Blue
4211069,74,Medium_Green
4211069,85,Dark_Purple
4211069,120,Light_Lime
4211069,288,Dark_Green
4211069,320,Dark_Red
4211069,326,Yellowish_Green
4211152,0,Black
4211152,1,Blue
4211152,2,Green
4211152,3,Dark_Turquoise
4211152,4,Red
4211152,5,Dark_Pink
4211152,6,Brown
4211152,7,Light_Gray
4211152,8,Dark_Gray
4211152,10,Bright_Green
4211152,13,Pink
4211152,14,Yellow
4211152,15,White
4211152,18,Light_Yellow
4211152,19,Tan
4211152,22,Purple
4211152,25,Orange
4211152,26,Magenta
4211152,27,Lime
4211152,28,Dark_Tan
4211152,29,Bright_Pink
4211152,30,Medium_Lavender
4211152,31,Lavender
4211152,68,Very_Light_Orange
4211152,70,Reddish_Brown
4211152,71,Light_Bluish_Gray
4211152,72,Dark_Bluish_Gray
4211152,73,Medium_Blue
4211152,77,Light_Pink
4211152,85,Dark_Purple
4211152,89,Blue_Violet
4211152,125,Light_Orange
4211152,151,Very_Light_Bluish_Gray
4211152,191,Bright_Light_Orange
4211152,212,Bright_Light_Blue
4211152,226,Bright_Light_Yellow
4211152,272,Dark_Blue
4211152,288,Dark_Green
4211152,308,Dark_Brown
4211152,313,Maersk_Blue
4211152,320,Dark_Red
4211152,321,Dark_Azure
4211152,322,Medium_Azure
4211152,323,Light_Aqua
4211152,326,Yellowish_Green
4211152,330,Olive_Green
4211152,351,Medium_Dark_Pink
4211152,378,Sand_Green
4211152,379,Sand_Blue
4211152,462,Medium_Orange
4211152,484,Dark_Orange
4211385,0,Black
4211385,1,Blue
4211385,2,Green
4211385,3,Dark_Turquoise
4211385,4,Red
4211385,5,Dark_Pink
4211385,6,Brown
4211385,7,Light_Gray
4211385,8,Dark_Gray
4211385,10,Bright_Green
4211385,12,Salmon
4211385,13,Pink
4211385,14,Yellow
4211385,15,White
4211385,18,Light_Yellow
4211385,19,Tan
4211385,22,Purple
4211385,25,Orange
4211385,26,Magenta
4211385,27,Lime
4211385,28,Dark_Tan
4211385,29,Bright_Pink
4211385,30,Medium_Lavender
4211385,31,Lavender
4211385,68,Very_Light_Orange
4211385,69,Light_Purple
4211385,70,Reddish_Brown
4211385,71,Light_Bluish_Gray
4211385,72,Dark_Bluish_Gray
4211385,73,Medium_Blue
4211385,85,Dark_Purple
4211385,89,Blue_Violet
4211385,112,Medium_Violet
4211385,125,Light_Orange
4211385,191,Bright_Light_Orange
4211385,212,Bright_Light_Blue
4211385,226,Bright_Light_Yellow
4211385,272,Dark_Blue
4211385,288,Dark_Green
4211385,308,Dark_Brown
4211385,313,Maersk_Blue
4211385,320,Dark_Red
4211385,321,Dark_Azure
4211385,322,Medium_Azure
4211385,323,Light_Aqua
4211385,326,Yellowish_Green
4211385,330,Olive_Green
4211385,335,Sand_Red
4211385,351,Medium_Dark_Pink
4211385,378,Sand_Green
4211385,379,Sand_Blue
4211385,462,Medium_Orange
4211385,484,Dark_Orange
4211388,0,Black
4211388,1,Blue
4211388,2,Green
4211388,3,Dark_Turquoise
4211388,4,Red
4211388,5,Dark_Pink
4211388,6,Brown
4211388,7,Light_Gray
4211388,8,Dark_Gray
4211388,10,Bright_Green
4211388,13,Pink
4211388,14,Yellow
4211388,15,White
4211388,18,Light_Yellow
4211388,19,Tan
4211388,22,Purple
4211388,25,Orange
4211388,26,Magenta
4211388,27,Lime
4211388,28,Dark_Tan
4211388,29,Bright_Pink
4211388,30,Medium_Lavender
4211388,31,Lavender
4211388,68,Very_Light_Orange
4211388,69,Light_Purple
4211388,70,Reddish_Brown
4211388,71,Light_Bluish_Gray
4211388,72,Dark_Bluish_Gray
4211388,73,Medium_Blue
4211388,74,Medium_Green
4211388,85,Dark_Purple
4211388,89,Blue_Violet
4211388,118,Aqua
4211388,125,Light_Orange
4211388,151,Very_Light_Bluish_Gray
4211388,191,Bright_Light_Orange
4211388,212,Bright_Light_Blue
4211388,226,Bright_Light_Yellow
4211388,272,Dark_Blue
4211388,288,Dark_Green
4211388,308,Dark_Brown
4211388,313,Maersk_Blue
4211388,320,Dark_Red
4211388,321,Dark_Azure
4211388,322,Medium_Azure
4211388,323,Light_Aqua
4211388,326,Yellowish_Green
4211388,330,Olive_Green
4211388,335,Sand_Red
4211388,351,Medium_Dark_Pink
4211388,378,Sand_Green
4211388,379,Sand_Blue
4211388,462,Medium_Orange
4211388,484,Dark_Orange
4211395,0,Black
4211395,1,Blue
4211395,2,Green
4211395,3,Dark_Turquoise
4211395,4,Red
4211395,5,Dark_Pink
4211395,6,Brown
4211395,7,Light_Gray
4211395,8,Dark_Gray
4211395,10,Bright_Green
4211395,11,Light_Turquoise
4211395,13,Pink
4211395,14,Yellow
4211395,15,White
4211395,18,Light_Yellow
4211395,19,Tan
4211395,22,Purple
4211395,25,Orange
4211395,26,Magenta
4211395,27,Lime
4211395,28,Dark_Tan
4211395,29,Bright_Pink
4211395,30,Medium_Lavender
4211395,31,Lavender
4211395,68,Very_Light_Orange
4211395,69,Light_Purple
4211395,70,Reddish_Brown
4211395,71,Light_Bluish_Gray
4211395,72,Dark_Bluish_Gray
4211395,73,Medium_Blue
4211395,85,Dark_Purple
4211395,118,Aqua
4211395,151,Very_Light_Bluish_Gray
4211395,191,Bright_Light_Orange
4211395,212,Bright_Light_Blue
4211395,226,Bright_Light_Yellow
4211395,232,Sky_Blue
4211395,272,Dark_Blue
4211395,288,Dark_Green
4211395,308,Dark_Brown
4211395,313,Maersk_Blue
4211395,320,Dark_Red
4211395,321,Dark_Azure
4211395,322,Medium_Azure
4211395,323,Light_Aqua
4211395,326,Yellowish_Green
4211395,330,Olive_Green
4211395,351,Medium_Dark_Pink
4211395,378,Sand_Green
4211395,379,Sand_Blue
4211395,462,Medium_Orange
4211395,484,Dark_Orange
4211396,0,Black
4211396,1,Blue
4211396,2,Green
4211396,3,Dark_Turquoise
4211396,4,Red
4211396,5,Dark_Pink
4211396,6,Brown
4211396,7,Light_Gray
4211396,8,Dark_Gray
4211396,10,Bright_Green
4211396,13,Pink
4211396,14,Yellow
4211396,15,White
4211396,18,Light_Yellow
4211396,19,Tan
4211396,22,Purple
4211396,25,Orange
4211396,26,Magenta
4211396,27,Lime
4211396,28,Dark_Tan
4211396,29,Bright_Pink
4211396,30,Medium_Lavender
4211396,31,Lavender
4211396,68,Very_Light_Orange
4211396,70,Reddish_Brown
4211396,71,Light_Bluish_Gray
4211396,72,Dark_Bluish_Gray
4211396,73,Medium_Blue
4211396,74,Medium_Green
4211396,85,Dark_Purple
4211396,89,Blue_Violet
4211396,110,Violet
4211396,125,Light_Orange
4211396,151,Very_Light_Bluish_Gray
4211396,191,Bright_Light_Orange
4211396,212,Bright_Light_Blue
4211396,226,Bright_Light_Yellow
4211396,272,Dark_Blue
4211396,288,Dark_Green
4211396,308,Dark_Brown
4211396,313,Maersk_Blue
4211396,320,Dark_Red
4211396,321,Dark_Azure
4211396,322,Medium_Azure
4211396,323,Light_Aqua
4211396,326,Yellowish_Green
4211396,330,Olive_Green
4211396,335,Sand_Red
4211396,351,Medium_Dark_Pink
4211396,378,Sand_Green
4211396,379,Sand_Blue
4211396,462,Medium_Orange
4211396,484,Dark_Orange
42114,19,Tan
4211477,0,Black
4211477,1,Blue
4211477,2,Green
4211477,4,Red
4211477,6,Brown
4211477,7,Light_Gray
4211477,8,Dark_Gray
4211477,14,Yellow
4211477,15,White
4211477,19,Tan
4211477,25,Orange
4211477,26,Magenta
4211477,27,Lime
4211477,70,Reddish_Brown
4211477,71,Light_Bluish_Gray
4211477,72,Dark_Bluish_Gray
4211477,73,Medium_Blue
4211477,272,Dark_Blue
4211477,320,Dark_Red
4211477,321,Dark_Azure
4211477,322,Medium_Azure
4211477,378,Sand_Green
4211483,1,Blue
4211483,7,Light_Gray
4211483,15,White
4211483,71,Light_Bluish_Gray
4211536,0,Black
4211536,1,Blue
4211536,2,Green
4211536,3,Dark_Turquoise
4211536,4,Red
4211536,6,Brown
4211536,7,Light_Gray
4211536,8,Dark_Gray
4211536,14,Yellow
4211536,15,White
4211536,19,Tan
4211536,22,Purple
4211536,25,Orange
4211536,27,Lime
4211536,71,Light_Bluish_Gray
4211536,72,Dark_Bluish_Gray
4211536,73,Medium_Blue
4211536,191,Bright_Light_Orange
4211550,0,Black
4211550,1,Blue
4211550,2,Green
4211550,4,Red
4211550,5,Dark_Pink
4211550,6,Brown
4211550,7,Light_Gray
4211550,8,Dark_Gray
4211550,10,Bright_Green
4211550,14,Yellow
4211550,15,White
4211550,19,Tan
4211550,25,Orange
4211550,27,Lime
4211550,29,Bright_Pink
4211550,71,Light_Bluish_Gray
4211550,72,Dark_Bluish_Gray
4211550,73,Medium_Blue
4211550,191,Bright_Light_Orange
4211550,272,Dark_Blue
4211550,308,Dark_Brown
4211550,320,Dark_Red
4211550,321,Dark_Azure
4211550,484,Dark_Orange
4211622,0,Black
4211622,1,Blue
4211622,4,Red
4211622,7,Light_Gray
4211622,14,Yellow
4211622,15,White
4211622,25,Orange
4211622,71,Light_Bluish_Gray
4211807,1,Blue
4211807,7,Light_Gray
4211807,14,Yellow
4211807,71,Light_Bluish_Gray
4211815,0,Black
4211815,4,Red
4211815,7,Light_Gray
4211815,14,Yellow
4211815,15,White
4211815,71,Light_Bluish_Gray
4212,0,Black
4212,1,Blue
4212,2,Green
4212,4,Red
4212,14,Yellow
4212,15,White
4212,72,Dark_Bluish_Gray
4212454,0,Black
4212454,1,Blue
4212454,2,Green
4212454,3,Dark_Turquoise
4212454,4,Red
4212454,5,Dark_Pink
4212454,6,Brown
4212454,7,Light_Gray
4212454,8,Dark_Gray
4212454,10,Bright_Green
4212454,14,Yellow
4212454,15,White
4212454,19,Tan
4212454,25,Orange
4212454,26,Magenta
4212454,27,Lime
4212454,29,Bright_Pink
4212454,31,Lavender
4212454,70,Reddish_Brown
4212454,71,Light_Bluish_Gray
4212454,72,Dark_Bluish_Gray
4212454,73,Medium_Blue
4212454,85,Dark_Purple
4212454,212,Bright_Light_Blue
4212454,272,Dark_Blue
4212454,288,Dark_Green
4212454,308,Dark_Brown
4212454,320,Dark_Red
4212454,321,Dark_Azure
4212454,322,Medium_Azure
4212454,323,Light_Aqua
4212454,326,Yellowish_Green
4212454,351,Medium_Dark_Pink
4212454,378,Sand_Green
4212454,379,Sand_Blue
4212454,484,Dark_Orange
4212a,0,Black
4212a,4,Red
4212a,15,White
4212a,72,Dark_Bluish_Gray
4212b,0,Black
4212b,1,Blue
4212b,2,Green
4212b,4,Red
4212b,14,Yellow
4212b,15,White
4212b,72,Dark_Bluish_Gray
4213,0,Black
4213,1,Blue
4213,2,Green
4213,4,Red
4213,6,Brown
4213,7,Light_Gray
4213,8,Dark_Gray
4213,14,Yellow
4213,15,White
4213,19,Tan
4213,25,Orange
4213,71,Light_Bluish_Gray
4213,72,Dark_Bluish_Gray
4213,313,Maersk_Blue
4214,0,Black
4214,1,Blue
4214,4,Red
4214,7,Light_Gray
4214,14,Yellow
4214,15,White
4215,0,Black
4215,1,Blue
4215,4,Red
4215,6,Brown
4215,7,Light_Gray
4215,8,Dark_Gray
4215,14,Yellow
4215,15,White
4215,19,Tan
4215,25,Orange
4215,28,Dark_Tan
4215,70,Reddish_Brown
4215,71,Light_Bluish_Gray
4215,212,Bright_Light_Blue
4215a,0,Black
4215a,1,Blue
4215a,4,Red
4215a,7,Light_Gray
4215a,14,Yellow
4215a,15,White
4215b,0,Black
4215b,1,Blue
4215b,4,Red
4215b,6,Brown
4215b,7,Light_Gray
4215b,8,Dark_Gray
4215b,14,Yellow
4215b,15,White
4215b,19,Tan
4215b,25,Orange
4215b,28,Dark_Tan
4215b,70,Reddish_Brown
4215b,71,Light_Bluish_Gray
4215b,212,Bright_Light_Blue
4216,0,Black
4216,1,Blue
4216,2,Green
4216,4,Red
4216,6,Brown
4216,7,Light_Gray
4216,8,Dark_Gray
4216,10,Bright_Green
4216,14,Yellow
4216,15,White
4216,19,Tan
4216,27,Lime
4216,28,Dark_Tan
4216,29,Bright_Pink
4216,70,Reddish_Brown
4216,71,Light_Bluish_Gray
4216,72,Dark_Bluish_Gray
4216,288,Dark_Green
4216,320,Dark_Red
4216,322,Medium_Azure
4216,378,Sand_Green
4216,379,Sand_Blue
4216,484,Dark_Orange
4216695,0,Black
4216695,1,Blue
4216695,2,Green
4216695,3,Dark_Turquoise
4216695,4,Red
4216695,5,Dark_Pink
4216695,6,Brown
4216695,7,Light_Gray
4216695,8,Dark_Gray
4216695,10,Bright_Green
4216695,13,Pink
4216695,14,Yellow
4216695,15,White
4216695,18,Light_Yellow
4216695,19,Tan
4216695,22,Purple
4216695,25,Orange
4216695,26,Magenta
4216695,27,Lime
4216695,28,Dark_Tan
4216695,29,Bright_Pink
4216695,30,Medium_Lavender
4216695,31,Lavender
4216695,68,Very_Light_Orange
4216695,69,Light_Purple
4216695,70,Reddish_Brown
4216695,71,Light_Bluish_Gray
4216695,72,Dark_Bluish_Gray
4216695,73,Medium_Blue
4216695,85,Dark_Purple
4216695,89,Blue_Violet
4216695,125,Light_Orange
4216695,151,Very_Light_Bluish_Gray
4216695,191,Bright_Light_Orange
4216695,212,Bright_Light_Blue
4216695,226,Bright_Light_Yellow
4216695,272,Dark_Blue
4216695,288,Dark_Green
4216695,308,Dark_Brown
4216695,313,Maersk_Blue
4216695,320,Dark_Red
4216695,321,Dark_Azure
4216695,322,Medium_Azure
4216695,323,Light_Aqua
4216695,326,Yellowish_Green
4216695,330,Olive_Green
4216695,351,Medium_Dark_Pink
4216695,366,Earth_Orange
4216695,378,Sand_Green
4216695,379,Sand_Blue
4216695,462,Medium_Orange
4216695,484,Dark_Orange
4217,0,Black
4217,1,Blue
4217,4,Red
4217,14,Yellow
4217,15,White
4217,19,Tan
4217,71,Light_Bluish_Gray
4217,72,Dark_Bluish_Gray
4217,323,Light_Aqua
4217115,1,Blue
4217115,2,Green
4217115,6,Brown
4217115,7,Light_Gray
4217115,10,Bright_Green
4217115,14,Yellow
4217115,15,White
4217115,17,Light_Green
4217115,19,Tan
4217115,25,Orange
4217115,71,Light_Bluish_Gray
4217115,72,Dark_Bluish_Gray
4217115,74,Medium_Green
4217115,212,Bright_Light_Blue
4217334,1,Blue
4217334,2,Green
4217334,6,Brown
4217334,7,Light_Gray
4217334,10,Bright_Green
4217334,14,Yellow
4217334,15,White
4217334,17,Light_Green
4217334,19,Tan
4217334,25,Orange
4217334,71,Light_Bluish_Gray
4217334,72,Dark_Bluish_Gray
4217334,74,Medium_Green
4217334,212,Bright_Light_Blue
4218,0,Black
4218,1,Blue
4218,4,Red
4218,14,Yellow
4218,15,White
4218,19,Tan
4218,226,Bright_Light_Yellow
4218,272,Dark_Blue
4218868,0,Black
4218868,3,Dark_Turquoise
4218868,4,Red
4218868,7,Light_Gray
4218868,14,Yellow
4218868,15,White
4218868,70,Reddish_Brown
4218868,71,Light_Bluish_Gray
4218868,72,Dark_Bluish_Gray
4218868,73,Medium_Blue
4218868,321,Dark_Azure
4218868,484,Dark_Orange
4218a,0,Black
4218a,1,Blue
4218a,4,Red
4218a,14,Yellow
4218a,15,White
4218a,19,Tan
4218a,226,Bright_Light_Yellow
4218a,272,Dark_Blue
4218b,0,Black
4218b,1,Blue
4218b,4,Red
4218b,14,Yellow
4218b,15,White
4218b,19,Tan
4218b,226,Bright_Light_Yellow
4218b,272,Dark_Blue
4219,0,Black
4219,1,Blue
4219,4,Red
4219,7,Light_Gray
4219,14,Yellow
4219,15,White
4219,26,Magenta
4219a,0,Black
4219a,1,Blue
4219a,4,Red
4219a,7,Light_Gray
4219a,14,Yellow
4219a,15,White
4219a,26,Magenta
4219b,0,Black
4219b,1,Blue
4219b,4,Red
4219b,7,Light_Gray
4219b,14,Yellow
4219b,15,White
4219b,26,Magenta
422,0,Black
4220,0,Black
4220,1,Blue
4220,7,Light_Gray
4220,14,Yellow
4220,15,White
42205,0,Black
42205,2,Green
42205,3,Dark_Turquoise
42205,5,Dark_Pink
42205,14,Yellow
42205,15,White
42205,31,Lavender
42205,72,Dark_Bluish_Gray
42205,226,Bright_Light_Yellow
42205,308,Dark_Brown
42205,322,Medium_Azure
42205,378,Sand_Green
4220516,0,Black
4220516,1,Blue
4220516,2,Green
4220516,4,Red
4220516,15,White
4220516,19,Tan
4220516,28,Dark_Tan
4220516,29,Bright_Pink
4220516,70,Reddish_Brown
4220516,71,Light_Bluish_Gray
4220516,72,Dark_Bluish_Gray
4220516,73,Medium_Blue
4220516,85,Dark_Purple
4220516,320,Dark_Red
4220516,330,Olive_Green
4220516,378,Sand_Green
4220a,0,Black
4220a,1,Blue
4220a,7,Light_Gray
4220a,14,Yellow
4220a,15,White
4220b,0,Black
4220b,1,Blue
4220b,7,Light_Gray
4220b,14,Yellow
4220b,15,White
4221,0,Black
4221,7,Light_Gray
4221774,0,Black
4221774,1,Blue
4221774,4,Red
4221774,14,Yellow
4221774,15,White
4221774,71,Light_Bluish_Gray
4222a,1,Blue
4222a,4,Red
4222a,6,Brown
4222a,26,Magenta
4222a,118,Aqua
4222a,450,Fabuland_Brown
4223,1,Blue
4223,6,Brown
4223,450,Fabuland_Brown
4223189,0,Black
4223189,1,Blue
4223189,2,Green
4223189,4,Red
4223189,6,Brown
4223189,7,Light_Gray
4223189,8,Dark_Gray
4223189,14,Yellow
4223189,15,White
4223189,19,Tan
4223189,27,Lime
4223189,71,Light_Bluish_Gray
4223189,351,Medium_Dark_Pink
4223189,484,Dark_Orange
42234,0,Black
42234,4,Red
42234,14,Yellow
42234,15,White
42234,25,Orange
42234,70,Reddish_Brown
42235,14,Yellow
42235,25,Orange
4224792,0,Black
4224792,1,Blue
4224792,4,Red
4224792,15,White
4224792,19,Tan
4224792,26,Magenta
4224792,27,Lime
4224792,28,Dark_Tan
4224792,31,Lavender
4224792,70,Reddish_Brown
4224792,71,Light_Bluish_Gray
4224792,72,Dark_Bluish_Gray
4224792,191,Bright_Light_Orange
4224792,212,Bright_Light_Blue
4224792,226,Bright_Light_Yellow
4224792,272,Dark_Blue
4224792,288,Dark_Green
4224792,308,Dark_Brown
4224792,320,Dark_Red
4224792,326,Yellowish_Green
4224792,378,Sand_Green
4224792,379,Sand_Blue
4224792,484,Dark_Orange
4226995,0,Black
4226995,1,Blue
4226995,4,Red
4226995,7,Light_Gray
4226995,14,Yellow
4226995,15,White
4226995,71,Light_Bluish_Gray
4228,1,Blue
4228,4,Red
4228,7,Light_Gray
4228,14,Yellow
4228,15,White
4228,71,Light_Bluish_Gray
42284,0,Black
42284,6,Brown
42284,15,White
42284,28,Dark_Tan
42284,70,Reddish_Brown
42284,72,Dark_Bluish_Gray
42288,7,Light_Gray
42289,0,Black
42289,8,Dark_Gray
4229,0,Black
4229,1,Blue
4229,2,Green
4229,4,Red
4229,7,Light_Gray
4229,14,Yellow
4229,15,White
4229,19,Tan
4229,71,Light_Bluish_Gray
4229,72,Dark_Bluish_Gray
42291,0,Black
42291,6,Brown
42291,15,White
42291,28,Dark_Tan
42291,70,Reddish_Brown
42291,72,Dark_Bluish_Gray
42291,288,Dark_Green
4231,1,Blue
4234,4,Red
4234,216,Rust
4234927,0,Black
4234927,1,Blue
4234927,2,Green
4234927,4,Red
4234927,5,Dark_Pink
4234927,6,Brown
4234927,7,Light_Gray
4234927,8,Dark_Gray
4234927,14,Yellow
4234927,15,White
4234927,19,Tan
4234927,25,Orange
4234927,26,Magenta
4234927,27,Lime
4234927,31,Lavender
4234927,70,Reddish_Brown
4234927,71,Light_Bluish_Gray
4234927,72,Dark_Bluish_Gray
4234927,73,Medium_Blue
4234927,191,Bright_Light_Orange
4234927,272,Dark_Blue
4234927,320,Dark_Red
4234927,322,Medium_Azure
4234927,378,Sand_Green
4234927,462,Medium_Orange
4234927,484,Dark_Orange
4234932,0,Black
4234932,1,Blue
4234932,2,Green
4234932,4,Red
4234932,5,Dark_Pink
4234932,6,Brown
4234932,7,Light_Gray
4234932,8,Dark_Gray
4234932,14,Yellow
4234932,15,White
4234932,19,Tan
4234932,25,Orange
4234932,26,Magenta
4234932,27,Lime
4234932,31,Lavender
4234932,70,Reddish_Brown
4234932,71,Light_Bluish_Gray
4234932,72,Dark_Bluish_Gray
4234932,73,Medium_Blue
4234932,191,Bright_Light_Orange
4234932,272,Dark_Blue
4234932,320,Dark_Red
4234932,322,Medium_Azure
4234932,378,Sand_Green
4234932,462,Medium_Orange
4234932,484,Dark_Orange
4238,2,Green
4238,4,Red
4238,6,Brown
4238,13,Pink
4238,14,Yellow
4238,70,Reddish_Brown
4238,351,Medium_Dark_Pink
424,0,Black
424,1,Blue
424,3,Dark_Turquoise
424,4,Red
424,6,Brown
424,7,Light_Gray
424,14,Yellow
424,15,White
424,19,Tan
424,22,Purple
424,25,Orange
424,71,Light_Bluish_Gray
424,72,Dark_Bluish_Gray
424,85,Dark_Purple
424,320,Dark_Red
424,378,Sand_Green
42409,71,Light_Bluish_Gray
4243824,0,Black
4243824,1,Blue
4243824,2,Green
4243824,3,Dark_Turquoise
4243824,4,Red
4243824,5,Dark_Pink
4243824,6,Brown
4243824,7,Light_Gray
4243824,8,Dark_Gray
4243824,10,Bright_Green
4243824,14,Yellow
4243824,15,White
4243824,19,Tan
4243824,23,Dark_Blue_Violet
4243824,25,Orange
4243824,26,Magenta
4243824,27,Lime
4243824,28,Dark_Tan
4243824,29,Bright_Pink
4243824,30,Medium_Lavender
4243824,31,Lavender
4243824,70,Reddish_Brown
4243824,71,Light_Bluish_Gray
4243824,72,Dark_Bluish_Gray
4243824,73,Medium_Blue
4243824,85,Dark_Purple
4243824,89,Blue_Violet
4243824,191,Bright_Light_Orange
4243824,226,Bright_Light_Yellow
4243824,232,Sky_Blue
4243824,272,Dark_Blue
4243824,288,Dark_Green
4243824,313,Maersk_Blue
4243824,320,Dark_Red
4243824,322,Medium_Azure
4243824,326,Yellowish_Green
4243824,335,Sand_Red
4243824,351,Medium_Dark_Pink
4243824,378,Sand_Green
4243824,379,Sand_Blue
4243824,462,Medium_Orange
42443,8,Dark_Gray
42443,72,Dark_Bluish_Gray
4244362,0,Black
4244362,1,Blue
4244362,2,Green
4244362,3,Dark_Turquoise
4244362,4,Red
4244362,5,Dark_Pink
4244362,10,Bright_Green
4244362,14,Yellow
4244362,15,White
4244362,19,Tan
4244362,25,Orange
4244362,26,Magenta
4244362,27,Lime
4244362,28,Dark_Tan
4244362,29,Bright_Pink
4244362,30,Medium_Lavender
4244362,31,Lavender
4244362,70,Reddish_Brown
4244362,71,Light_Bluish_Gray
4244362,72,Dark_Bluish_Gray
4244362,73,Medium_Blue
4244362,85,Dark_Purple
4244362,191,Bright_Light_Orange
4244362,212,Bright_Light_Blue
4244362,216,Rust
4244362,226,Bright_Light_Yellow
4244362,272,Dark_Blue
4244362,288,Dark_Green
4244362,308,Dark_Brown
4244362,320,Dark_Red
4244362,321,Dark_Azure
4244362,322,Medium_Azure
4244362,323,Light_Aqua
4244362,326,Yellowish_Green
4244362,330,Olive_Green
4244362,378,Sand_Green
4244362,379,Sand_Blue
4244362,484,Dark_Orange
42444,0,Black
42444,2,Green
42445,0,Black
42445,1,Blue
42445,6,Brown
42445,7,Light_Gray
42445,70,Reddish_Brown
42445,71,Light_Bluish_Gray
42445,272,Dark_Blue
42446,0,Black
42446,2,Green
42446,4,Red
42446,7,Light_Gray
42446,8,Dark_Gray
42446,10,Bright_Green
42446,15,White
42446,70,Reddish_Brown
42446,71,Light_Bluish_Gray
42446,72,Dark_Bluish_Gray
42446,308,Dark_Brown
42446,320,Dark_Red
42447,6,Brown
42448,0,Black
42448,7,Light_Gray
42448,70,Reddish_Brown
42448,71,Light_Bluish_Gray
4247,2,Green
4247,4,Red
4247,14,Yellow
4247,71,Light_Bluish_Gray
4247772,0,Black
4247772,1,Blue
4247772,4,Red
4247772,14,Yellow
4247772,15,White
4247772,72,Dark_Bluish_Gray
42509,15,White
42509,30,Medium_Lavender
42509,212,Bright_Light_Blue
42509,226,Bright_Light_Yellow
42509,272,Dark_Blue
42509,326,Yellowish_Green
42511,0,Black
42511,1,Blue
42511,4,Red
42511,7,Light_Gray
42511,14,Yellow
42511,15,White
42511,25,Orange
42511,27,Lime
42511,29,Bright_Pink
42511,85,Dark_Purple
4251162,0,Black
4251162,1,Blue
4251162,2,Green
4251162,3,Dark_Turquoise
4251162,4,Red
4251162,5,Dark_Pink
4251162,10,Bright_Green
4251162,14,Yellow
4251162,15,White
4251162,19,Tan
4251162,25,Orange
4251162,26,Magenta
4251162,27,Lime
4251162,28,Dark_Tan
4251162,29,Bright_Pink
4251162,30,Medium_Lavender
4251162,31,Lavender
4251162,70,Reddish_Brown
4251162,71,Light_Bluish_Gray
4251162,72,Dark_Bluish_Gray
4251162,73,Medium_Blue
4251162,85,Dark_Purple
4251162,89,Blue_Violet
4251162,191,Bright_Light_Orange
4251162,212,Bright_Light_Blue
4251162,226,Bright_Light_Yellow
4251162,272,Dark_Blue
4251162,288,Dark_Green
4251162,308,Dark_Brown
4251162,320,Dark_Red
4251162,321,Dark_Azure
4251162,322,Medium_Azure
4251162,323,Light_Aqua
4251162,326,Yellowish_Green
4251162,378,Sand_Green
4251162,379,Sand_Blue
42529,14,Yellow
42529,72,Dark_Bluish_Gray
42531,1,Blue
42531,4,Red
42531,14,Yellow
42531,15,White
42531,25,Orange
42531,27,Lime
42531,71,Light_Bluish_Gray
42531,272,Dark_Blue
42531,321,Dark_Azure
42534,0,Black
42534,2,Green
42534,3,Dark_Turquoise
42534,4,Red
42534,5,Dark_Pink
42534,8,Dark_Gray
42534,10,Bright_Green
42534,15,White
42534,17,Light_Green
42534,19,Tan
42534,20,Light_Violet
42534,22,Purple
42534,27,Lime
42534,28,Dark_Tan
42534,29,Bright_Pink
42534,30,Medium_Lavender
42534,31,Lavender
42534,71,Light_Bluish_Gray
42534,72,Dark_Bluish_Gray
42534,73,Medium_Blue
42534,74,Medium_Green
42534,85,Dark_Purple
42534,110,Violet
42534,118,Aqua
42534,191,Bright_Light_Orange
42534,212,Bright_Light_Blue
42534,226,Bright_Light_Yellow
42534,272,Dark_Blue
42534,288,Dark_Green
42534,320,Dark_Red
42534,321,Dark_Azure
42534,322,Medium_Azure
42534,378,Sand_Green
42534,484,Dark_Orange
42545,15,White
42545,25,Orange
4255,0,Black
4255,1,Blue
4255,3,Dark_Turquoise
4255,4,Red
4255,7,Light_Gray
4255,8,Dark_Gray
4255,14,Yellow
4255,15,White
4255,70,Reddish_Brown
4255,71,Light_Bluish_Gray
4256622,0,Black
4256622,1,Blue
4256622,2,Green
4256622,3,Dark_Turquoise
4256622,4,Red
4256622,6,Brown
4256622,7,Light_Gray
4256622,8,Dark_Gray
4256622,14,Yellow
4256622,15,White
4256622,19,Tan
4256622,22,Purple
4256622,25,Orange
4256622,27,Lime
4256622,28,Dark_Tan
4256622,70,Reddish_Brown
4256622,71,Light_Bluish_Gray
4256622,72,Dark_Bluish_Gray
4256622,73,Medium_Blue
4256622,191,Bright_Light_Orange
4256622,272,Dark_Blue
4256622,288,Dark_Green
4256622,320,Dark_Red
4256622,378,Sand_Green
4256622,379,Sand_Blue
4256622,484,Dark_Orange
4256738,0,Black
4256738,1,Blue
4256738,2,Green
4256738,4,Red
4256738,6,Brown
4256738,7,Light_Gray
4256738,8,Dark_Gray
4256738,14,Yellow
4256738,15,White
4256738,19,Tan
4256738,25,Orange
4256738,27,Lime
4256738,70,Reddish_Brown
4256738,71,Light_Bluish_Gray
4256738,72,Dark_Bluish_Gray
4256738,85,Dark_Purple
4256738,320,Dark_Red
4259,4,Red
42590,8,Dark_Gray
42590,72,Dark_Bluish_Gray
426,0,Black
426,1,Blue
426,2,Green
426,4,Red
426,6,Brown
426,7,Light_Gray
426,8,Dark_Gray
426,14,Yellow
426,15,White
426,19,Tan
42602,14,Yellow
42602,15,White
42602,25,Orange
42604,15,White
42608,0,Black
42608,7,Light_Gray
42608,71,Light_Bluish_Gray
42608,72,Dark_Bluish_Gray
4261,7,Light_Gray
4261,15,White
4261,71,Light_Bluish_Gray
42610,0,Black
42610,2,Green
42610,4,Red
42610,7,Light_Gray
42610,15,White
42610,71,Light_Bluish_Gray
42610,320,Dark_Red
4261365,1,Blue
4261365,2,Green
4261365,6,Brown
4261365,7,Light_Gray
4261365,10,Bright_Green
4261365,14,Yellow
4261365,15,White
4261365,17,Light_Green
4261365,19,Tan
4261365,25,Orange
4261365,71,Light_Bluish_Gray
4261365,72,Dark_Bluish_Gray
4261365,74,Medium_Green
4261365,212,Bright_Light_Blue
4261453,0,Black
4261453,1,Blue
4261453,2,Green
4261453,3,Dark_Turquoise
4261453,4,Red
4261453,6,Brown
4261453,7,Light_Gray
4261453,8,Dark_Gray
4261453,10,Bright_Green
4261453,14,Yellow
4261453,15,White
4261453,19,Tan
4261453,22,Purple
4261453,25,Orange
4261453,27,Lime
4261453,71,Light_Bluish_Gray
4261453,72,Dark_Bluish_Gray
4261453,73,Medium_Blue
4261453,85,Dark_Purple
4261453,110,Violet
4261453,191,Bright_Light_Orange
4261453,272,Dark_Blue
4261453,308,Dark_Brown
4261453,321,Dark_Azure
4261453,484,Dark_Orange
4261693,0,Black
4261693,1,Blue
4261693,2,Green
4261693,3,Dark_Turquoise
4261693,4,Red
4261693,6,Brown
4261693,7,Light_Gray
4261693,10,Bright_Green
4261693,14,Yellow
4261693,15,White
4261693,19,Tan
4261693,25,Orange
4261693,26,Magenta
4261693,27,Lime
4261693,70,Reddish_Brown
4261693,71,Light_Bluish_Gray
4261693,72,Dark_Bluish_Gray
4261693,73,Medium_Blue
4261693,85,Dark_Purple
4261693,191,Bright_Light_Orange
4261693,272,Dark_Blue
4261693,288,Dark_Green
4261693,320,Dark_Red
4261693,321,Dark_Azure
4261693,322,Medium_Azure
4261693,323,Light_Aqua
4261693,378,Sand_Green
4262,0,Black
4262,4,Red
4262,7,Light_Gray
4262,71,Light_Bluish_Gray
4263,0,Black
4263,1,Blue
4263,4,Red
4263,7,Light_Gray
4263,14,Yellow
4263,15,White
4263624,0,Black
4263624,15,White
4263624,72,Dark_Bluish_Gray
4265,7,Light_Gray
42657,0,Black
42657,1,Blue
42657,2,Green
42657,4,Red
42657,5,Dark_Pink
42657,10,Bright_Green
42657,14,Yellow
42657,15,White
42657,17,Light_Green
42657,18,Light_Yellow
42657,19,Tan
42657,25,Orange
42657,26,Magenta
42657,28,Dark_Tan
42657,29,Bright_Pink
42657,31,Lavender
42657,70,Reddish_Brown
42657,71,Light_Bluish_Gray
42657,72,Dark_Bluish_Gray
42657,73,Medium_Blue
42657,74,Medium_Green
42657,120,Light_Lime
42657,151,Very_Light_Bluish_Gray
42657,191,Bright_Light_Orange
42657,212,Bright_Light_Blue
42657,226,Bright_Light_Yellow
42657,322,Medium_Azure
42657,351,Medium_Dark_Pink
42657,366,Earth_Orange
42657,484,Dark_Orange
4265a,7,Light_Gray
4265b,7,Light_Gray
4266,0,Black
4266,1,Blue
4266,2,Green
4266,4,Red
4266,6,Brown
4266,7,Light_Gray
4266,8,Dark_Gray
4266,14,Yellow
4266,15,White
4266,19,Tan
4266,71,Light_Bluish_Gray
4267,0,Black
4268,2,Green
4268,4,Red
4268,7,Light_Gray
42687,0,Black
42687,7,Light_Gray
42687,72,Dark_Bluish_Gray
42687,272,Dark_Blue
42687,308,Dark_Brown
42688,0,Black
42688,71,Light_Bluish_Gray
427,0,Black
427,1,Blue
427,2,Green
427,4,Red
427,6,Brown
427,7,Light_Gray
427,8,Dark_Gray
427,12,Salmon
427,14,Yellow
427,15,White
427,19,Tan
427,72,Dark_Bluish_Gray
4270181,0,Black
4270181,1,Blue
4270181,2,Green
4270181,4,Red
4270181,6,Brown
4270181,7,Light_Gray
4270181,8,Dark_Gray
4270181,11,Light_Turquoise
4270181,13,Pink
4270181,14,Yellow
4270181,15,White
4270181,19,Tan
4270181,25,Orange
4270181,26,Magenta
4270181,27,Lime
4270181,28,Dark_Tan
4270181,31,Lavender
4270181,70,Reddish_Brown
4270181,71,Light_Bluish_Gray
4270181,72,Dark_Bluish_Gray
4270181,77,Light_Pink
4270181,85,Dark_Purple
4270181,191,Bright_Light_Orange
4270181,272,Dark_Blue
4270181,288,Dark_Green
4270181,320,Dark_Red
4270181,322,Medium_Azure
4270181,351,Medium_Dark_Pink
4270181,378,Sand_Green
4270181,379,Sand_Blue
42716,0,Black
42716,27,Lime
4273397,0,Black
4273397,4,Red
4273397,5,Dark_Pink
4273397,10,Bright_Green
4273397,14,Yellow
4273397,15,White
4273397,19,Tan
4273397,25,Orange
4273397,27,Lime
4273397,28,Dark_Tan
4273397,70,Reddish_Brown
4273397,191,Bright_Light_Orange
4273397,212,Bright_Light_Blue
4273397,226,Bright_Light_Yellow
4273397,320,Dark_Red
4273397,326,Yellowish_Green
4273a,7,Light_Gray
4273b,7,Light_Gray
4274,1,Blue
4274,7,Light_Gray
4274,15,White
4274,71,Light_Bluish_Gray
4275a,0,Black
4275a,1,Blue
4275a,4,Red
4275a,7,Light_Gray
4275a,14,Yellow
4275b,0,Black
4275b,1,Blue
4275b,2,Green
4275b,3,Dark_Turquoise
4275b,4,Red
4275b,6,Brown
4275b,7,Light_Gray
4275b,8,Dark_Gray
4275b,13,Pink
4275b,14,Yellow
4275b,15,White
4275b,19,Tan
4275b,71,Light_Bluish_Gray
4275b,72,Dark_Bluish_Gray
4276053,0,Black
4276053,4,Red
4276053,5,Dark_Pink
4276053,10,Bright_Green
4276053,14,Yellow
4276053,15,White
4276053,19,Tan
4276053,25,Orange
4276053,27,Lime
4276053,28,Dark_Tan
4276053,70,Reddish_Brown
4276053,191,Bright_Light_Orange
4276053,212,Bright_Light_Blue
4276053,226,Bright_Light_Yellow
4276053,320,Dark_Red
4276053,326,Yellowish_Green
4276a,0,Black
4276a,1,Blue
4276a,4,Red
4276a,7,Light_Gray
4276a,14,Yellow
4276b,0,Black
4276b,1,Blue
4276b,2,Green
4276b,4,Red
4276b,6,Brown
4276b,7,Light_Gray
4276b,8,Dark_Gray
4276b,13,Pink
4276b,14,Yellow
4276b,15,White
4276b,19,Tan
4276b,71,Light_Bluish_Gray
4276b,72,Dark_Bluish_Gray
4277932,0,Black
4277932,1,Blue
4277932,2,Green
4277932,3,Dark_Turquoise
4277932,4,Red
4277932,7,Light_Gray
4277932,8,Dark_Gray
4277932,10,Bright_Green
4277932,14,Yellow
4277932,15,White
4277932,19,Tan
4277932,25,Orange
4277932,26,Magenta
4277932,27,Lime
4277932,28,Dark_Tan
4277932,29,Bright_Pink
4277932,30,Medium_Lavender
4277932,70,Reddish_Brown
4277932,71,Light_Bluish_Gray
4277932,72,Dark_Bluish_Gray
4277932,73,Medium_Blue
4277932,85,Dark_Purple
4277932,191,Bright_Light_Orange
4277932,212,Bright_Light_Blue
4277932,226,Bright_Light_Yellow
4277932,272,Dark_Blue
4277932,288,Dark_Green
4277932,320,Dark_Red
4277932,321,Dark_Azure
4277932,322,Medium_Azure
4277932,323,Light_Aqua
4277932,330,Olive_Green
4277932,378,Sand_Green
4277932,379,Sand_Blue
4277932,484,Dark_Orange
4277933,0,Black
4277933,1,Blue
4277933,2,Green
4277933,3,Dark_Turquoise
4277933,4,Red
4277933,7,Light_Gray
4277933,8,Dark_Gray
4277933,10,Bright_Green
4277933,14,Yellow
4277933,15,White
4277933,19,Tan
4277933,25,Orange
4277933,26,Magenta
4277933,27,Lime
4277933,28,Dark_Tan
4277933,29,Bright_Pink
4277933,30,Medium_Lavender
4277933,70,Reddish_Brown
4277933,71,Light_Bluish_Gray
4277933,72,Dark_Bluish_Gray
4277933,73,Medium_Blue
4277933,85,Dark_Purple
4277933,191,Bright_Light_Orange
4277933,212,Bright_Light_Blue
4277933,226,Bright_Light_Yellow
4277933,272,Dark_Blue
4277933,288,Dark_Green
4277933,320,Dark_Red
4277933,321,Dark_Azure
4277933,322,Medium_Azure
4277933,323,Light_Aqua
4277933,330,Olive_Green
4277933,378,Sand_Green
4277933,379,Sand_Blue
4277933,484,Dark_Orange
428,0,Black
428,1,Blue
428,3,Dark_Turquoise
428,4,Red
428,6,Brown
428,7,Light_Gray
428,14,Yellow
428,15,White
428,19,Tan
428,22,Purple
428,25,Orange
428,71,Light_Bluish_Gray
428,72,Dark_Bluish_Gray
428,85,Dark_Purple
428,320,Dark_Red
428,378,Sand_Green
42819,0,Black
42819,4,Red
42819,272,Dark_Blue
42819,323,Light_Aqua
4282,0,Black
4282,1,Blue
4282,2,Green
4282,4,Red
4282,6,Brown
4282,7,Light_Gray
4282,8,Dark_Gray
4282,10,Bright_Green
4282,14,Yellow
4282,15,White
4282,19,Tan
4282,25,Orange
4282,26,Magenta
4282,28,Dark_Tan
4282,31,Lavender
4282,70,Reddish_Brown
4282,71,Light_Bluish_Gray
4282,72,Dark_Bluish_Gray
4282,73,Medium_Blue
4282,191,Bright_Light_Orange
4282,212,Bright_Light_Blue
4282,272,Dark_Blue
4282,288,Dark_Green
4282,320,Dark_Red
4282,321,Dark_Azure
4282,322,Medium_Azure
4282,330,Olive_Green
4282,351,Medium_Dark_Pink
4282,484,Dark_Orange
4284,14,Yellow
4284,15,White
4284,28,Dark_Tan
4285,0,Black
4285,1,Blue
4285,2,Green
4285,4,Red
4285,6,Brown
4285,7,Light_Gray
4285,8,Dark_Gray
4285,14,Yellow
4285,15,White
4285,19,Tan
4285,25,Orange
4285,71,Light_Bluish_Gray
4285,72,Dark_Bluish_Gray
4285,191,Bright_Light_Orange
4285a,0,Black
4285a,1,Blue
4285a,7,Light_Gray
4285a,15,White
4285b,0,Black
4285b,1,Blue
4285b,2,Green
4285b,4,Red
4285b,6,Brown
4285b,7,Light_Gray
4285b,8,Dark_Gray
4285b,14,Yellow
4285b,15,White
4285b,19,Tan
4285b,25,Orange
4285b,71,Light_Bluish_Gray
4285b,72,Dark_Bluish_Gray
4285b,191,Bright_Light_Orange
4286,0,Black
4286,1,Blue
4286,2,Green
4286,3,Dark_Turquoise
4286,4,Red
4286,6,Brown
4286,7,Light_Gray
4286,8,Dark_Gray
4286,13,Pink
4286,14,Yellow
4286,15,White
4286,19,Tan
4286,25,Orange
4286,26,Magenta
4286,27,Lime
4286,28,Dark_Tan
4286,29,Bright_Pink
4286,31,Lavender
4286,70,Reddish_Brown
4286,71,Light_Bluish_Gray
4286,72,Dark_Bluish_Gray
4286,73,Medium_Blue
4286,85,Dark_Purple
4286,191,Bright_Light_Orange
4286,212,Bright_Light_Blue
4286,272,Dark_Blue
4286,288,Dark_Green
4286,308,Dark_Brown
4286,313,Maersk_Blue
4286,320,Dark_Red
4286,321,Dark_Azure
4286,322,Medium_Azure
4286,323,Light_Aqua
4286,330,Olive_Green
4286,335,Sand_Red
4286,351,Medium_Dark_Pink
4286,373,Sand_Purple
4286,378,Sand_Green
4286,379,Sand_Blue
4286,484,Dark_Orange
42862,0,Black
42862,2,Green
42862,3,Dark_Turquoise
42862,14,Yellow
42862,15,White
42862,19,Tan
42862,28,Dark_Tan
42862,70,Reddish_Brown
42862,71,Light_Bluish_Gray
42862,72,Dark_Bluish_Gray
42862,212,Bright_Light_Blue
42862,272,Dark_Blue
42862,320,Dark_Red
42862,321,Dark_Azure
42862,378,Sand_Green
428621,0,Black
428621,1,Blue
428621,2,Green
428621,3,Dark_Turquoise
428621,4,Red
428621,6,Brown
428621,7,Light_Gray
428621,8,Dark_Gray
428621,13,Pink
428621,14,Yellow
428621,15,White
428621,19,Tan
428621,25,Orange
428621,26,Magenta
428621,27,Lime
428621,28,Dark_Tan
428621,29,Bright_Pink
428621,31,Lavender
428621,70,Reddish_Brown
428621,71,Light_Bluish_Gray
428621,72,Dark_Bluish_Gray
428621,73,Medium_Blue
428621,85,Dark_Purple
428621,191,Bright_Light_Orange
428621,212,Bright_Light_Blue
428621,272,Dark_Blue
428621,288,Dark_Green
428621,308,Dark_Brown
428621,313,Maersk_Blue
428621,320,Dark_Red
428621,321,Dark_Azure
428621,322,Medium_Azure
428621,323,Light_Aqua
428621,330,Olive_Green
428621,335,Sand_Red
428621,351,Medium_Dark_Pink
428621,373,Sand_Purple
428621,378,Sand_Green
428621,379,Sand_Blue
428621,484,Dark_Orange
42863,1,Blue
42863,15,White
42863,71,Light_Bluish_Gray
4287099,0,Black
4287099,4,Red
4287099,15,White
4287099,27,Lime
4287099,28,Dark_Tan
4287099,72,Dark_Bluish_Gray
4287099,73,Medium_Blue
4287099,191,Bright_Light_Orange
4287099,272,Dark_Blue
4287099,288,Dark_Green
4287099,320,Dark_Red
4287099,378,Sand_Green
4287099,379,Sand_Blue
4287102,0,Black
4287102,1,Blue
4287102,2,Green
4287102,3,Dark_Turquoise
4287102,4,Red
4287102,6,Brown
4287102,7,Light_Gray
4287102,8,Dark_Gray
4287102,14,Yellow
4287102,15,White
4287102,19,Tan
4287102,22,Purple
4287102,25,Orange
4287102,27,Lime
4287102,28,Dark_Tan
4287102,70,Reddish_Brown
4287102,71,Light_Bluish_Gray
4287102,72,Dark_Bluish_Gray
4287102,73,Medium_Blue
4287102,191,Bright_Light_Orange
4287102,272,Dark_Blue
4287102,288,Dark_Green
4287102,320,Dark_Red
4287102,378,Sand_Green
4287102,379,Sand_Blue
4287102,484,Dark_Orange
42876,484,Dark_Orange
4287707,0,Black
4287707,1,Blue
4287707,2,Green
4287707,4,Red
4287707,5,Dark_Pink
4287707,10,Bright_Green
4287707,14,Yellow
4287707,15,White
4287707,19,Tan
4287707,25,Orange
4287707,26,Magenta
4287707,27,Lime
4287707,28,Dark_Tan
4287707,70,Reddish_Brown
4287707,71,Light_Bluish_Gray
4287707,72,Dark_Bluish_Gray
4287707,212,Bright_Light_Blue
4287707,272,Dark_Blue
4287707,288,Dark_Green
4287707,320,Dark_Red
4287707,321,Dark_Azure
4287707,378,Sand_Green
4287707,379,Sand_Blue
4287708,0,Black
4287708,1,Blue
4287708,2,Green
4287708,4,Red
4287708,5,Dark_Pink
4287708,14,Yellow
4287708,15,White
4287708,19,Tan
4287708,25,Orange
4287708,26,Magenta
4287708,27,Lime
4287708,28,Dark_Tan
4287708,70,Reddish_Brown
4287708,71,Light_Bluish_Gray
4287708,72,Dark_Bluish_Gray
4287708,212,Bright_Light_Blue
4287708,272,Dark_Blue
4287708,288,Dark_Green
4287708,320,Dark_Red
4287708,321,Dark_Azure
4287708,322,Medium_Azure
4287708,378,Sand_Green
4287708,379,Sand_Blue
4288,0,Black
4288960,0,Black
4288960,1,Blue
4288960,2,Green
4288960,3,Dark_Turquoise
4288960,4,Red
4288960,14,Yellow
4288960,15,White
4288960,25,Orange
4288960,27,Lime
4288960,70,Reddish_Brown
4288960,72,Dark_Bluish_Gray
4288960,85,Dark_Purple
4288960,272,Dark_Blue
4288960,288,Dark_Green
4288960,321,Dark_Azure
4288960,379,Sand_Blue
4289,0,Black
4289,1,Blue
4289,4,Red
4289,14,Yellow
4289,15,White
4289,19,Tan
4289,72,Dark_Bluish_Gray
42908,0,Black
42918,0,Black
42918,4,Red
42918,14,Yellow
42918,15,White
42918,19,Tan
42918,27,Lime
42918,70,Reddish_Brown
42918,71,Light_Bluish_Gray
42918,72,Dark_Bluish_Gray
42918,191,Bright_Light_Orange
42918,212,Bright_Light_Blue
42918,272,Dark_Blue
42918,288,Dark_Green
42918,320,Dark_Red
42918,321,Dark_Azure
42918,330,Olive_Green
4292000,0,Black
4292000,1,Blue
4292000,2,Green
4292000,4,Red
4292000,7,Light_Gray
4292000,8,Dark_Gray
4292000,14,Yellow
4292000,15,White
4292000,25,Orange
4292000,27,Lime
4292000,71,Light_Bluish_Gray
4292000,72,Dark_Bluish_Gray
4292000,321,Dark_Azure
42936,8,Dark_Gray
42936,28,Dark_Tan
42936,72,Dark_Bluish_Gray
42938,8,Dark_Gray
42938,28,Dark_Tan
42941,8,Dark_Gray
42941,28,Dark_Tan
42942,8,Dark_Gray
42942,28,Dark_Tan
4294998,0,Black
4294998,1,Blue
4294998,2,Green
4294998,4,Red
4294998,6,Brown
4294998,7,Light_Gray
4294998,8,Dark_Gray
4294998,14,Yellow
4294998,15,White
4294998,19,Tan
4294998,70,Reddish_Brown
4294998,71,Light_Bluish_Gray
4294998,72,Dark_Bluish_Gray
4298609,0,Black
4298609,1,Blue
4298609,2,Green
4298609,4,Red
4298609,7,Light_Gray
4298609,8,Dark_Gray
4298609,10,Bright_Green
4298609,14,Yellow
4298609,15,White
4298609,19,Tan
4298609,25,Orange
4298609,26,Magenta
4298609,27,Lime
4298609,28,Dark_Tan
4298609,71,Light_Bluish_Gray
4298609,72,Dark_Bluish_Gray
4298609,73,Medium_Blue
4298609,85,Dark_Purple
4298609,272,Dark_Blue
4298609,288,Dark_Green
4298609,320,Dark_Red
4298609,321,Dark_Azure
4298609,484,Dark_Orange
429c02,0,Black
43,0,Black
43,4,Red
43,14,Yellow
43,15,White
43,17,Light_Green
43,71,Light_Bluish_Gray
4304,0,Black
4304,1,Blue
4304,2,Green
4304,4,Red
4304,10,Bright_Green
4304,14,Yellow
4304,15,White
4304,19,Tan
4304,25,Orange
4304,27,Lime
4304,29,Bright_Pink
4304,31,Lavender
4304,70,Reddish_Brown
4304,71,Light_Bluish_Gray
4304,72,Dark_Bluish_Gray
4304,85,Dark_Purple
4304,89,Blue_Violet
4304,191,Bright_Light_Orange
4304,212,Bright_Light_Blue
4304,226,Bright_Light_Yellow
4304,272,Dark_Blue
4304,308,Dark_Brown
4304,320,Dark_Red
4304,321,Dark_Azure
4304,322,Medium_Azure
4304,323,Light_Aqua
4304,378,Sand_Green
4304,379,Sand_Blue
4304,484,Dark_Orange
43045,0,Black
43045,4,Red
43045,15,White
43045,26,Magenta
43045,71,Light_Bluish_Gray
43056,0,Black
43056,15,White
43056,71,Light_Bluish_Gray
43056,321,Dark_Azure
43060,4,Red
43060,14,Yellow
43060,15,White
43085,1,Blue
43085,7,Light_Gray
43085,8,Dark_Gray
43085,15,White
43085,28,Dark_Tan
43086,1,Blue
43086,15,White
43093,0,Black
43093,1,Blue
43093,15,White
43121,0,Black
43121,4,Red
43121,7,Light_Gray
43121,15,White
43121,25,Orange
43121,70,Reddish_Brown
43121,71,Light_Bluish_Gray
43121,85,Dark_Purple
43127,0,Black
43127,1,Blue
43127,2,Green
43127,4,Red
43127,5,Dark_Pink
43127,6,Brown
43127,7,Light_Gray
43127,8,Dark_Gray
43127,14,Yellow
43127,15,White
43127,19,Tan
43127,25,Orange
43127,26,Magenta
43127,27,Lime
43127,28,Dark_Tan
43127,29,Bright_Pink
43127,71,Light_Bluish_Gray
43127,72,Dark_Bluish_Gray
43127,85,Dark_Purple
43127,272,Dark_Blue
43127,288,Dark_Green
43127,320,Dark_Red
43127,351,Medium_Dark_Pink
43127,378,Sand_Green
43127,379,Sand_Blue
43127,484,Dark_Orange
4315,0,Black
4315,1,Blue
4315,2,Green
4315,4,Red
4315,6,Brown
4315,7,Light_Gray
4315,8,Dark_Gray
4315,14,Yellow
4315,15,White
4315,19,Tan
4315,26,Magenta
4315,71,Light_Bluish_Gray
4315,74,Medium_Green
4318,0,Black
4318,1,Blue
4318,2,Green
4318,4,Red
4318,6,Brown
4318,7,Light_Gray
4318,8,Dark_Gray
4318,14,Yellow
4318,15,White
4318,19,Tan
4319,0,Black
4319,1,Blue
4319,6,Brown
4319,8,Dark_Gray
4319,14,Yellow
4319,15,White
4320c01,1,Blue
4320c01,14,Yellow
4320c02,4,Red
4323,2,Green
4323,4,Red
4323,7,Light_Gray
4324,4,Red
4324,6,Brown
4325,4,Red
4325,5,Dark_Pink
4325,14,Yellow
4325,15,White
4325,351,Medium_Dark_Pink
4327,6,Brown
4327,14,Yellow
4327,462,Medium_Orange
4328,1,Blue
4328,7,Light_Gray
4328,71,Light_Bluish_Gray
4331,14,Yellow
4332,0,Black
4332,6,Brown
4332,70,Reddish_Brown
4332,288,Dark_Green
4332,308,Dark_Brown
4332,366,Earth_Orange
43337,0,Black
43337,1,Blue
43337,2,Green
43337,4,Red
43337,6,Brown
43337,7,Light_Gray
43337,8,Dark_Gray
43337,14,Yellow
43337,15,White
43337,19,Tan
43337,25,Orange
43337,27,Lime
43337,70,Reddish_Brown
43337,71,Light_Bluish_Gray
43337,72,Dark_Bluish_Gray
43337,73,Medium_Blue
43337,85,Dark_Purple
43337,191,Bright_Light_Orange
43337,272,Dark_Blue
43337,288,Dark_Green
43337,313,Maersk_Blue
43337,320,Dark_Red
43337,321,Dark_Azure
43337,378,Sand_Green
4334,7,Light_Gray
4335,1,Blue
4335,7,Light_Gray
4335,17,Light_Green
4336,4,Red
4336,450,Fabuland_Brown
43363,0,Black
4337,14,Yellow
4337,70,Reddish_Brown
43373,8,Dark_Gray
43373,25,Orange
43374,15,White
433c01,0,Black
4341,0,Black
4341,4,Red
4341,15,White
4342,15,White
4342,18,Light_Yellow
4342,19,Tan
4342,366,Earth_Orange
43450,0,Black
4345a,0,Black
4345a,1,Blue
4345a,4,Red
4345a,7,Light_Gray
4345a,14,Yellow
4345a,15,White
4345b,0,Black
4345b,1,Blue
4345b,2,Green
4345b,3,Dark_Turquoise
4345b,4,Red
4345b,6,Brown
4345b,7,Light_Gray
4345b,8,Dark_Gray
4345b,14,Yellow
4345b,15,White
4345b,19,Tan
4345b,71,Light_Bluish_Gray
4345b,72,Dark_Bluish_Gray
4345b,272,Dark_Blue
4346,0,Black
4346,1,Blue
4346,2,Green
4346,4,Red
4346,6,Brown
4346,7,Light_Gray
4346,8,Dark_Gray
4346,14,Yellow
4346,15,White
4346,19,Tan
4346,71,Light_Bluish_Gray
4346,72,Dark_Bluish_Gray
4346,378,Sand_Green
4346,484,Dark_Orange
4347,0,Black
4347,1,Blue
4347,4,Red
4347,7,Light_Gray
4347,14,Yellow
4347,15,White
4347c01,0,Black
4347c01,1,Blue
4347c01,4,Red
4347c01,7,Light_Gray
4347c01,14,Yellow
4347c01,15,White
4349,0,Black
4349,1,Blue
4349,2,Green
4349,4,Red
4349,6,Brown
4349,7,Light_Gray
4349,8,Dark_Gray
4349,12,Salmon
4349,14,Yellow
4349,15,White
4349,19,Tan
4349,71,Light_Bluish_Gray
4349,72,Dark_Bluish_Gray
43557,7,Light_Gray
43557,8,Dark_Gray
43557,15,White
43557,19,Tan
43557,25,Orange
43557,27,Lime
43557,73,Medium_Blue
43557,288,Dark_Green
43557,320,Dark_Red
43558,27,Lime
43558,272,Dark_Blue
4360,0,Black
4360,7,Light_Gray
4360,8,Dark_Gray
4360,15,White
4360,71,Light_Bluish_Gray
4360,72,Dark_Bluish_Gray
43614,0,Black
43614,1,Blue
43614,2,Green
43614,4,Red
43614,6,Brown
43614,8,Dark_Gray
43614,14,Yellow
43614,15,White
43614,19,Tan
43614,22,Purple
43614,25,Orange
43614,27,Lime
43614,73,Medium_Blue
43614,110,Violet
43614,320,Dark_Red
43614,378,Sand_Green
43614,379,Sand_Blue
43614,484,Dark_Orange
43615,0,Black
43615,1,Blue
43615,2,Green
43615,4,Red
43615,6,Brown
43615,8,Dark_Gray
43615,14,Yellow
43615,15,White
43615,19,Tan
43615,22,Purple
43615,25,Orange
43615,27,Lime
43615,73,Medium_Blue
43615,110,Violet
43615,320,Dark_Red
43615,378,Sand_Green
43615,379,Sand_Blue
43615,484,Dark_Orange
43616,0,Black
43616,1,Blue
43616,2,Green
43616,4,Red
43616,6,Brown
43616,8,Dark_Gray
43616,14,Yellow
43616,15,White
43616,19,Tan
43616,22,Purple
43616,25,Orange
43616,27,Lime
43616,73,Medium_Blue
43616,110,Violet
43616,320,Dark_Red
43616,378,Sand_Green
43616,379,Sand_Blue
43616,484,Dark_Orange
4367,4,Red
4367,5,Dark_Pink
4367,10,Bright_Green
4367,15,White
4367,25,Orange
4367,31,Lavender
4367,191,Bright_Light_Orange
4367,226,Bright_Light_Yellow
4368,71,Light_Bluish_Gray
4369,14,Yellow
43693,15,White
43702,0,Black
43702,1,Blue
43702,4,Red
43702,25,Orange
43702,320,Dark_Red
43708,0,Black
43708,1,Blue
43708,2,Green
43708,4,Red
43708,14,Yellow
43708,15,White
43708,19,Tan
43708,25,Orange
43708,70,Reddish_Brown
43708,71,Light_Bluish_Gray
43708,72,Dark_Bluish_Gray
43708,191,Bright_Light_Orange
43708,272,Dark_Blue
43708,320,Dark_Red
43708,321,Dark_Azure
43708,379,Sand_Blue
43710,0,Black
43710,1,Blue
43710,2,Green
43710,4,Red
43710,8,Dark_Gray
43710,14,Yellow
43710,15,White
43710,19,Tan
43710,25,Orange
43710,27,Lime
43710,28,Dark_Tan
43710,29,Bright_Pink
43710,70,Reddish_Brown
43710,71,Light_Bluish_Gray
43710,72,Dark_Bluish_Gray
43710,85,Dark_Purple
43710,191,Bright_Light_Orange
43710,212,Bright_Light_Blue
43710,272,Dark_Blue
43710,288,Dark_Green
43710,308,Dark_Brown
43710,320,Dark_Red
43710,321,Dark_Azure
43710,330,Olive_Green
43710,378,Sand_Green
43710,379,Sand_Blue
43711,0,Black
43711,1,Blue
43711,2,Green
43711,4,Red
43711,8,Dark_Gray
43711,14,Yellow
43711,15,White
43711,19,Tan
43711,25,Orange
43711,27,Lime
43711,28,Dark_Tan
43711,29,Bright_Pink
43711,70,Reddish_Brown
43711,71,Light_Bluish_Gray
43711,72,Dark_Bluish_Gray
43711,85,Dark_Purple
43711,191,Bright_Light_Orange
43711,212,Bright_Light_Blue
43711,272,Dark_Blue
43711,288,Dark_Green
43711,308,Dark_Brown
43711,320,Dark_Red
43711,321,Dark_Azure
43711,330,Olive_Green
43711,378,Sand_Green
43711,379,Sand_Blue
43712,0,Black
43712,1,Blue
43712,2,Green
43712,4,Red
43712,6,Brown
43712,14,Yellow
43712,15,White
43712,19,Tan
43712,25,Orange
43712,27,Lime
43712,70,Reddish_Brown
43712,71,Light_Bluish_Gray
43712,72,Dark_Bluish_Gray
43712,73,Medium_Blue
43712,85,Dark_Purple
43712,191,Bright_Light_Orange
43712,272,Dark_Blue
43712,288,Dark_Green
43712,320,Dark_Red
43712,379,Sand_Blue
43712,484,Dark_Orange
43713,0,Black
43713,1,Blue
43713,2,Green
43713,3,Dark_Turquoise
43713,4,Red
43713,6,Brown
43713,7,Light_Gray
43713,10,Bright_Green
43713,14,Yellow
43713,15,White
43713,19,Tan
43713,25,Orange
43713,26,Magenta
43713,27,Lime
43713,70,Reddish_Brown
43713,71,Light_Bluish_Gray
43713,72,Dark_Bluish_Gray
43713,73,Medium_Blue
43713,85,Dark_Purple
43713,191,Bright_Light_Orange
43713,272,Dark_Blue
43713,288,Dark_Green
43713,320,Dark_Red
43713,321,Dark_Azure
43713,322,Medium_Azure
43713,323,Light_Aqua
43713,378,Sand_Green
43719,0,Black
43719,1,Blue
43719,2,Green
43719,4,Red
43719,5,Dark_Pink
43719,6,Brown
43719,7,Light_Gray
43719,8,Dark_Gray
43719,14,Yellow
43719,15,White
43719,19,Tan
43719,25,Orange
43719,26,Magenta
43719,27,Lime
43719,31,Lavender
43719,70,Reddish_Brown
43719,71,Light_Bluish_Gray
43719,72,Dark_Bluish_Gray
43719,73,Medium_Blue
43719,191,Bright_Light_Orange
43719,272,Dark_Blue
43719,320,Dark_Red
43719,322,Medium_Azure
43719,378,Sand_Green
43719,462,Medium_Orange
43719,484,Dark_Orange
43720,0,Black
43720,1,Blue
43720,2,Green
43720,4,Red
43720,7,Light_Gray
43720,8,Dark_Gray
43720,14,Yellow
43720,15,White
43720,19,Tan
43720,25,Orange
43720,70,Reddish_Brown
43720,71,Light_Bluish_Gray
43720,72,Dark_Bluish_Gray
43720,73,Medium_Blue
43720,272,Dark_Blue
43720,288,Dark_Green
43720,320,Dark_Red
43720,379,Sand_Blue
43720,484,Dark_Orange
43721,0,Black
43721,1,Blue
43721,2,Green
43721,4,Red
43721,7,Light_Gray
43721,8,Dark_Gray
43721,14,Yellow
43721,15,White
43721,19,Tan
43721,25,Orange
43721,70,Reddish_Brown
43721,71,Light_Bluish_Gray
43721,72,Dark_Bluish_Gray
43721,73,Medium_Blue
43721,272,Dark_Blue
43721,288,Dark_Green
43721,320,Dark_Red
43721,379,Sand_Blue
43721,484,Dark_Orange
43722,0,Black
43722,1,Blue
43722,2,Green
43722,3,Dark_Turquoise
43722,4,Red
43722,6,Brown
43722,7,Light_Gray
43722,8,Dark_Gray
43722,10,Bright_Green
43722,14,Yellow
43722,15,White
43722,19,Tan
43722,22,Purple
43722,25,Orange
43722,26,Magenta
43722,27,Lime
43722,28,Dark_Tan
43722,29,Bright_Pink
43722,70,Reddish_Brown
43722,71,Light_Bluish_Gray
43722,72,Dark_Bluish_Gray
43722,73,Medium_Blue
43722,85,Dark_Purple
43722,191,Bright_Light_Orange
43722,212,Bright_Light_Blue
43722,272,Dark_Blue
43722,288,Dark_Green
43722,308,Dark_Brown
43722,320,Dark_Red
43722,321,Dark_Azure
43722,378,Sand_Green
43722,379,Sand_Blue
43722,484,Dark_Orange
43722b,0,Black
43722b,1,Blue
43722b,2,Green
43722b,3,Dark_Turquoise
43722b,4,Red
43722b,6,Brown
43722b,7,Light_Gray
43722b,8,Dark_Gray
43722b,10,Bright_Green
43722b,14,Yellow
43722b,15,White
43722b,19,Tan
43722b,22,Purple
43722b,25,Orange
43722b,26,Magenta
43722b,27,Lime
43722b,28,Dark_Tan
43722b,29,Bright_Pink
43722b,70,Reddish_Brown
43722b,71,Light_Bluish_Gray
43722b,72,Dark_Bluish_Gray
43722b,73,Medium_Blue
43722b,85,Dark_Purple
43722b,191,Bright_Light_Orange
43722b,212,Bright_Light_Blue
43722b,272,Dark_Blue
43722b,288,Dark_Green
43722b,308,Dark_Brown
43722b,320,Dark_Red
43722b,321,Dark_Azure
43722b,378,Sand_Green
43722b,379,Sand_Blue
43722b,484,Dark_Orange
43723,0,Black
43723,1,Blue
43723,2,Green
43723,3,Dark_Turquoise
43723,4,Red
43723,6,Brown
43723,7,Light_Gray
43723,8,Dark_Gray
43723,10,Bright_Green
43723,14,Yellow
43723,15,White
43723,19,Tan
43723,22,Purple
43723,25,Orange
43723,26,Magenta
43723,27,Lime
43723,28,Dark_Tan
43723,29,Bright_Pink
43723,70,Reddish_Brown
43723,71,Light_Bluish_Gray
43723,72,Dark_Bluish_Gray
43723,73,Medium_Blue
43723,85,Dark_Purple
43723,191,Bright_Light_Orange
43723,212,Bright_Light_Blue
43723,272,Dark_Blue
43723,288,Dark_Green
43723,308,Dark_Brown
43723,320,Dark_Red
43723,321,Dark_Azure
43723,322,Medium_Azure
43723,378,Sand_Green
43723,379,Sand_Blue
43723,484,Dark_Orange
43723b,0,Black
43723b,1,Blue
43723b,2,Green
43723b,3,Dark_Turquoise
43723b,4,Red
43723b,6,Brown
43723b,7,Light_Gray
43723b,8,Dark_Gray
43723b,10,Bright_Green
43723b,14,Yellow
43723b,15,White
43723b,19,Tan
43723b,22,Purple
43723b,25,Orange
43723b,26,Magenta
43723b,27,Lime
43723b,28,Dark_Tan
43723b,29,Bright_Pink
43723b,70,Reddish_Brown
43723b,71,Light_Bluish_Gray
43723b,72,Dark_Bluish_Gray
43723b,73,Medium_Blue
43723b,85,Dark_Purple
43723b,191,Bright_Light_Orange
43723b,212,Bright_Light_Blue
43723b,272,Dark_Blue
43723b,288,Dark_Green
43723b,308,Dark_Brown
43723b,320,Dark_Red
43723b,321,Dark_Azure
43723b,322,Medium_Azure
43723b,378,Sand_Green
43723b,379,Sand_Blue
43723b,484,Dark_Orange
43744,4,Red
43745,19,Tan
43751,0,Black
43751,19,Tan
43751,71,Light_Bluish_Gray
43751,484,Dark_Orange
43802,0,Black
43802,1,Blue
43802,2,Green
43802,4,Red
43802,7,Light_Gray
43802,8,Dark_Gray
43802,10,Bright_Green
43802,15,White
43802,20,Light_Violet
43802,26,Magenta
43802,72,Dark_Bluish_Gray
43802,73,Medium_Blue
43802,74,Medium_Green
43853,0,Black
43853,1,Blue
43853,2,Green
43853,4,Red
43853,6,Brown
43853,8,Dark_Gray
43853,14,Yellow
43853,15,White
43853,19,Tan
43853,22,Purple
43853,25,Orange
43853,27,Lime
43853,73,Medium_Blue
43853,110,Violet
43853,320,Dark_Red
43853,378,Sand_Green
43853,379,Sand_Blue
43853,484,Dark_Orange
43855,0,Black
43855,1,Blue
43855,2,Green
43855,4,Red
43855,6,Brown
43855,8,Dark_Gray
43855,14,Yellow
43855,15,White
43855,19,Tan
43855,22,Purple
43855,25,Orange
43855,27,Lime
43855,73,Medium_Blue
43855,110,Violet
43855,320,Dark_Red
43855,378,Sand_Green
43855,379,Sand_Blue
43855,484,Dark_Orange
43856,0,Black
43856,1,Blue
43856,2,Green
43856,4,Red
43856,6,Brown
43856,8,Dark_Gray
43856,14,Yellow
43856,15,White
43856,19,Tan
43856,22,Purple
43856,25,Orange
43856,27,Lime
43856,73,Medium_Blue
43856,110,Violet
43856,320,Dark_Red
43856,378,Sand_Green
43856,379,Sand_Blue
43856,484,Dark_Orange
43857,0,Black
43857,1,Blue
43857,4,Red
43857,6,Brown
43857,7,Light_Gray
43857,10,Bright_Green
43857,14,Yellow
43857,15,White
43857,25,Orange
43857,27,Lime
43857,70,Reddish_Brown
43857,71,Light_Bluish_Gray
43857,72,Dark_Bluish_Gray
43857,321,Dark_Azure
43857,326,Yellowish_Green
43887,0,Black
43887,4,Red
43887,7,Light_Gray
43887,8,Dark_Gray
43887,14,Yellow
43887,15,White
43887,19,Tan
43887,71,Light_Bluish_Gray
43887,72,Dark_Bluish_Gray
43888,1,Blue
43888,3,Dark_Turquoise
43888,4,Red
43888,14,Yellow
43888,15,White
43888,19,Tan
43888,29,Bright_Pink
43888,31,Lavender
43888,70,Reddish_Brown
43888,71,Light_Bluish_Gray
43888,72,Dark_Bluish_Gray
43888,85,Dark_Purple
43888,226,Bright_Light_Yellow
43888,272,Dark_Blue
43888,322,Medium_Azure
43888,326,Yellowish_Green
43888,484,Dark_Orange
43889,0,Black
43889,7,Light_Gray
43889,8,Dark_Gray
43889,15,White
43889,71,Light_Bluish_Gray
43889,72,Dark_Bluish_Gray
43889,378,Sand_Green
43889,379,Sand_Blue
43891,7,Light_Gray
43891,8,Dark_Gray
43891,71,Light_Bluish_Gray
43891,72,Dark_Bluish_Gray
43892,0,Black
43892,1,Blue
43892,2,Green
43892,4,Red
43892,5,Dark_Pink
43892,7,Light_Gray
43892,8,Dark_Gray
43892,14,Yellow
43892,15,White
43892,19,Tan
43892,27,Lime
43892,31,Lavender
43892,71,Light_Bluish_Gray
43892,72,Dark_Bluish_Gray
43892,272,Dark_Blue
43892,308,Dark_Brown
43892,366,Earth_Orange
43892,462,Medium_Orange
43892,484,Dark_Orange
43894,0,Black
43894,6,Brown
43894,70,Reddish_Brown
43898,0,Black
43898,1,Blue
43898,2,Green
43898,3,Dark_Turquoise
43898,4,Red
43898,6,Brown
43898,7,Light_Gray
43898,8,Dark_Gray
43898,14,Yellow
43898,15,White
43898,19,Tan
43898,25,Orange
43898,26,Magenta
43898,27,Lime
43898,28,Dark_Tan
43898,29,Bright_Pink
43898,70,Reddish_Brown
43898,71,Light_Bluish_Gray
43898,72,Dark_Bluish_Gray
43898,85,Dark_Purple
43898,89,Blue_Violet
43898,191,Bright_Light_Orange
43898,272,Dark_Blue
43898,288,Dark_Green
43898,320,Dark_Red
43898,378,Sand_Green
43898,379,Sand_Blue
43899,0,Black
43899,8,Dark_Gray
43899,70,Reddish_Brown
43899,71,Light_Bluish_Gray
43899,72,Dark_Bluish_Gray
43899,73,Medium_Blue
43936,0,Black
43967,0,Black
43967,1,Blue
43967,4,Red
43967,15,White
43967,25,Orange
43967,212,Bright_Light_Blue
43967,272,Dark_Blue
43967,379,Sand_Blue
43979,0,Black
43979,15,White
43979,71,Light_Bluish_Gray
43979,272,Dark_Blue
44032,71,Light_Bluish_Gray
44032,379,Sand_Blue
44033,484,Dark_Orange
44034,71,Light_Bluish_Gray
44036,0,Black
44036,27,Lime
44036,191,Bright_Light_Orange
44036,320,Dark_Red
44041,0,Black
44041,1,Blue
44041,2,Green
44041,4,Red
44041,6,Brown
44041,7,Light_Gray
44041,8,Dark_Gray
44041,14,Yellow
44041,15,White
44041,19,Tan
44041,72,Dark_Bluish_Gray
44041,74,Medium_Green
44041,120,Light_Lime
44042,0,Black
44042,1,Blue
44042,2,Green
44042,4,Red
44042,7,Light_Gray
44042,8,Dark_Gray
44042,14,Yellow
44042,15,White
44042,19,Tan
44042,71,Light_Bluish_Gray
44042,72,Dark_Bluish_Gray
44042,110,Violet
44042,125,Light_Orange
44042,378,Sand_Green
4410,0,Black
4412,14,Yellow
4412,15,White
4412,25,Orange
4412,70,Reddish_Brown
44126,0,Black
44126,1,Blue
44126,2,Green
44126,3,Dark_Turquoise
44126,4,Red
44126,8,Dark_Gray
44126,14,Yellow
44126,15,White
44126,19,Tan
44126,25,Orange
44126,27,Lime
44126,28,Dark_Tan
44126,70,Reddish_Brown
44126,71,Light_Bluish_Gray
44126,72,Dark_Bluish_Gray
44126,272,Dark_Blue
44126,288,Dark_Green
44126,320,Dark_Red
44126,379,Sand_Blue
4413,191,Bright_Light_Orange
44135,8,Dark_Gray
44135,71,Light_Bluish_Gray
44135,72,Dark_Bluish_Gray
44136,0,Black
44136,8,Dark_Gray
44136,72,Dark_Bluish_Gray
44136,272,Dark_Blue
44137,4,Red
44137,15,White
44137,19,Tan
44137,73,Medium_Blue
44137,288,Dark_Green
44138,72,Dark_Bluish_Gray
44138,272,Dark_Blue
44138,288,Dark_Green
44139,4,Red
44139,8,Dark_Gray
44139,72,Dark_Bluish_Gray
44140,288,Dark_Green
44147,15,White
44148,8,Dark_Gray
44148,72,Dark_Bluish_Gray
44224,0,Black
44224,15,White
44224,72,Dark_Bluish_Gray
44224,320,Dark_Red
44225,0,Black
44225,4,Red
44225,7,Light_Gray
44225,15,White
44225,71,Light_Bluish_Gray
44225,272,Dark_Blue
44225,330,Olive_Green
4423,0,Black
44237,0,Black
44237,1,Blue
44237,2,Green
44237,3,Dark_Turquoise
44237,4,Red
44237,5,Dark_Pink
44237,6,Brown
44237,7,Light_Gray
44237,8,Dark_Gray
44237,10,Bright_Green
44237,14,Yellow
44237,15,White
44237,18,Light_Yellow
44237,19,Tan
44237,22,Purple
44237,25,Orange
44237,27,Lime
44237,28,Dark_Tan
44237,29,Bright_Pink
44237,30,Medium_Lavender
44237,31,Lavender
44237,68,Very_Light_Orange
44237,70,Reddish_Brown
44237,71,Light_Bluish_Gray
44237,72,Dark_Bluish_Gray
44237,73,Medium_Blue
44237,85,Dark_Purple
44237,89,Blue_Violet
44237,125,Light_Orange
44237,191,Bright_Light_Orange
44237,212,Bright_Light_Blue
44237,226,Bright_Light_Yellow
44237,272,Dark_Blue
44237,288,Dark_Green
44237,308,Dark_Brown
44237,320,Dark_Red
44237,321,Dark_Azure
44237,322,Medium_Azure
44237,323,Light_Aqua
44237,326,Yellowish_Green
44237,330,Olive_Green
44237,378,Sand_Green
44237,379,Sand_Blue
44237,462,Medium_Orange
44237,484,Dark_Orange
4424,0,Black
4424,1,Blue
4424,2,Green
4424,4,Red
4424,6,Brown
4424,7,Light_Gray
4424,8,Dark_Gray
4424,12,Salmon
4424,14,Yellow
4424,15,White
4424,19,Tan
4424,70,Reddish_Brown
4424,71,Light_Bluish_Gray
4424,73,Medium_Blue
4424,115,Medium_Lime
44247,8,Dark_Gray
4427,0,Black
4427,191,Bright_Light_Orange
4429,4,Red
44292,7,Light_Gray
44292,25,Orange
44292,71,Light_Bluish_Gray
44293,7,Light_Gray
44293,71,Light_Bluish_Gray
44294,0,Black
44294,4,Red
44294,7,Light_Gray
44294,14,Yellow
44294,70,Reddish_Brown
44294,71,Light_Bluish_Gray
4430,1,Blue
4430,20,Light_Violet
44300,0,Black
44300,1,Blue
44300,2,Green
44300,4,Red
44300,7,Light_Gray
44300,8,Dark_Gray
44300,14,Yellow
44300,15,White
44300,19,Tan
44300,25,Orange
44300,27,Lime
44300,70,Reddish_Brown
44300,71,Light_Bluish_Gray
44300,72,Dark_Bluish_Gray
44300,73,Medium_Blue
44300,320,Dark_Red
44301,0,Black
44301,1,Blue
44301,2,Green
44301,4,Red
44301,6,Brown
44301,7,Light_Gray
44301,8,Dark_Gray
44301,14,Yellow
44301,15,White
44301,19,Tan
44301,25,Orange
44301,27,Lime
44301,70,Reddish_Brown
44301,71,Light_Bluish_Gray
44301,72,Dark_Bluish_Gray
44301,73,Medium_Blue
44301,320,Dark_Red
44301b,0,Black
44301b,4,Red
44301b,14,Yellow
44301b,15,White
44301b,19,Tan
44301b,25,Orange
44301b,71,Light_Bluish_Gray
44301b,72,Dark_Bluish_Gray
44302b,0,Black
44302b,4,Red
44302b,14,Yellow
44302b,15,White
44302b,71,Light_Bluish_Gray
44302b,72,Dark_Bluish_Gray
44308,0,Black
44309,0,Black
44309,29,Bright_Pink
44350,0,Black
44350,1,Blue
44350,4,Red
44350,14,Yellow
44350,15,White
44350,27,Lime
44350,72,Dark_Bluish_Gray
44351,0,Black
44351,1,Blue
44351,4,Red
44351,14,Yellow
44351,15,White
44351,27,Lime
44351,72,Dark_Bluish_Gray
44352,0,Black
44352,1,Blue
44352,4,Red
44352,8,Dark_Gray
44352,14,Yellow
44352,15,White
44352,25,Orange
44352,27,Lime
44352,72,Dark_Bluish_Gray
44352,320,Dark_Red
44353,0,Black
44353,1,Blue
44353,4,Red
44353,8,Dark_Gray
44353,14,Yellow
44353,15,White
44353,25,Orange
44353,27,Lime
44353,72,Dark_Bluish_Gray
44353,320,Dark_Red
44358,7,Light_Gray
44358,8,Dark_Gray
44358,19,Tan
44358,27,Lime
44358,70,Reddish_Brown
44358,71,Light_Bluish_Gray
44358,72,Dark_Bluish_Gray
44358,272,Dark_Blue
44358,320,Dark_Red
44358,379,Sand_Blue
44358,484,Dark_Orange
44359,8,Dark_Gray
44359,15,White
44359,70,Reddish_Brown
44359,71,Light_Bluish_Gray
44359,72,Dark_Bluish_Gray
44359,272,Dark_Blue
44359,320,Dark_Red
44359,484,Dark_Orange
44360,15,White
44374,71,Light_Bluish_Gray
44375a,0,Black
44375a,1,Blue
44375a,4,Red
44375a,7,Light_Gray
44375a,8,Dark_Gray
44375a,15,White
44375a,71,Light_Bluish_Gray
44375a,72,Dark_Bluish_Gray
44375a,85,Dark_Purple
44375a,288,Dark_Green
44375a,320,Dark_Red
44375b,0,Black
44375b,3,Dark_Turquoise
44375b,4,Red
44375b,5,Dark_Pink
44375b,10,Bright_Green
44375b,14,Yellow
44375b,15,White
44375b,19,Tan
44375b,26,Magenta
44375b,27,Lime
44375b,71,Light_Bluish_Gray
44375b,72,Dark_Bluish_Gray
44375b,85,Dark_Purple
44375b,89,Blue_Violet
44375b,226,Bright_Light_Yellow
44375b,272,Dark_Blue
44375b,320,Dark_Red
44375b,321,Dark_Azure
44375b,322,Medium_Azure
44375b,330,Olive_Green
44375b,378,Sand_Green
44375b,484,Dark_Orange
4438,0,Black
4438,4,Red
4440,1,Blue
4440,4,Red
4440,272,Dark_Blue
4442,0,Black
4442,4,Red
4442,7,Light_Gray
4443,0,Black
4443,191,Bright_Light_Orange
4444,0,Black
4444,1,Blue
4444,2,Green
4444,4,Red
4444,7,Light_Gray
4444,8,Dark_Gray
4444,14,Yellow
4444,15,White
4444,19,Tan
4444,71,Light_Bluish_Gray
4445,0,Black
4445,1,Blue
4445,2,Green
4445,4,Red
4445,6,Brown
4445,7,Light_Gray
4445,8,Dark_Gray
4445,14,Yellow
4445,15,White
4445,19,Tan
4445,71,Light_Bluish_Gray
4445,72,Dark_Bluish_Gray
4445,272,Dark_Blue
4445,320,Dark_Red
4445,322,Medium_Azure
4445,330,Olive_Green
4445,378,Sand_Green
4446,0,Black
4446,191,Bright_Light_Orange
4447,0,Black
4447,1,Blue
4447,4,Red
4447,7,Light_Gray
4447,14,Yellow
4447,15,White
4447,71,Light_Bluish_Gray
4448,0,Black
4448,1,Blue
4448,15,White
4449,0,Black
4449,1,Blue
4449,2,Green
4449,3,Dark_Turquoise
4449,4,Red
4449,5,Dark_Pink
4449,6,Brown
4449,7,Light_Gray
4449,14,Yellow
4449,15,White
4449,70,Reddish_Brown
4449,71,Light_Bluish_Gray
4449,73,Medium_Blue
4449-f1,0,Black
4449-f1,1,Blue
4449-f1,2,Green
4449-f1,3,Dark_Turquoise
4449-f1,4,Red
4449-f1,5,Dark_Pink
4449-f1,6,Brown
4449-f1,7,Light_Gray
4449-f1,14,Yellow
4449-f1,15,White
4449-f1,70,Reddish_Brown
4449-f1,71,Light_Bluish_Gray
4449-f1,73,Medium_Blue
4449c01,0,Black
4449c01,1,Blue
4449c01,2,Green
4449c01,3,Dark_Turquoise
4449c01,4,Red
4449c01,5,Dark_Pink
4449c01,6,Brown
4449c01,7,Light_Gray
4449c01,14,Yellow
4449c01,15,White
4449c01,70,Reddish_Brown
4449c01,71,Light_Bluish_Gray
4449c01,73,Medium_Blue
445,1,Blue
445,4,Red
445,7,Light_Gray
445,14,Yellow
445,15,White
445,72,Dark_Bluish_Gray
4450,0,Black
4450,4,Red
4450,71,Light_Bluish_Gray
44511,15,White
44511,26,Magenta
4452,1,Blue
4452,4,Red
4452,14,Yellow
4452,15,White
44524,0,Black
44524,1,Blue
44524,4,Red
44524,10,Bright_Green
44524,14,Yellow
44524,15,White
44524,19,Tan
44524,25,Orange
44524,26,Magenta
44524,27,Lime
44524,28,Dark_Tan
44524,30,Medium_Lavender
44524,70,Reddish_Brown
44524,71,Light_Bluish_Gray
44524,72,Dark_Bluish_Gray
44524,191,Bright_Light_Orange
44524,212,Bright_Light_Blue
44524,226,Bright_Light_Yellow
44524,322,Medium_Azure
44524,378,Sand_Green
44524,503,Very_Light_Gray
4455,0,Black
44556,8,Dark_Gray
4456,72,Dark_Bluish_Gray
44567b,0,Black
44567b,1,Blue
44567b,4,Red
44567b,14,Yellow
44567b,15,White
44567b,19,Tan
44567b,71,Light_Bluish_Gray
44567b,72,Dark_Bluish_Gray
44567b,330,Olive_Green
44567b,484,Dark_Orange
44568,0,Black
44568,1,Blue
44568,2,Green
44568,4,Red
44568,7,Light_Gray
44568,14,Yellow
44568,15,White
44568,19,Tan
44568,25,Orange
44568,27,Lime
44568,70,Reddish_Brown
44568,71,Light_Bluish_Gray
44568,72,Dark_Bluish_Gray
44568,73,Medium_Blue
44568,320,Dark_Red
44569,0,Black
44569,1,Blue
44569,4,Red
44569,8,Dark_Gray
44569,14,Yellow
44569,19,Tan
44569,25,Orange
44569,71,Light_Bluish_Gray
44569,72,Dark_Bluish_Gray
44570,0,Black
44570,1,Blue
44570,4,Red
44570,7,Light_Gray
44570,10,Bright_Green
44570,14,Yellow
44570,15,White
44570,25,Orange
44570,70,Reddish_Brown
44570,71,Light_Bluish_Gray
44570,72,Dark_Bluish_Gray
44570,272,Dark_Blue
44571,0,Black
44571,1,Blue
44571,4,Red
44571,14,Yellow
44571,15,White
44571,71,Light_Bluish_Gray
44571,72,Dark_Bluish_Gray
44572,0,Black
44572,14,Yellow
44572,15,White
44572,272,Dark_Blue
4459,0,Black
44590,0,Black
44590,1,Blue
44590,2,Green
44590,4,Red
44590,7,Light_Gray
44590,8,Dark_Gray
44590,14,Yellow
44590,15,White
44590,18,Light_Yellow
44590,19,Tan
44590,71,Light_Bluish_Gray
44590,72,Dark_Bluish_Gray
44590,379,Sand_Blue
446,1,Blue
446,4,Red
446,7,Light_Gray
446,14,Yellow
446,15,White
446,72,Dark_Bluish_Gray
4460,0,Black
4460,1,Blue
4460,4,Red
4460,6,Brown
4460,7,Light_Gray
4460,8,Dark_Gray
4460,14,Yellow
4460,15,White
4460,19,Tan
4460,25,Orange
4460,70,Reddish_Brown
4460,71,Light_Bluish_Gray
4460,72,Dark_Bluish_Gray
4460,272,Dark_Blue
4460,320,Dark_Red
4460,351,Medium_Dark_Pink
4460,379,Sand_Blue
4460,484,Dark_Orange
4460a,0,Black
4460a,1,Blue
4460a,4,Red
4460a,6,Brown
4460a,7,Light_Gray
4460a,8,Dark_Gray
4460a,14,Yellow
4460a,15,White
4460a,19,Tan
4460a,25,Orange
4460a,70,Reddish_Brown
4460a,71,Light_Bluish_Gray
4460a,72,Dark_Bluish_Gray
4460a,272,Dark_Blue
4460a,320,Dark_Red
4460a,351,Medium_Dark_Pink
4460a,379,Sand_Blue
4460a,484,Dark_Orange
4460b,0,Black
4460b,1,Blue
4460b,2,Green
4460b,3,Dark_Turquoise
4460b,4,Red
4460b,10,Bright_Green
4460b,14,Yellow
4460b,15,White
4460b,19,Tan
4460b,25,Orange
4460b,27,Lime
4460b,28,Dark_Tan
4460b,30,Medium_Lavender
4460b,31,Lavender
4460b,70,Reddish_Brown
4460b,71,Light_Bluish_Gray
4460b,72,Dark_Bluish_Gray
4460b,85,Dark_Purple
4460b,191,Bright_Light_Orange
4460b,212,Bright_Light_Blue
4460b,272,Dark_Blue
4460b,288,Dark_Green
4460b,308,Dark_Brown
4460b,320,Dark_Red
4460b,321,Dark_Azure
4460b,323,Light_Aqua
4460b,326,Yellowish_Green
4460b,378,Sand_Green
4461,0,Black
4461,1,Blue
4461,4,Red
4461,5,Dark_Pink
4461,12,Salmon
4461,13,Pink
4461,14,Yellow
4461,74,Medium_Green
4466,4,Red
4466,7,Light_Gray
4466,14,Yellow
44661,0,Black
44661,1,Blue
44661,2,Green
44661,3,Dark_Turquoise
44661,4,Red
44661,14,Yellow
44661,15,White
44661,25,Orange
44661,27,Lime
44661,70,Reddish_Brown
44661,72,Dark_Bluish_Gray
44661,85,Dark_Purple
44661,272,Dark_Blue
44661,288,Dark_Green
44661,321,Dark_Azure
44661,379,Sand_Blue
44665,1,Blue
44665,10,Bright_Green
44665,14,Yellow
44665,71,Light_Bluish_Gray
44666,0,Black
4467,4,Red
4467,7,Light_Gray
4467,14,Yellow
44670,8,Dark_Gray
44670,10,Bright_Green
44674,0,Black
44674,1,Blue
44674,2,Green
44674,3,Dark_Turquoise
44674,4,Red
44674,14,Yellow
44674,15,White
44674,19,Tan
44674,25,Orange
44674,27,Lime
44674,71,Light_Bluish_Gray
44674,72,Dark_Bluish_Gray
44674,191,Bright_Light_Orange
44674,212,Bright_Light_Blue
44674,226,Bright_Light_Yellow
44674,272,Dark_Blue
44674,288,Dark_Green
44674,308,Dark_Brown
44674,320,Dark_Red
44674,321,Dark_Azure
44674,323,Light_Aqua
44674,378,Sand_Green
44674,462,Medium_Orange
44675,0,Black
44675,1,Blue
44675,2,Green
44675,14,Yellow
44675,15,White
44675,19,Tan
44675,70,Reddish_Brown
44675,71,Light_Bluish_Gray
44675,272,Dark_Blue
44676,0,Black
44676,1,Blue
44676,2,Green
44676,4,Red
44676,6,Brown
44676,14,Yellow
44676,15,White
44676,19,Tan
44676,25,Orange
44676,28,Dark_Tan
44676,71,Light_Bluish_Gray
44676,72,Dark_Bluish_Gray
44676,85,Dark_Purple
44676,191,Bright_Light_Orange
44676,272,Dark_Blue
44676,320,Dark_Red
44676,322,Medium_Azure
44676,378,Sand_Green
44676,379,Sand_Blue
44676a,0,Black
44676a,1,Blue
44676a,2,Green
44676a,4,Red
44676a,6,Brown
44676a,14,Yellow
44676a,15,White
44676a,19,Tan
44676a,25,Orange
44676a,28,Dark_Tan
44676a,71,Light_Bluish_Gray
44676a,72,Dark_Bluish_Gray
44676a,85,Dark_Purple
44676a,191,Bright_Light_Orange
44676a,272,Dark_Blue
44676a,320,Dark_Red
44676a,322,Medium_Azure
44676a,378,Sand_Green
44676a,379,Sand_Blue
44709,0,Black
44709,5,Dark_Pink
44709,15,White
44709,27,Lime
44709,29,Bright_Pink
44709,72,Dark_Bluish_Gray
4472,0,Black
44728,0,Black
44728,1,Blue
44728,2,Green
44728,3,Dark_Turquoise
44728,4,Red
44728,7,Light_Gray
44728,8,Dark_Gray
44728,10,Bright_Green
44728,14,Yellow
44728,15,White
44728,19,Tan
44728,25,Orange
44728,26,Magenta
44728,27,Lime
44728,28,Dark_Tan
44728,29,Bright_Pink
44728,30,Medium_Lavender
44728,70,Reddish_Brown
44728,71,Light_Bluish_Gray
44728,72,Dark_Bluish_Gray
44728,73,Medium_Blue
44728,85,Dark_Purple
44728,191,Bright_Light_Orange
44728,212,Bright_Light_Blue
44728,226,Bright_Light_Yellow
44728,272,Dark_Blue
44728,288,Dark_Green
44728,320,Dark_Red
44728,321,Dark_Azure
44728,322,Medium_Azure
44728,323,Light_Aqua
44728,330,Olive_Green
44728,378,Sand_Green
44728,379,Sand_Blue
44728,484,Dark_Orange
4474,0,Black
4474,1,Blue
4474,7,Light_Gray
4474,14,Yellow
44740,4,Red
44740,72,Dark_Bluish_Gray
4475,0,Black
4475,1,Blue
4475,4,Red
4475,7,Light_Gray
4475,14,Yellow
4475,15,White
4476,0,Black
4476,1,Blue
4476,2,Green
4476,3,Dark_Turquoise
4476,4,Red
4476,6,Brown
4476,7,Light_Gray
4476,8,Dark_Gray
4476,14,Yellow
4476,15,White
4476,19,Tan
4476,72,Dark_Bluish_Gray
4477,0,Black
4477,1,Blue
4477,2,Green
4477,3,Dark_Turquoise
4477,4,Red
4477,5,Dark_Pink
4477,6,Brown
4477,7,Light_Gray
4477,8,Dark_Gray
4477,10,Bright_Green
4477,14,Yellow
4477,15,White
4477,19,Tan
4477,25,Orange
4477,26,Magenta
4477,27,Lime
4477,28,Dark_Tan
4477,31,Lavender
4477,70,Reddish_Brown
4477,71,Light_Bluish_Gray
4477,72,Dark_Bluish_Gray
4477,85,Dark_Purple
4477,89,Blue_Violet
4477,272,Dark_Blue
4477,288,Dark_Green
4477,308,Dark_Brown
4477,313,Maersk_Blue
4477,320,Dark_Red
4477,321,Dark_Azure
4477,322,Medium_Azure
4477,378,Sand_Green
4477,379,Sand_Blue
4477,484,Dark_Orange
44771,0,Black
44772,0,Black
44772,7,Light_Gray
44772,71,Light_Bluish_Gray
44773,8,Dark_Gray
44775,14,Yellow
44790,0,Black
44790,1,Blue
44790,4,Red
44790,15,White
44790,25,Orange
44799,0,Black
4479a,0,Black
4479a,2,Green
4479a,7,Light_Gray
4479a,8,Dark_Gray
4479a,15,White
4479a,71,Light_Bluish_Gray
44807,0,Black
44807,15,White
44807,272,Dark_Blue
44807,288,Dark_Green
44807,320,Dark_Red
44809,0,Black
44809,1,Blue
44809,4,Red
44809,7,Light_Gray
44809,8,Dark_Gray
44809,14,Yellow
44809,15,White
44809,71,Light_Bluish_Gray
44809,72,Dark_Bluish_Gray
44809,272,Dark_Blue
44809,379,Sand_Blue
44809,484,Dark_Orange
4480c01,0,Black
4480c01,1,Blue
4480c01,4,Red
4480c01,7,Light_Gray
4480c01,14,Yellow
4480c01,15,White
44810,0,Black
44810,4,Red
44810,15,White
44810,19,Tan
44810,73,Medium_Blue
44810,272,Dark_Blue
44810,288,Dark_Green
44810,320,Dark_Red
44812,8,Dark_Gray
44815b,0,Black
44818,25,Orange
44822,0,Black
44822,4,Red
44822,7,Light_Gray
44822,15,White
44822,27,Lime
44822,71,Light_Bluish_Gray
44822,72,Dark_Bluish_Gray
44848,0,Black
4485,0,Black
4485,1,Blue
4485,2,Green
4485,4,Red
4485,7,Light_Gray
4485,14,Yellow
4485,15,White
4485,19,Tan
4485,25,Orange
4485,27,Lime
4485,272,Dark_Blue
4485,313,Maersk_Blue
44852,0,Black
44852,7,Light_Gray
44852,14,Yellow
44852,15,White
44852,25,Orange
4485b,0,Black
4485b,1,Blue
4485b,2,Green
4485b,4,Red
4485b,7,Light_Gray
4485b,14,Yellow
4485b,15,White
4485b,19,Tan
4485b,25,Orange
4485b,27,Lime
4485b,272,Dark_Blue
4485b,313,Maersk_Blue
44861,0,Black
44861,1,Blue
44861,2,Green
44861,3,Dark_Turquoise
44861,4,Red
44861,5,Dark_Pink
44861,14,Yellow
44861,15,White
44861,19,Tan
44861,70,Reddish_Brown
44861,71,Light_Bluish_Gray
44861,72,Dark_Bluish_Gray
44861,85,Dark_Purple
44861,288,Dark_Green
44861,378,Sand_Green
44865,0,Black
44865,4,Red
44865,15,White
44865,19,Tan
44865,71,Light_Bluish_Gray
44865,72,Dark_Bluish_Gray
44865,226,Bright_Light_Yellow
44865,321,Dark_Azure
4486c01,0,Black
4486c01,1,Blue
4486c01,4,Red
4486c01,15,White
4486c02,14,Yellow
4488,0,Black
4488,1,Blue
4488,4,Red
4488,7,Light_Gray
4488,14,Yellow
4488,15,White
4488,71,Light_Bluish_Gray
44882,0,Black
44882,1,Blue
44882,2,Green
44882,3,Dark_Turquoise
44882,4,Red
44882,6,Brown
44882,7,Light_Gray
44882,8,Dark_Gray
44882,14,Yellow
44882,15,White
44882,19,Tan
44882,25,Orange
44882,26,Magenta
44882,27,Lime
44882,28,Dark_Tan
44882,29,Bright_Pink
44882,70,Reddish_Brown
44882,71,Light_Bluish_Gray
44882,72,Dark_Bluish_Gray
44882,85,Dark_Purple
44882,89,Blue_Violet
44882,191,Bright_Light_Orange
44882,272,Dark_Blue
44882,288,Dark_Green
44882,320,Dark_Red
44882,378,Sand_Green
44882,379,Sand_Blue
4489,0,Black
4489,1,Blue
4489,2,Green
4489,4,Red
4489,6,Brown
4489,7,Light_Gray
4489,8,Dark_Gray
4489,14,Yellow
4489,19,Tan
4489a,0,Black
4489a,1,Blue
4489a,2,Green
4489a,4,Red
4489a,6,Brown
4489a,7,Light_Gray
4489a,8,Dark_Gray
4489a,14,Yellow
4489a,19,Tan
4489b,0,Black
4489b,6,Brown
4489b,15,White
4489b,70,Reddish_Brown
4489b,71,Light_Bluish_Gray
4489b,323,Light_Aqua
4490,0,Black
4490,1,Blue
4490,2,Green
4490,4,Red
4490,6,Brown
4490,7,Light_Gray
4490,8,Dark_Gray
4490,14,Yellow
4490,15,White
4490,19,Tan
4490,29,Bright_Pink
4490,70,Reddish_Brown
4490,71,Light_Bluish_Gray
4490,72,Dark_Bluish_Gray
4490,226,Bright_Light_Yellow
4490,323,Light_Aqua
4490,378,Sand_Green
4491a,0,Black
4491a,1,Blue
4491a,4,Red
4491a,14,Yellow
4491a,15,White
4491b,0,Black
4491b,1,Blue
4491b,2,Green
4491b,4,Red
4491b,6,Brown
4491b,14,Yellow
4491b,70,Reddish_Brown
4491b,72,Dark_Bluish_Gray
4491b,379,Sand_Blue
44936,2,Green
44938,484,Dark_Orange
4495a,0,Black
4495a,1,Blue
4495a,2,Green
4495a,4,Red
4495a,5,Dark_Pink
4495a,6,Brown
4495a,7,Light_Gray
4495a,8,Dark_Gray
4495a,10,Bright_Green
4495a,14,Yellow
4495a,15,White
4495a,71,Light_Bluish_Gray
4495a,72,Dark_Bluish_Gray
4495a,73,Medium_Blue
4495a,85,Dark_Purple
4495a,272,Dark_Blue
4495a,320,Dark_Red
4495a,351,Medium_Dark_Pink
4495a,378,Sand_Green
4495b,0,Black
4495b,1,Blue
4495b,2,Green
4495b,4,Red
4495b,5,Dark_Pink
4495b,7,Light_Gray
4495b,8,Dark_Gray
4495b,14,Yellow
4495b,15,White
4495b,19,Tan
4495b,26,Magenta
4495b,31,Lavender
4495b,72,Dark_Bluish_Gray
4495b,73,Medium_Blue
4495b,191,Bright_Light_Orange
4495b,272,Dark_Blue
4495b,288,Dark_Green
4495b,320,Dark_Red
4495b,322,Medium_Azure
4495b,351,Medium_Dark_Pink
4495b,378,Sand_Green
4496,6,Brown
4496,15,White
4497,0,Black
4497,1,Blue
4497,2,Green
4497,6,Brown
4497,23,Dark_Blue_Violet
4497,70,Reddish_Brown
4497,308,Dark_Brown
4497943,0,Black
4497943,2,Green
4497943,4,Red
4497943,5,Dark_Pink
4497943,14,Yellow
4497943,15,White
4497943,71,Light_Bluish_Gray
4497943,72,Dark_Bluish_Gray
4497946,0,Black
4497b,0,Black
4497b,1,Blue
4497b,2,Green
4497b,6,Brown
4497b,23,Dark_Blue_Violet
4497b,70,Reddish_Brown
4497b,308,Dark_Brown
4498,0,Black
4498,2,Green
4498,4,Red
4498,6,Brown
4498,70,Reddish_Brown
4498,85,Dark_Purple
4499,0,Black
4499,2,Green
4499,4,Red
4499,6,Brown
4499,15,White
4499,28,Dark_Tan
4499,70,Reddish_Brown
4499,85,Dark_Purple
4499,272,Dark_Blue
4500,0,Black
4500,2,Green
4500,25,Orange
4501575,0,Black
4501575,1,Blue
4501575,2,Green
4501575,4,Red
4501575,6,Brown
4501575,7,Light_Gray
4501575,8,Dark_Gray
4501575,14,Yellow
4501575,15,White
4501575,19,Tan
4501575,25,Orange
4501575,27,Lime
4501575,70,Reddish_Brown
4501575,71,Light_Bluish_Gray
4501575,72,Dark_Bluish_Gray
4501575,85,Dark_Purple
4501575,320,Dark_Red
4503,0,Black
4503,4,Red
4503,8,Dark_Gray
4503,71,Light_Bluish_Gray
4503,72,Dark_Bluish_Gray
4503,73,Medium_Blue
4504,0,Black
4504,1,Blue
4504,2,Green
4504,4,Red
4504,6,Brown
4504,7,Light_Gray
4504,8,Dark_Gray
4504,14,Yellow
4504,15,White
4504,19,Tan
4504,70,Reddish_Brown
4504,71,Light_Bluish_Gray
4504369,0,Black
4504369,1,Blue
4504369,2,Green
4504369,3,Dark_Turquoise
4504369,4,Red
4504369,5,Dark_Pink
4504369,10,Bright_Green
4504369,14,Yellow
4504369,15,White
4504369,19,Tan
4504369,25,Orange
4504369,26,Magenta
4504369,27,Lime
4504369,28,Dark_Tan
4504369,29,Bright_Pink
4504369,30,Medium_Lavender
4504369,31,Lavender
4504369,70,Reddish_Brown
4504369,71,Light_Bluish_Gray
4504369,72,Dark_Bluish_Gray
4504369,73,Medium_Blue
4504369,85,Dark_Purple
4504369,191,Bright_Light_Orange
4504369,212,Bright_Light_Blue
4504369,216,Rust
4504369,226,Bright_Light_Yellow
4504369,272,Dark_Blue
4504369,288,Dark_Green
4504369,308,Dark_Brown
4504369,320,Dark_Red
4504369,321,Dark_Azure
4504369,322,Medium_Azure
4504369,323,Light_Aqua
4504369,326,Yellowish_Green
4504369,330,Olive_Green
4504369,378,Sand_Green
4504369,379,Sand_Blue
4504369,484,Dark_Orange
4504371,0,Black
4504371,1,Blue
4504371,2,Green
4504371,3,Dark_Turquoise
4504371,4,Red
4504371,5,Dark_Pink
4504371,10,Bright_Green
4504371,14,Yellow
4504371,15,White
4504371,19,Tan
4504371,25,Orange
4504371,26,Magenta
4504371,27,Lime
4504371,28,Dark_Tan
4504371,29,Bright_Pink
4504371,30,Medium_Lavender
4504371,31,Lavender
4504371,70,Reddish_Brown
4504371,71,Light_Bluish_Gray
4504371,72,Dark_Bluish_Gray
4504371,73,Medium_Blue
4504371,85,Dark_Purple
4504371,191,Bright_Light_Orange
4504371,212,Bright_Light_Blue
4504371,216,Rust
4504371,226,Bright_Light_Yellow
4504371,272,Dark_Blue
4504371,288,Dark_Green
4504371,308,Dark_Brown
4504371,320,Dark_Red
4504371,321,Dark_Azure
4504371,322,Medium_Azure
4504371,323,Light_Aqua
4504371,326,Yellowish_Green
4504371,330,Olive_Green
4504371,378,Sand_Green
4504371,379,Sand_Blue
4504371,484,Dark_Orange
4504379,0,Black
4504379,1,Blue
4504379,2,Green
4504379,3,Dark_Turquoise
4504379,4,Red
4504379,5,Dark_Pink
4504379,10,Bright_Green
4504379,14,Yellow
4504379,15,White
4504379,19,Tan
4504379,25,Orange
4504379,26,Magenta
4504379,27,Lime
4504379,28,Dark_Tan
4504379,29,Bright_Pink
4504379,30,Medium_Lavender
4504379,31,Lavender
4504379,70,Reddish_Brown
4504379,71,Light_Bluish_Gray
4504379,72,Dark_Bluish_Gray
4504379,73,Medium_Blue
4504379,85,Dark_Purple
4504379,191,Bright_Light_Orange
4504379,212,Bright_Light_Blue
4504379,216,Rust
4504379,226,Bright_Light_Yellow
4504379,272,Dark_Blue
4504379,288,Dark_Green
4504379,308,Dark_Brown
4504379,320,Dark_Red
4504379,321,Dark_Azure
4504379,322,Medium_Azure
4504379,323,Light_Aqua
4504379,326,Yellowish_Green
4504379,330,Olive_Green
4504379,378,Sand_Green
4504379,379,Sand_Blue
4504379,484,Dark_Orange
4504382,0,Black
4504382,1,Blue
4504382,2,Green
4504382,3,Dark_Turquoise
4504382,4,Red
4504382,5,Dark_Pink
4504382,10,Bright_Green
4504382,14,Yellow
4504382,15,White
4504382,19,Tan
4504382,25,Orange
4504382,26,Magenta
4504382,27,Lime
4504382,28,Dark_Tan
4504382,29,Bright_Pink
4504382,30,Medium_Lavender
4504382,31,Lavender
4504382,70,Reddish_Brown
4504382,71,Light_Bluish_Gray
4504382,72,Dark_Bluish_Gray
4504382,73,Medium_Blue
4504382,85,Dark_Purple
4504382,191,Bright_Light_Orange
4504382,212,Bright_Light_Blue
4504382,216,Rust
4504382,226,Bright_Light_Yellow
4504382,272,Dark_Blue
4504382,288,Dark_Green
4504382,308,Dark_Brown
4504382,320,Dark_Red
4504382,321,Dark_Azure
4504382,322,Medium_Azure
4504382,323,Light_Aqua
4504382,326,Yellowish_Green
4504382,330,Olive_Green
4504382,378,Sand_Green
4504382,379,Sand_Blue
4504382,484,Dark_Orange
4504602,0,Black
4504602,1,Blue
4504602,7,Light_Gray
4504602,15,White
4504602,25,Orange
4504602,71,Light_Bluish_Gray
4504602,72,Dark_Bluish_Gray
4504602,85,Dark_Purple
4505,0,Black
4505,6,Brown
4505,70,Reddish_Brown
4505,308,Dark_Brown
4505156,0,Black
4505156,4,Red
4505182,0,Black
4505182,6,Brown
4505182,15,White
4505182,19,Tan
4505182,27,Lime
4505a,0,Black
4505a,6,Brown
4505a,70,Reddish_Brown
4505a,308,Dark_Brown
4506,2,Green
4506,6,Brown
4506,15,White
4506480,0,Black
4506480,2,Green
4506480,4,Red
4506480,5,Dark_Pink
4506480,14,Yellow
4506480,15,White
4506480,71,Light_Bluish_Gray
4506480,72,Dark_Bluish_Gray
4506697,0,Black
4506697,1,Blue
4506697,2,Green
4506697,3,Dark_Turquoise
4506697,4,Red
4506697,6,Brown
4506697,7,Light_Gray
4506697,8,Dark_Gray
4506697,10,Bright_Green
4506697,14,Yellow
4506697,15,White
4506697,19,Tan
4506697,22,Purple
4506697,25,Orange
4506697,26,Magenta
4506697,27,Lime
4506697,28,Dark_Tan
4506697,70,Reddish_Brown
4506697,71,Light_Bluish_Gray
4506697,72,Dark_Bluish_Gray
4506697,73,Medium_Blue
4506697,110,Violet
4506697,288,Dark_Green
4506697,484,Dark_Orange
4506847,4,Red
4506847,27,Lime
4506847,71,Light_Bluish_Gray
4506847,272,Dark_Blue
4506847,320,Dark_Red
4506910,0,Black
4506910,1,Blue
4506910,3,Dark_Turquoise
4506910,4,Red
4506910,6,Brown
4506910,7,Light_Gray
4506910,15,White
4506910,19,Tan
4506910,22,Purple
4507,0,Black
4507,1,Blue
4507,4,Red
4507,7,Light_Gray
4508,0,Black
4508,2,Green
4508,4,Red
4509,0,Black
4509,1,Blue
4509,2,Green
4509,4,Red
4509,6,Brown
4509,7,Light_Gray
4509,8,Dark_Gray
4509,14,Yellow
4509,15,White
4509,19,Tan
4509,71,Light_Bluish_Gray
4509,72,Dark_Bluish_Gray
451,0,Black
4510,0,Black
4510,1,Blue
4510,2,Green
4510,4,Red
4510,6,Brown
4510,7,Light_Gray
4510,8,Dark_Gray
4510,14,Yellow
4510,15,White
4510,19,Tan
4510,25,Orange
4510,70,Reddish_Brown
4510,71,Light_Bluish_Gray
4510,72,Dark_Bluish_Gray
4510,191,Bright_Light_Orange
4510,272,Dark_Blue
4510,320,Dark_Red
4510,484,Dark_Orange
4511,0,Black
4511,4,Red
4511,14,Yellow
4511,15,White
4511,71,Light_Bluish_Gray
4511,72,Dark_Bluish_Gray
4514,71,Light_Bluish_Gray
4514,484,Dark_Orange
4515,0,Black
4515,1,Blue
4515,2,Green
4515,4,Red
4515,6,Brown
4515,7,Light_Gray
4515,8,Dark_Gray
4515,10,Bright_Green
4515,14,Yellow
4515,15,White
4515,19,Tan
4515,26,Magenta
4515,28,Dark_Tan
4515,30,Medium_Lavender
4515,71,Light_Bluish_Gray
4515,72,Dark_Bluish_Gray
4515,272,Dark_Blue
4515,288,Dark_Green
4515,320,Dark_Red
4515,351,Medium_Dark_Pink
4515,378,Sand_Green
4515,379,Sand_Blue
4517,7,Light_Gray
45176,0,Black
45176,2,Green
45176,5,Dark_Pink
45176,7,Light_Gray
45176,14,Yellow
45176,15,White
45176,19,Tan
45176,25,Orange
45176,29,Bright_Pink
45176,70,Reddish_Brown
45176,71,Light_Bluish_Gray
45176,72,Dark_Bluish_Gray
45176,85,Dark_Purple
45176,272,Dark_Blue
45176,320,Dark_Red
45176,321,Dark_Azure
45176,378,Sand_Green
45176,484,Dark_Orange
4517925,0,Black
4517925,1,Blue
4517925,2,Green
4517925,4,Red
4517925,6,Brown
4517925,7,Light_Gray
4517925,8,Dark_Gray
4517925,14,Yellow
4517925,15,White
4517925,19,Tan
4517925,25,Orange
4517925,27,Lime
4517925,70,Reddish_Brown
4517925,71,Light_Bluish_Gray
4517925,72,Dark_Bluish_Gray
4517925,115,Medium_Lime
4518,0,Black
4518a,0,Black
4518b,0,Black
4518c,0,Black
4519,0,Black
4519,4,Red
4519,7,Light_Gray
4519,14,Yellow
4519,15,White
4519,71,Light_Bluish_Gray
4520782,0,Black
4520782,1,Blue
4520782,2,Green
4520782,4,Red
4520782,14,Yellow
4520782,15,White
4520782,19,Tan
4520782,25,Orange
4520782,27,Lime
4520782,70,Reddish_Brown
4520782,71,Light_Bluish_Gray
4520782,72,Dark_Bluish_Gray
4520782,73,Medium_Blue
4520782,151,Very_Light_Bluish_Gray
4520782,191,Bright_Light_Orange
4520782,272,Dark_Blue
4520782,308,Dark_Brown
4520782,320,Dark_Red
4520782,323,Light_Aqua
4520782,330,Olive_Green
4520782,378,Sand_Green
4520782,484,Dark_Orange
4520892,1,Blue
4520892,2,Green
4520892,6,Brown
4520892,7,Light_Gray
4520892,10,Bright_Green
4520892,14,Yellow
4520892,15,White
4520892,17,Light_Green
4520892,19,Tan
4520892,25,Orange
4520892,71,Light_Bluish_Gray
4520892,72,Dark_Bluish_Gray
4520892,74,Medium_Green
4520892,212,Bright_Light_Blue
4521852,0,Black
4521852,1,Blue
4521852,2,Green
4521852,4,Red
4521852,5,Dark_Pink
4521852,6,Brown
4521852,8,Dark_Gray
4521852,10,Bright_Green
4521852,14,Yellow
4521852,15,White
4521852,19,Tan
4521852,25,Orange
4521852,27,Lime
4521852,29,Bright_Pink
4521852,30,Medium_Lavender
4521852,70,Reddish_Brown
4521852,71,Light_Bluish_Gray
4521852,72,Dark_Bluish_Gray
4521852,85,Dark_Purple
4521852,191,Bright_Light_Orange
4521852,212,Bright_Light_Blue
4521852,272,Dark_Blue
4521852,288,Dark_Green
4521852,320,Dark_Red
4521852,321,Dark_Azure
4521852,322,Medium_Azure
4521852,378,Sand_Green
4521852,379,Sand_Blue
4521852,484,Dark_Orange
4522,0,Black
4523,0,Black
4523,1,Blue
4523,2,Green
4523,4,Red
4523,5,Dark_Pink
4523,6,Brown
4523,7,Light_Gray
4523,14,Yellow
4523,15,White
4523,25,Orange
4523,26,Magenta
4523,27,Lime
4523,70,Reddish_Brown
4523,191,Bright_Light_Orange
4524,0,Black
4524,1,Blue
4524,2,Green
4524,4,Red
4524,6,Brown
4524,14,Yellow
4524,15,White
4524,320,Dark_Red
4526,0,Black
4527,0,Black
4527,4,Red
4527,10,Bright_Green
4527,15,White
4527,191,Bright_Light_Orange
4527,272,Dark_Blue
45276,4,Red
4528,0,Black
4528,15,White
4528,27,Lime
4528,351,Medium_Dark_Pink
4529,0,Black
4529,8,Dark_Gray
4529,15,White
4529,72,Dark_Bluish_Gray
4529,351,Medium_Dark_Pink
4530,0,Black
4530,2,Green
4530,4,Red
4530,6,Brown
4530,19,Tan
4530,28,Dark_Tan
4530,70,Reddish_Brown
4530,320,Dark_Red
4530,366,Earth_Orange
4530,484,Dark_Orange
45301,0,Black
45301,1,Blue
45301,4,Red
45301,6,Brown
45301,14,Yellow
45301,15,White
45301,25,Orange
45301,70,Reddish_Brown
45301,71,Light_Bluish_Gray
45301,72,Dark_Bluish_Gray
45301,191,Bright_Light_Orange
45301,272,Dark_Blue
45301,288,Dark_Green
45301,320,Dark_Red
45301,378,Sand_Green
45301,379,Sand_Blue
4531,0,Black
4531,1,Blue
4531,2,Green
4531,3,Dark_Turquoise
4531,4,Red
4531,6,Brown
4531,7,Light_Gray
4531,8,Dark_Gray
4531,14,Yellow
4531,15,White
4531,19,Tan
4531,71,Light_Bluish_Gray
4532,0,Black
4532,1,Blue
4532,2,Green
4532,3,Dark_Turquoise
4532,4,Red
4532,6,Brown
4532,7,Light_Gray
4532,8,Dark_Gray
4532,14,Yellow
4532,15,White
4532,19,Tan
4532,25,Orange
4532,26,Magenta
4532,27,Lime
4532,30,Medium_Lavender
4532,71,Light_Bluish_Gray
4532,73,Medium_Blue
4532,212,Bright_Light_Blue
4532,462,Medium_Orange
4533,0,Black
4533,1,Blue
4533,2,Green
4533,4,Red
4533,6,Brown
4533,7,Light_Gray
4533,8,Dark_Gray
4533,14,Yellow
4533,15,White
4533,19,Tan
4533,71,Light_Bluish_Gray
4533,72,Dark_Bluish_Gray
4533,89,Blue_Violet
4533,191,Bright_Light_Orange
4533,378,Sand_Green
4534,14,Yellow
4534,15,White
4535,1,Blue
4535,4,Red
4536,0,Black
4536,1,Blue
4536,2,Green
4536,4,Red
4536,5,Dark_Pink
4536,6,Brown
4536,7,Light_Gray
4536,8,Dark_Gray
4536,14,Yellow
4536,15,White
4536,19,Tan
4536,25,Orange
4536,29,Bright_Pink
4536,72,Dark_Bluish_Gray
4536,212,Bright_Light_Blue
4536,462,Medium_Orange
4538781,0,Black
4538781,25,Orange
4538781,72,Dark_Bluish_Gray
4538782,0,Black
4538782,4,Red
4538782,25,Orange
4538782,72,Dark_Bluish_Gray
4538782,191,Bright_Light_Orange
4538782,330,Olive_Green
453a,4,Red
453ac01,4,Red
453ac01,15,White
453bc01,4,Red
453bc01,15,White
453cc01,4,Red
453cc01,15,White
45406,0,Black
45406,4,Red
45406,14,Yellow
45406,25,Orange
45407,1,Blue
45407,14,Yellow
45407,25,Orange
45408_bl,7,Light_Gray
45408_bl,8,Dark_Gray
45410,1,Blue
45410,2,Green
45410,4,Red
45410,14,Yellow
45410,15,White
45410,71,Light_Bluish_Gray
45410,72,Dark_Bluish_Gray
45410,320,Dark_Red
45411,4,Red
45411,14,Yellow
45411,15,White
45411,71,Light_Bluish_Gray
45411,484,Dark_Orange
455,2,Green
45505,0,Black
45505,1,Blue
45505,2,Green
45505,3,Dark_Turquoise
45505,4,Red
45505,5,Dark_Pink
45505,6,Brown
45505,7,Light_Gray
45505,8,Dark_Gray
45505,10,Bright_Green
45505,13,Pink
45505,14,Yellow
45505,15,White
45505,18,Light_Yellow
45505,19,Tan
45505,22,Purple
45505,25,Orange
45505,26,Magenta
45505,27,Lime
45505,28,Dark_Tan
45505,29,Bright_Pink
45505,30,Medium_Lavender
45505,31,Lavender
45505,68,Very_Light_Orange
45505,70,Reddish_Brown
45505,71,Light_Bluish_Gray
45505,72,Dark_Bluish_Gray
45505,73,Medium_Blue
45505,85,Dark_Purple
45505,89,Blue_Violet
45505,118,Aqua
45505,125,Light_Orange
45505,151,Very_Light_Bluish_Gray
45505,191,Bright_Light_Orange
45505,212,Bright_Light_Blue
45505,226,Bright_Light_Yellow
45505,272,Dark_Blue
45505,288,Dark_Green
45505,308,Dark_Brown
45505,313,Maersk_Blue
45505,320,Dark_Red
45505,321,Dark_Azure
45505,322,Medium_Azure
45505,323,Light_Aqua
45505,326,Yellowish_Green
45505,330,Olive_Green
45505,351,Medium_Dark_Pink
45505,378,Sand_Green
45505,379,Sand_Blue
45505,462,Medium_Orange
45505,484,Dark_Orange
4552033,0,Black
4552033,71,Light_Bluish_Gray
4552033,378,Sand_Green
45522,1,Blue
45522,4,Red
45522,7,Light_Gray
45522,8,Dark_Gray
45522,10,Bright_Green
45522,15,White
45522,19,Tan
45522,110,Violet
45575,71,Light_Bluish_Gray
45590,0,Black
4562148,0,Black
4562148,2,Green
45677,0,Black
45677,1,Blue
45677,2,Green
45677,3,Dark_Turquoise
45677,4,Red
45677,8,Dark_Gray
45677,14,Yellow
45677,15,White
45677,19,Tan
45677,25,Orange
45677,27,Lime
45677,28,Dark_Tan
45677,29,Bright_Pink
45677,70,Reddish_Brown
45677,71,Light_Bluish_Gray
45677,72,Dark_Bluish_Gray
45677,73,Medium_Blue
45677,85,Dark_Purple
45677,191,Bright_Light_Orange
45677,212,Bright_Light_Blue
45677,272,Dark_Blue
45677,288,Dark_Green
45677,308,Dark_Brown
45677,320,Dark_Red
45677,321,Dark_Azure
45677,330,Olive_Green
45677,379,Sand_Blue
45677,484,Dark_Orange
4569,0,Black
4569,2,Green
4569,4,Red
4569,10,Bright_Green
4569,14,Yellow
4569,15,White
4569,30,Medium_Lavender
4569,70,Reddish_Brown
4569,71,Light_Bluish_Gray
4569,72,Dark_Bluish_Gray
4569,85,Dark_Purple
4569,89,Blue_Violet
4569,191,Bright_Light_Orange
4569,226,Bright_Light_Yellow
4569,272,Dark_Blue
4569,320,Dark_Red
4569,322,Medium_Azure
4569,326,Yellowish_Green
45695,0,Black
45695,4,Red
45695,7,Light_Gray
45695,15,White
45695,70,Reddish_Brown
45695,71,Light_Bluish_Gray
45695,72,Dark_Bluish_Gray
4570481,0,Black
4570481,2,Green
4570481,4,Red
4570481,5,Dark_Pink
4570481,14,Yellow
4570481,15,White
4570481,71,Light_Bluish_Gray
4570481,72,Dark_Bluish_Gray
45705,0,Black
45705,2,Green
45705,14,Yellow
45705,15,White
45705,28,Dark_Tan
45705,72,Dark_Bluish_Gray
45705,272,Dark_Blue
45705,321,Dark_Azure
45705,379,Sand_Blue
45705,484,Dark_Orange
45707b,8,Dark_Gray
45707b,72,Dark_Bluish_Gray
45708,0,Black
45749,0,Black
45749,7,Light_Gray
45749,8,Dark_Gray
45749,14,Yellow
45749,72,Dark_Bluish_Gray
45749,272,Dark_Blue
45749,288,Dark_Green
45749,320,Dark_Red
45803,0,Black
45803,1,Blue
45803,4,Red
45803,25,Orange
45803,27,Lime
4585,0,Black
4585,1,Blue
4585,2,Green
4585,4,Red
4585,10,Bright_Green
4585,14,Yellow
4585,15,White
4585,19,Tan
4585,25,Orange
4585,28,Dark_Tan
4585,29,Bright_Pink
4585,30,Medium_Lavender
4585,70,Reddish_Brown
4585,71,Light_Bluish_Gray
4585,72,Dark_Bluish_Gray
4585,212,Bright_Light_Blue
4585,272,Dark_Blue
4585049,1,Blue
4585049,2,Green
4585049,6,Brown
4585049,7,Light_Gray
4585049,10,Bright_Green
4585049,14,Yellow
4585049,15,White
4585049,17,Light_Green
4585049,19,Tan
4585049,25,Orange
4585049,71,Light_Bluish_Gray
4585049,72,Dark_Bluish_Gray
4585049,74,Medium_Green
4585049,212,Bright_Light_Blue
4585500,1,Blue
4585500,2,Green
4585500,6,Brown
4585500,7,Light_Gray
4585500,10,Bright_Green
4585500,14,Yellow
4585500,15,White
4585500,17,Light_Green
4585500,19,Tan
4585500,25,Orange
4585500,71,Light_Bluish_Gray
4585500,72,Dark_Bluish_Gray
4585500,74,Medium_Green
4585500,212,Bright_Light_Blue
4586,0,Black
4586,2,Green
4587,0,Black
4587,1,Blue
4587,4,Red
4587,14,Yellow
4587,15,White
4587,19,Tan
4588,0,Black
4588,1,Blue
4588,2,Green
4588,4,Red
4588,6,Brown
4588,7,Light_Gray
4588,8,Dark_Gray
4588,14,Yellow
4588,15,White
4588,19,Tan
4588,30,Medium_Lavender
4588,70,Reddish_Brown
4588,71,Light_Bluish_Gray
4588,72,Dark_Bluish_Gray
4589,0,Black
4589,1,Blue
4589,2,Green
4589,4,Red
4589,6,Brown
4589,7,Light_Gray
4589,8,Dark_Gray
4589,13,Pink
4589,14,Yellow
4589,15,White
4589,19,Tan
4589,25,Orange
4589,27,Lime
4589,29,Bright_Pink
4589,70,Reddish_Brown
4589,71,Light_Bluish_Gray
4589,72,Dark_Bluish_Gray
4589,85,Dark_Purple
4589,191,Bright_Light_Orange
4589,272,Dark_Blue
4589,320,Dark_Red
4589,335,Sand_Red
4589,351,Medium_Dark_Pink
4589,378,Sand_Green
4589,379,Sand_Blue
4590,0,Black
4590,1,Blue
4590,2,Green
4590,3,Dark_Turquoise
4590,4,Red
4590,6,Brown
4590,7,Light_Gray
4590,8,Dark_Gray
4590,14,Yellow
4590,15,White
4590,19,Tan
4590,70,Reddish_Brown
4590,71,Light_Bluish_Gray
4590,72,Dark_Bluish_Gray
4590,73,Medium_Blue
4591,0,Black
4591,1,Blue
4591,4,Red
4591,7,Light_Gray
4591,15,White
4591,72,Dark_Bluish_Gray
45917,0,Black
45917,1,Blue
45917,2,Green
45917,4,Red
45917,14,Yellow
45917,15,White
45917,71,Light_Bluish_Gray
45917,115,Medium_Lime
45917,191,Bright_Light_Orange
45918,0,Black
45918,6,Brown
45918,14,Yellow
45918,15,White
45918,70,Reddish_Brown
45918,71,Light_Bluish_Gray
45918,72,Dark_Bluish_Gray
4592,0,Black
4592,1,Blue
4592,4,Red
4592,6,Brown
4592,7,Light_Gray
4592,14,Yellow
4592,15,White
4592,19,Tan
4592,71,Light_Bluish_Gray
4592,378,Sand_Green
4593,0,Black
4593,1,Blue
4593,2,Green
4593,4,Red
4593,6,Brown
4593,7,Light_Gray
4593,8,Dark_Gray
4593,14,Yellow
4593,15,White
4593,19,Tan
4593,71,Light_Bluish_Gray
4594,0,Black
4594,1,Blue
4594,2,Green
4594,4,Red
4594,14,Yellow
4594,15,White
4595,0,Black
4595,1,Blue
4595,4,Red
4595,6,Brown
4595,7,Light_Gray
4595,8,Dark_Gray
4595,14,Yellow
4595,15,White
4595,19,Tan
4595,26,Magenta
4595,71,Light_Bluish_Gray
4596,0,Black
4596,1,Blue
4596,2,Green
4596,4,Red
4596,6,Brown
4596,7,Light_Gray
4596,8,Dark_Gray
4596,14,Yellow
4596,15,White
4596,19,Tan
4596,25,Orange
4596,71,Light_Bluish_Gray
4596,72,Dark_Bluish_Gray
4596,379,Sand_Blue
4597,0,Black
4597,1,Blue
4597,2,Green
4597,4,Red
4597,6,Brown
4597,7,Light_Gray
4597,8,Dark_Gray
4597,14,Yellow
4597,15,White
4597,19,Tan
4597,71,Light_Bluish_Gray
4598,0,Black
4598,1,Blue
4598,2,Green
4598,4,Red
4598,6,Brown
4598,7,Light_Gray
4598,8,Dark_Gray
4598,14,Yellow
4598,15,White
4598,19,Tan
4598,29,Bright_Pink
4598,288,Dark_Green
4598,379,Sand_Blue
45982,0,Black
4599a,0,Black
4599a,1,Blue
4599a,2,Green
4599a,4,Red
4599a,6,Brown
4599a,7,Light_Gray
4599a,8,Dark_Gray
4599a,13,Pink
4599a,14,Yellow
4599a,15,White
4599a,19,Tan
4599a,25,Orange
4599a,71,Light_Bluish_Gray
4599a,74,Medium_Green
4599a,77,Light_Pink
4599a,100,Light_Salmon
4599a,320,Dark_Red
4599a,351,Medium_Dark_Pink
4599b,0,Black
4599b,1,Blue
4599b,2,Green
4599b,4,Red
4599b,14,Yellow
4599b,15,White
4599b,19,Tan
4599b,25,Orange
4599b,70,Reddish_Brown
4599b,71,Light_Bluish_Gray
4599b,72,Dark_Bluish_Gray
4599b,320,Dark_Red
4600,0,Black
4600,7,Light_Gray
4600,15,White
4600,71,Light_Bluish_Gray
4601,1,Blue
4601,4,Red
4601,6,Brown
4601,7,Light_Gray
4601,14,Yellow
4601,15,White
4601,27,Lime
4601,70,Reddish_Brown
4601,71,Light_Bluish_Gray
4601,85,Dark_Purple
4601,351,Medium_Dark_Pink
4607,1,Blue
4607,4,Red
4608,0,Black
4608,1,Blue
4608,14,Yellow
461,0,Black
461,1,Blue
461,2,Green
461,3,Dark_Turquoise
461,4,Red
461,15,White
461,19,Tan
461,72,Dark_Bluish_Gray
461,272,Dark_Blue
461,320,Dark_Red
461,378,Sand_Green
461,379,Sand_Blue
4610,4,Red
4611,0,Black
4611,2,Green
4611,4,Red
4611,8,Dark_Gray
4611,14,Yellow
4611,19,Tan
4611,72,Dark_Bluish_Gray
4612,1,Blue
4612,4,Red
4613973,0,Black
4613973,1,Blue
4613973,2,Green
4613973,3,Dark_Turquoise
4613973,4,Red
4613973,5,Dark_Pink
4613973,6,Brown
4613973,7,Light_Gray
4613973,8,Dark_Gray
4613973,10,Bright_Green
4613973,13,Pink
4613973,14,Yellow
4613973,15,White
4613973,18,Light_Yellow
4613973,19,Tan
4613973,22,Purple
4613973,25,Orange
4613973,26,Magenta
4613973,27,Lime
4613973,28,Dark_Tan
4613973,29,Bright_Pink
4613973,30,Medium_Lavender
4613973,31,Lavender
4613973,68,Very_Light_Orange
4613973,69,Light_Purple
4613973,70,Reddish_Brown
4613973,71,Light_Bluish_Gray
4613973,72,Dark_Bluish_Gray
4613973,73,Medium_Blue
4613973,85,Dark_Purple
4613973,89,Blue_Violet
4613973,125,Light_Orange
4613973,151,Very_Light_Bluish_Gray
4613973,191,Bright_Light_Orange
4613973,212,Bright_Light_Blue
4613973,226,Bright_Light_Yellow
4613973,272,Dark_Blue
4613973,288,Dark_Green
4613973,308,Dark_Brown
4613973,313,Maersk_Blue
4613973,320,Dark_Red
4613973,321,Dark_Azure
4613973,322,Medium_Azure
4613973,323,Light_Aqua
4613973,326,Yellowish_Green
4613973,330,Olive_Green
4613973,351,Medium_Dark_Pink
4613973,366,Earth_Orange
4613973,378,Sand_Green
4613973,379,Sand_Blue
4613973,462,Medium_Orange
4613973,484,Dark_Orange
4613974,0,Black
4613974,1,Blue
4613974,2,Green
4613974,3,Dark_Turquoise
4613974,4,Red
4613974,5,Dark_Pink
4613974,6,Brown
4613974,7,Light_Gray
4613974,8,Dark_Gray
4613974,10,Bright_Green
4613974,13,Pink
4613974,14,Yellow
4613974,15,White
4613974,18,Light_Yellow
4613974,19,Tan
4613974,22,Purple
4613974,25,Orange
4613974,26,Magenta
4613974,27,Lime
4613974,28,Dark_Tan
4613974,29,Bright_Pink
4613974,30,Medium_Lavender
4613974,31,Lavender
4613974,68,Very_Light_Orange
4613974,69,Light_Purple
4613974,70,Reddish_Brown
4613974,71,Light_Bluish_Gray
4613974,72,Dark_Bluish_Gray
4613974,73,Medium_Blue
4613974,85,Dark_Purple
4613974,89,Blue_Violet
4613974,125,Light_Orange
4613974,151,Very_Light_Bluish_Gray
4613974,191,Bright_Light_Orange
4613974,212,Bright_Light_Blue
4613974,226,Bright_Light_Yellow
4613974,272,Dark_Blue
4613974,288,Dark_Green
4613974,308,Dark_Brown
4613974,313,Maersk_Blue
4613974,320,Dark_Red
4613974,321,Dark_Azure
4613974,322,Medium_Azure
4613974,323,Light_Aqua
4613974,326,Yellowish_Green
4613974,330,Olive_Green
4613974,351,Medium_Dark_Pink
4613974,366,Earth_Orange
4613974,378,Sand_Green
4613974,379,Sand_Blue
4613974,462,Medium_Orange
4613974,484,Dark_Orange
4613975,0,Black
4613975,1,Blue
4613975,2,Green
4613975,3,Dark_Turquoise
4613975,4,Red
4613975,5,Dark_Pink
4613975,6,Brown
4613975,7,Light_Gray
4613975,8,Dark_Gray
4613975,10,Bright_Green
4613975,13,Pink
4613975,14,Yellow
4613975,15,White
4613975,18,Light_Yellow
4613975,19,Tan
4613975,22,Purple
4613975,25,Orange
4613975,26,Magenta
4613975,27,Lime
4613975,28,Dark_Tan
4613975,29,Bright_Pink
4613975,30,Medium_Lavender
4613975,31,Lavender
4613975,68,Very_Light_Orange
4613975,69,Light_Purple
4613975,70,Reddish_Brown
4613975,71,Light_Bluish_Gray
4613975,72,Dark_Bluish_Gray
4613975,73,Medium_Blue
4613975,85,Dark_Purple
4613975,89,Blue_Violet
4613975,125,Light_Orange
4613975,151,Very_Light_Bluish_Gray
4613975,191,Bright_Light_Orange
4613975,212,Bright_Light_Blue
4613975,226,Bright_Light_Yellow
4613975,272,Dark_Blue
4613975,288,Dark_Green
4613975,308,Dark_Brown
4613975,313,Maersk_Blue
4613975,320,Dark_Red
4613975,321,Dark_Azure
4613975,322,Medium_Azure
4613975,323,Light_Aqua
4613975,326,Yellowish_Green
4613975,330,Olive_Green
4613975,351,Medium_Dark_Pink
4613975,366,Earth_Orange
4613975,378,Sand_Green
4613975,379,Sand_Blue
4613975,462,Medium_Orange
4613975,484,Dark_Orange
4613976,0,Black
4613976,1,Blue
4613976,2,Green
4613976,3,Dark_Turquoise
4613976,4,Red
4613976,5,Dark_Pink
4613976,6,Brown
4613976,7,Light_Gray
4613976,8,Dark_Gray
4613976,10,Bright_Green
4613976,13,Pink
4613976,14,Yellow
4613976,15,White
4613976,18,Light_Yellow
4613976,19,Tan
4613976,22,Purple
4613976,25,Orange
4613976,26,Magenta
4613976,27,Lime
4613976,28,Dark_Tan
4613976,29,Bright_Pink
4613976,30,Medium_Lavender
4613976,31,Lavender
4613976,68,Very_Light_Orange
4613976,69,Light_Purple
4613976,70,Reddish_Brown
4613976,71,Light_Bluish_Gray
4613976,72,Dark_Bluish_Gray
4613976,73,Medium_Blue
4613976,85,Dark_Purple
4613976,89,Blue_Violet
4613976,125,Light_Orange
4613976,151,Very_Light_Bluish_Gray
4613976,191,Bright_Light_Orange
4613976,212,Bright_Light_Blue
4613976,226,Bright_Light_Yellow
4613976,272,Dark_Blue
4613976,288,Dark_Green
4613976,308,Dark_Brown
4613976,313,Maersk_Blue
4613976,320,Dark_Red
4613976,321,Dark_Azure
4613976,322,Medium_Azure
4613976,323,Light_Aqua
4613976,326,Yellowish_Green
4613976,330,Olive_Green
4613976,351,Medium_Dark_Pink
4613976,366,Earth_Orange
4613976,378,Sand_Green
4613976,379,Sand_Blue
4613976,462,Medium_Orange
4613976,484,Dark_Orange
4613977,0,Black
4613977,1,Blue
4613977,2,Green
4613977,3,Dark_Turquoise
4613977,4,Red
4613977,5,Dark_Pink
4613977,6,Brown
4613977,7,Light_Gray
4613977,8,Dark_Gray
4613977,10,Bright_Green
4613977,13,Pink
4613977,14,Yellow
4613977,15,White
4613977,18,Light_Yellow
4613977,19,Tan
4613977,22,Purple
4613977,25,Orange
4613977,26,Magenta
4613977,27,Lime
4613977,28,Dark_Tan
4613977,29,Bright_Pink
4613977,30,Medium_Lavender
4613977,31,Lavender
4613977,68,Very_Light_Orange
4613977,69,Light_Purple
4613977,70,Reddish_Brown
4613977,71,Light_Bluish_Gray
4613977,72,Dark_Bluish_Gray
4613977,73,Medium_Blue
4613977,85,Dark_Purple
4613977,89,Blue_Violet
4613977,125,Light_Orange
4613977,151,Very_Light_Bluish_Gray
4613977,191,Bright_Light_Orange
4613977,212,Bright_Light_Blue
4613977,226,Bright_Light_Yellow
4613977,272,Dark_Blue
4613977,288,Dark_Green
4613977,308,Dark_Brown
4613977,313,Maersk_Blue
4613977,320,Dark_Red
4613977,321,Dark_Azure
4613977,322,Medium_Azure
4613977,323,Light_Aqua
4613977,326,Yellowish_Green
4613977,330,Olive_Green
4613977,351,Medium_Dark_Pink
4613977,366,Earth_Orange
4613977,378,Sand_Green
4613977,379,Sand_Blue
4613977,462,Medium_Orange
4613977,484,Dark_Orange
4613978,0,Black
4613978,1,Blue
4613978,2,Green
4613978,3,Dark_Turquoise
4613978,4,Red
4613978,5,Dark_Pink
4613978,6,Brown
4613978,7,Light_Gray
4613978,8,Dark_Gray
4613978,10,Bright_Green
4613978,13,Pink
4613978,14,Yellow
4613978,15,White
4613978,18,Light_Yellow
4613978,19,Tan
4613978,22,Purple
4613978,25,Orange
4613978,26,Magenta
4613978,27,Lime
4613978,28,Dark_Tan
4613978,29,Bright_Pink
4613978,30,Medium_Lavender
4613978,31,Lavender
4613978,68,Very_Light_Orange
4613978,69,Light_Purple
4613978,70,Reddish_Brown
4613978,71,Light_Bluish_Gray
4613978,72,Dark_Bluish_Gray
4613978,73,Medium_Blue
4613978,85,Dark_Purple
4613978,89,Blue_Violet
4613978,125,Light_Orange
4613978,151,Very_Light_Bluish_Gray
4613978,191,Bright_Light_Orange
4613978,212,Bright_Light_Blue
4613978,226,Bright_Light_Yellow
4613978,272,Dark_Blue
4613978,288,Dark_Green
4613978,308,Dark_Brown
4613978,313,Maersk_Blue
4613978,320,Dark_Red
4613978,321,Dark_Azure
4613978,322,Medium_Azure
4613978,323,Light_Aqua
4613978,326,Yellowish_Green
4613978,330,Olive_Green
4613978,351,Medium_Dark_Pink
4613978,366,Earth_Orange
4613978,378,Sand_Green
4613978,379,Sand_Blue
4613978,462,Medium_Orange
4613978,484,Dark_Orange
4613982,0,Black
4613982,1,Blue
4613982,2,Green
4613982,3,Dark_Turquoise
4613982,4,Red
4613982,5,Dark_Pink
4613982,6,Brown
4613982,7,Light_Gray
4613982,8,Dark_Gray
4613982,10,Bright_Green
4613982,13,Pink
4613982,14,Yellow
4613982,15,White
4613982,18,Light_Yellow
4613982,19,Tan
4613982,22,Purple
4613982,25,Orange
4613982,26,Magenta
4613982,27,Lime
4613982,28,Dark_Tan
4613982,29,Bright_Pink
4613982,30,Medium_Lavender
4613982,31,Lavender
4613982,68,Very_Light_Orange
4613982,69,Light_Purple
4613982,70,Reddish_Brown
4613982,71,Light_Bluish_Gray
4613982,72,Dark_Bluish_Gray
4613982,73,Medium_Blue
4613982,85,Dark_Purple
4613982,89,Blue_Violet
4613982,125,Light_Orange
4613982,151,Very_Light_Bluish_Gray
4613982,191,Bright_Light_Orange
4613982,212,Bright_Light_Blue
4613982,226,Bright_Light_Yellow
4613982,272,Dark_Blue
4613982,288,Dark_Green
4613982,308,Dark_Brown
4613982,313,Maersk_Blue
4613982,320,Dark_Red
4613982,321,Dark_Azure
4613982,322,Medium_Azure
4613982,323,Light_Aqua
4613982,326,Yellowish_Green
4613982,330,Olive_Green
4613982,351,Medium_Dark_Pink
4613982,366,Earth_Orange
4613982,378,Sand_Green
4613982,379,Sand_Blue
4613982,462,Medium_Orange
4613982,484,Dark_Orange
4613c01,1,Blue
4613c01,4,Red
4616992,0,Black
4616992,1,Blue
4616992,25,Orange
4616992,72,Dark_Bluish_Gray
4616a,1,Blue
4616a,4,Red
4616b,1,Blue
4617a,14,Yellow
4617b,0,Black
4617b,4,Red
4617b,6,Brown
4617b,14,Yellow
4617b,25,Orange
4617b,70,Reddish_Brown
4617b,72,Dark_Bluish_Gray
4620070,0,Black
4620070,1,Blue
4620070,4,Red
4620070,14,Yellow
4620070,15,White
4620070,22,Purple
4620070,73,Medium_Blue
46212,0,Black
46212,1,Blue
46212,4,Red
46212,7,Light_Gray
46212,15,White
4623,0,Black
4623,1,Blue
4623,2,Green
4623,4,Red
4623,5,Dark_Pink
4623,6,Brown
4623,7,Light_Gray
4623,8,Dark_Gray
4623,14,Yellow
4623,15,White
4623,19,Tan
4623,27,Lime
4623,29,Bright_Pink
4623,70,Reddish_Brown
4623,71,Light_Bluish_Gray
4623,72,Dark_Bluish_Gray
4623,73,Medium_Blue
4623,115,Medium_Lime
4624,1,Blue
4624,4,Red
4624,6,Brown
4624,7,Light_Gray
4624,14,Yellow
4624,15,White
4624,27,Lime
4624,70,Reddish_Brown
4624,71,Light_Bluish_Gray
4624,85,Dark_Purple
4624,351,Medium_Dark_Pink
4625,0,Black
4625,1,Blue
4625,2,Green
4625,4,Red
4625,6,Brown
4625,7,Light_Gray
4625,8,Dark_Gray
4625,14,Yellow
4625,15,White
4625,19,Tan
4625,27,Lime
4625,71,Light_Bluish_Gray
4625,72,Dark_Bluish_Gray
4625,73,Medium_Blue
4626,0,Black
4626,7,Light_Gray
4626,14,Yellow
4627,1,Blue
4627,14,Yellow
4628,1,Blue
4628,14,Yellow
4629,1,Blue
4629,14,Yellow
4629787,0,Black
4629787,1,Blue
4629787,2,Green
4629787,3,Dark_Turquoise
4629787,4,Red
4629787,5,Dark_Pink
4629787,6,Brown
4629787,7,Light_Gray
4629787,8,Dark_Gray
4629787,10,Bright_Green
4629787,13,Pink
4629787,14,Yellow
4629787,15,White
4629787,18,Light_Yellow
4629787,19,Tan
4629787,22,Purple
4629787,25,Orange
4629787,26,Magenta
4629787,27,Lime
4629787,28,Dark_Tan
4629787,29,Bright_Pink
4629787,30,Medium_Lavender
4629787,31,Lavender
4629787,68,Very_Light_Orange
4629787,69,Light_Purple
4629787,70,Reddish_Brown
4629787,71,Light_Bluish_Gray
4629787,72,Dark_Bluish_Gray
4629787,73,Medium_Blue
4629787,85,Dark_Purple
4629787,89,Blue_Violet
4629787,125,Light_Orange
4629787,151,Very_Light_Bluish_Gray
4629787,191,Bright_Light_Orange
4629787,212,Bright_Light_Blue
4629787,226,Bright_Light_Yellow
4629787,272,Dark_Blue
4629787,288,Dark_Green
4629787,308,Dark_Brown
4629787,313,Maersk_Blue
4629787,320,Dark_Red
4629787,321,Dark_Azure
4629787,322,Medium_Azure
4629787,323,Light_Aqua
4629787,326,Yellowish_Green
4629787,330,Olive_Green
4629787,351,Medium_Dark_Pink
4629787,366,Earth_Orange
4629787,378,Sand_Green
4629787,379,Sand_Blue
4629787,462,Medium_Orange
4629787,484,Dark_Orange
4629916,0,Black
4629916,4,Red
4629916,14,Yellow
4629916,15,White
4629916,19,Tan
4629916,71,Light_Bluish_Gray
4629916,272,Dark_Blue
4629916,320,Dark_Red
4629c01,1,Blue
4629c01,14,Yellow
4629c02,1,Blue
4629c02,14,Yellow
4629down,1,Blue
4629down,14,Yellow
4629up,1,Blue
4629up,14,Yellow
46303,0,Black
46303,2,Green
46303,3,Dark_Turquoise
46303,4,Red
46303,15,White
46303,26,Magenta
46303,27,Lime
46303,71,Light_Bluish_Gray
46303,321,Dark_Azure
46304,0,Black
46304,15,White
46304,26,Magenta
46304,85,Dark_Purple
46305,14,Yellow
46334,0,Black
46334,71,Light_Bluish_Gray
46335,0,Black
46342,3,Dark_Turquoise
46342,4,Red
46342,5,Dark_Pink
46342,191,Bright_Light_Orange
46342,272,Dark_Blue
46342,320,Dark_Red
46361,0,Black
46361,3,Dark_Turquoise
46361,4,Red
46361,7,Light_Gray
46361,10,Bright_Green
46361,15,White
46361,19,Tan
46361,25,Orange
46361,27,Lime
46361,31,Lavender
46361,71,Light_Bluish_Gray
46361,72,Dark_Bluish_Gray
46361,85,Dark_Purple
46361,191,Bright_Light_Orange
46361,212,Bright_Light_Blue
46361,226,Bright_Light_Yellow
46361,272,Dark_Blue
46361,320,Dark_Red
46361,323,Light_Aqua
46361,484,Dark_Orange
46372,14,Yellow
46372,71,Light_Bluish_Gray
464,0,Black
464,1,Blue
464,2,Green
464,3,Dark_Turquoise
464,4,Red
464,5,Dark_Pink
464,8,Dark_Gray
464,14,Yellow
464,15,White
464,18,Light_Yellow
464,19,Tan
464,25,Orange
464,26,Magenta
464,27,Lime
464,28,Dark_Tan
464,29,Bright_Pink
464,31,Lavender
464,70,Reddish_Brown
464,71,Light_Bluish_Gray
464,72,Dark_Bluish_Gray
464,73,Medium_Blue
464,85,Dark_Purple
464,212,Bright_Light_Blue
464,272,Dark_Blue
464,288,Dark_Green
464,308,Dark_Brown
464,320,Dark_Red
464,321,Dark_Azure
464,378,Sand_Green
464,379,Sand_Blue
464,462,Medium_Orange
464,484,Dark_Orange
46413,0,Black
46413,1,Blue
46413,4,Red
46413,14,Yellow
46413,15,White
46413,191,Bright_Light_Orange
46413,320,Dark_Red
46413,379,Sand_Blue
4643,30,Medium_Lavender
4643,308,Dark_Brown
4652,15,White
4652,191,Bright_Light_Orange
4652,378,Sand_Green
4654577,0,Black
4654577,1,Blue
4654577,2,Green
4654577,4,Red
4654577,14,Yellow
4654577,15,White
4654577,19,Tan
4654577,25,Orange
4654577,27,Lime
4654577,70,Reddish_Brown
4654577,71,Light_Bluish_Gray
4654577,72,Dark_Bluish_Gray
4654577,85,Dark_Purple
4654577,212,Bright_Light_Blue
4654577,226,Bright_Light_Yellow
4654577,272,Dark_Blue
4654577,320,Dark_Red
4654577,321,Dark_Azure
4654577,378,Sand_Green
4654577,379,Sand_Blue
46667,0,Black
46667,7,Light_Gray
46667,72,Dark_Bluish_Gray
4672,0,Black
4672,1,Blue
4672,2,Green
4672,4,Red
4672,8,Dark_Gray
4672,10,Bright_Green
4672,14,Yellow
4672,15,White
4672,19,Tan
4672,27,Lime
4672,28,Dark_Tan
4672,29,Bright_Pink
4672,30,Medium_Lavender
4672,70,Reddish_Brown
4672,71,Light_Bluish_Gray
4672,72,Dark_Bluish_Gray
4672,85,Dark_Purple
4672,120,Light_Lime
4672,212,Bright_Light_Blue
4672,226,Bright_Light_Yellow
4672,272,Dark_Blue
4672,321,Dark_Azure
4672,322,Medium_Azure
4672,326,Yellowish_Green
4672a,0,Black
4672a,1,Blue
4672a,2,Green
4672a,4,Red
4672a,8,Dark_Gray
4672a,10,Bright_Green
4672a,14,Yellow
4672a,15,White
4672a,19,Tan
4672a,27,Lime
4672a,28,Dark_Tan
4672a,29,Bright_Pink
4672a,30,Medium_Lavender
4672a,70,Reddish_Brown
4672a,71,Light_Bluish_Gray
4672a,72,Dark_Bluish_Gray
4672a,85,Dark_Purple
4672a,120,Light_Lime
4672a,212,Bright_Light_Blue
4672a,226,Bright_Light_Yellow
4672a,272,Dark_Blue
4672a,321,Dark_Azure
4672a,322,Medium_Azure
4672a,326,Yellowish_Green
4672b,0,Black
4672b,1,Blue
4672b,2,Green
4672b,4,Red
4672b,8,Dark_Gray
4672b,10,Bright_Green
4672b,14,Yellow
4672b,15,White
4672b,19,Tan
4672b,27,Lime
4672b,28,Dark_Tan
4672b,29,Bright_Pink
4672b,30,Medium_Lavender
4672b,70,Reddish_Brown
4672b,71,Light_Bluish_Gray
4672b,72,Dark_Bluish_Gray
4672b,85,Dark_Purple
4672b,120,Light_Lime
4672b,212,Bright_Light_Blue
4672b,226,Bright_Light_Yellow
4672b,272,Dark_Blue
4672b,321,Dark_Azure
4672b,322,Medium_Azure
4672b,326,Yellowish_Green
46834,15,White
46835,72,Dark_Bluish_Gray
4688,15,White
46882,15,White
46882,330,Olive_Green
46891,72,Dark_Bluish_Gray
469,0,Black
469,14,Yellow
469,15,White
469,288,Dark_Green
4692c01,7,Light_Gray
4697a,7,Light_Gray
4697b,0,Black
4697b,7,Light_Gray
4697b,10,Bright_Green
4697b,15,White
4697b,19,Tan
4697b,70,Reddish_Brown
4697b,71,Light_Bluish_Gray
4698,7,Light_Gray
47,0,Black
47,1,Blue
47,2,Green
47,3,Dark_Turquoise
47,4,Red
47,5,Dark_Pink
47,6,Brown
47,7,Light_Gray
47,8,Dark_Gray
47,10,Bright_Green
47,13,Pink
47,14,Yellow
47,15,White
47,18,Light_Yellow
47,19,Tan
47,25,Orange
47,27,Lime
47,28,Dark_Tan
47,29,Bright_Pink
47,31,Lavender
47,70,Reddish_Brown
47,71,Light_Bluish_Gray
47,72,Dark_Bluish_Gray
47,73,Medium_Blue
47,85,Dark_Purple
47,191,Bright_Light_Orange
47,226,Bright_Light_Yellow
47,272,Dark_Blue
47,308,Dark_Brown
47,320,Dark_Red
47,321,Dark_Azure
47,322,Medium_Azure
47,323,Light_Aqua
47,351,Medium_Dark_Pink
47,378,Sand_Green
47,484,Dark_Orange
470,0,Black
470,8,Dark_Gray
470,14,Yellow
470,15,White
470,72,Dark_Bluish_Gray
4700,14,Yellow
4707c01,7,Light_Gray
4707c02,7,Light_Gray
4707c03,7,Light_Gray
47115,15,White
47115,120,Light_Lime
47115,226,Bright_Light_Yellow
47116,15,White
47116,120,Light_Lime
47116,226,Bright_Light_Yellow
47116,379,Sand_Blue
47117,15,White
47122,15,White
4714,2,Green
4714,4,Red
4714,14,Yellow
4714,15,White
4715,15,White
4716,0,Black
4716,1,Blue
4716,4,Red
4716,7,Light_Gray
4716,14,Yellow
4716,15,White
4716,19,Tan
4716,25,Orange
4716,71,Light_Bluish_Gray
4716,216,Rust
4719,0,Black
4719,2,Green
4719,4,Red
4719,14,Yellow
4719,15,White
4719,191,Bright_Light_Orange
4719,322,Medium_Azure
4719,351,Medium_Dark_Pink
472,1,Blue
472,2,Green
472,4,Red
472,14,Yellow
472,15,White
472,72,Dark_Bluish_Gray
472,191,Bright_Light_Orange
472,378,Sand_Green
4727,0,Black
4727,1,Blue
4727,2,Green
4727,3,Dark_Turquoise
4727,4,Red
4727,6,Brown
4727,7,Light_Gray
4727,8,Dark_Gray
4727,10,Bright_Green
4727,14,Yellow
4727,15,White
4727,19,Tan
4727,115,Medium_Lime
4728,0,Black
4728,1,Blue
4728,2,Green
4728,4,Red
4728,5,Dark_Pink
4728,6,Brown
4728,7,Light_Gray
4728,8,Dark_Gray
4728,13,Pink
4728,14,Yellow
4728,15,White
4728,18,Light_Yellow
4728,19,Tan
4728,29,Bright_Pink
4728,73,Medium_Blue
4728,74,Medium_Green
4728,322,Medium_Azure
4728,351,Medium_Dark_Pink
4729,0,Black
4729,1,Blue
4729,2,Green
4729,4,Red
4729,6,Brown
4729,7,Light_Gray
4729,8,Dark_Gray
4729,14,Yellow
4729,15,White
4729,19,Tan
4729,25,Orange
47295,0,Black
47295,4,Red
47295,15,White
47295,272,Dark_Blue
47295,288,Dark_Green
47295,320,Dark_Red
47296,0,Black
47296,4,Red
47296,15,White
47296,27,Lime
47296,28,Dark_Tan
47296,72,Dark_Bluish_Gray
47296,73,Medium_Blue
47296,191,Bright_Light_Orange
47296,272,Dark_Blue
47296,288,Dark_Green
47296,320,Dark_Red
47296,378,Sand_Green
47296,379,Sand_Blue
47297,0,Black
47297,4,Red
47297,14,Yellow
47297,15,White
47297,19,Tan
47297,27,Lime
47297,70,Reddish_Brown
47297,71,Light_Bluish_Gray
47297,72,Dark_Bluish_Gray
47297,191,Bright_Light_Orange
47297,272,Dark_Blue
47297,288,Dark_Green
47297,320,Dark_Red
47298,0,Black
47298,15,White
47298,191,Bright_Light_Orange
47298,272,Dark_Blue
47298,288,Dark_Green
47298,320,Dark_Red
47299,0,Black
47299,15,White
47299,70,Reddish_Brown
47299,71,Light_Bluish_Gray
47299,272,Dark_Blue
47299,288,Dark_Green
47299,320,Dark_Red
4730,0,Black
4730,1,Blue
4730,4,Red
4730,7,Light_Gray
4730,14,Yellow
4730,15,White
47300,72,Dark_Bluish_Gray
47300,288,Dark_Green
47301,15,White
47302,0,Black
47302,272,Dark_Blue
47304,0,Black
47304,6,Brown
47304,15,White
47304,28,Dark_Tan
47304,70,Reddish_Brown
47304,72,Dark_Bluish_Gray
47304,272,Dark_Blue
47304,288,Dark_Green
47304,320,Dark_Red
47305,0,Black
47305,15,White
47305,272,Dark_Blue
47305,288,Dark_Green
47305,320,Dark_Red
47306,0,Black
47306,4,Red
47306,15,White
47306,19,Tan
47306,27,Lime
47306,28,Dark_Tan
47306,72,Dark_Bluish_Gray
47306,73,Medium_Blue
47306,191,Bright_Light_Orange
47306,272,Dark_Blue
47306,288,Dark_Green
47306,320,Dark_Red
47306,378,Sand_Green
47306,379,Sand_Blue
47307,288,Dark_Green
47308,320,Dark_Red
47310,0,Black
47310,15,White
47310,272,Dark_Blue
47310,288,Dark_Green
47310,320,Dark_Red
47311,0,Black
47311,15,White
47311,70,Reddish_Brown
47311,151,Very_Light_Bluish_Gray
47311,272,Dark_Blue
47311,288,Dark_Green
47311,320,Dark_Red
47312,72,Dark_Bluish_Gray
47314,4,Red
4732,0,Black
4732,1,Blue
4732,2,Green
4732,4,Red
4732,6,Brown
4732,7,Light_Gray
4732,8,Dark_Gray
4732,14,Yellow
4732,15,White
4732,19,Tan
4732,25,Orange
4732,72,Dark_Bluish_Gray
47327,4,Red
47327,191,Bright_Light_Orange
47328,0,Black
47328,4,Red
47328,15,White
47328,72,Dark_Bluish_Gray
47328,73,Medium_Blue
47328,272,Dark_Blue
47328,288,Dark_Green
47328,320,Dark_Red
4733,0,Black
4733,1,Blue
4733,2,Green
4733,4,Red
4733,5,Dark_Pink
4733,6,Brown
4733,7,Light_Gray
4733,8,Dark_Gray
4733,14,Yellow
4733,15,White
4733,19,Tan
4733,25,Orange
4733,27,Lime
4733,29,Bright_Pink
4733,70,Reddish_Brown
4733,71,Light_Bluish_Gray
4733,72,Dark_Bluish_Gray
4733,73,Medium_Blue
4733,288,Dark_Green
4733,320,Dark_Red
47330,0,Black
47330,15,White
47330,272,Dark_Blue
47330,288,Dark_Green
47330,320,Dark_Red
47331,0,Black
47331,15,White
47331,272,Dark_Blue
47331,288,Dark_Green
47331,320,Dark_Red
47332,0,Black
47332,15,White
47332,72,Dark_Bluish_Gray
47332,272,Dark_Blue
47332,288,Dark_Green
47332,320,Dark_Red
4735,0,Black
4735,1,Blue
4735,2,Green
4735,4,Red
4735,6,Brown
4735,7,Light_Gray
4735,8,Dark_Gray
4735,14,Yellow
4735,15,White
4735,19,Tan
4735,71,Light_Bluish_Gray
4735,72,Dark_Bluish_Gray
4736,0,Black
4736,1,Blue
4736,7,Light_Gray
4736,14,Yellow
4736,71,Light_Bluish_Gray
4737,0,Black
4737,1,Blue
4737,7,Light_Gray
47376,15,White
4738,6,Brown
4738,7,Light_Gray
4738a,6,Brown
4738a,7,Light_Gray
4738b,0,Black
4738b,2,Green
4738b,4,Red
4738b,6,Brown
4738b,7,Light_Gray
4738b,19,Tan
4738b,70,Reddish_Brown
4738b,72,Dark_Bluish_Gray
47397,0,Black
47397,1,Blue
47397,3,Dark_Turquoise
47397,4,Red
47397,14,Yellow
47397,15,White
47397,19,Tan
47397,25,Orange
47397,28,Dark_Tan
47397,70,Reddish_Brown
47397,71,Light_Bluish_Gray
47397,72,Dark_Bluish_Gray
47397,226,Bright_Light_Yellow
47397,272,Dark_Blue
47397,288,Dark_Green
47397,320,Dark_Red
47397,321,Dark_Azure
47397,484,Dark_Orange
47398,0,Black
47398,1,Blue
47398,3,Dark_Turquoise
47398,4,Red
47398,14,Yellow
47398,15,White
47398,19,Tan
47398,25,Orange
47398,28,Dark_Tan
47398,70,Reddish_Brown
47398,71,Light_Bluish_Gray
47398,72,Dark_Bluish_Gray
47398,226,Bright_Light_Yellow
47398,272,Dark_Blue
47398,288,Dark_Green
47398,320,Dark_Red
47398,321,Dark_Azure
47398,484,Dark_Orange
4739a,0,Black
4739a,6,Brown
4739a,19,Tan
4739a,27,Lime
4739a,30,Medium_Lavender
4739a,70,Reddish_Brown
4739a,72,Dark_Bluish_Gray
4739b,6,Brown
4739b,7,Light_Gray
4740,0,Black
4740,1,Blue
4740,2,Green
4740,4,Red
4740,5,Dark_Pink
4740,6,Brown
4740,7,Light_Gray
4740,8,Dark_Gray
4740,13,Pink
4740,14,Yellow
4740,15,White
4740,18,Light_Yellow
4740,19,Tan
4740,25,Orange
4740,27,Lime
4740,28,Dark_Tan
4740,29,Bright_Pink
4740,70,Reddish_Brown
4740,71,Light_Bluish_Gray
4740,72,Dark_Bluish_Gray
4740,89,Blue_Violet
4740,191,Bright_Light_Orange
4740,320,Dark_Red
4740,323,Light_Aqua
4740,351,Medium_Dark_Pink
4740,378,Sand_Green
4740,379,Sand_Blue
47404,0,Black
47404,4,Red
47404,14,Yellow
47404,15,White
47404,70,Reddish_Brown
47404,71,Light_Bluish_Gray
47404,72,Dark_Bluish_Gray
47404,89,Blue_Violet
47404,272,Dark_Blue
47404,288,Dark_Green
47404,308,Dark_Brown
47404,322,Medium_Azure
47405,0,Black
47405,4,Red
47405,15,White
47405,19,Tan
47405,71,Light_Bluish_Gray
47405,72,Dark_Bluish_Gray
47405,73,Medium_Blue
47405,320,Dark_Red
47406,0,Black
47406,5,Dark_Pink
47406,14,Yellow
47406,15,White
47406,25,Orange
47406,27,Lime
47406,30,Medium_Lavender
47406,70,Reddish_Brown
47406,72,Dark_Bluish_Gray
47406,272,Dark_Blue
47407,0,Black
47407,1,Blue
47407,3,Dark_Turquoise
47407,4,Red
47407,5,Dark_Pink
47407,14,Yellow
47407,15,White
47407,19,Tan
47407,27,Lime
47407,28,Dark_Tan
47407,71,Light_Bluish_Gray
47407,72,Dark_Bluish_Gray
47407,272,Dark_Blue
47407,288,Dark_Green
47407,320,Dark_Red
47407,379,Sand_Blue
4741,1,Blue
4741,4,Red
4741,7,Light_Gray
4741,15,White
4742,0,Black
4742,1,Blue
4742,2,Green
4742,4,Red
4742,6,Brown
4742,7,Light_Gray
4742,8,Dark_Gray
4742,14,Yellow
4742,15,White
4742,19,Tan
4742,70,Reddish_Brown
4742,71,Light_Bluish_Gray
4742,72,Dark_Bluish_Gray
4742,191,Bright_Light_Orange
4742,484,Dark_Orange
4743,0,Black
4743,1,Blue
4743,2,Green
4743,4,Red
4743,6,Brown
4743,7,Light_Gray
4743,8,Dark_Gray
4743,14,Yellow
4743,15,White
4743,19,Tan
47431,0,Black
47431,2,Green
47431,4,Red
47431,14,Yellow
47431,28,Dark_Tan
47431,72,Dark_Bluish_Gray
47431,73,Medium_Blue
47431,85,Dark_Purple
47431,151,Very_Light_Bluish_Gray
47431,191,Bright_Light_Orange
47431,272,Dark_Blue
47431,288,Dark_Green
47431,320,Dark_Red
47431,379,Sand_Blue
47432,0,Black
47432,2,Green
47432,4,Red
47432,14,Yellow
47432,19,Tan
47432,25,Orange
47432,28,Dark_Tan
47432,70,Reddish_Brown
47432,71,Light_Bluish_Gray
47432,72,Dark_Bluish_Gray
47432,73,Medium_Blue
47432,85,Dark_Purple
47432,272,Dark_Blue
47432,288,Dark_Green
47432,320,Dark_Red
47432,379,Sand_Blue
47432,484,Dark_Orange
4744,0,Black
4744,1,Blue
4744,2,Green
4744,4,Red
4744,6,Brown
4744,7,Light_Gray
4744,8,Dark_Gray
4744,14,Yellow
4744,15,White
4744,17,Light_Green
4744,19,Tan
4744,77,Light_Pink
4744,288,Dark_Green
4745,0,Black
4745,1,Blue
4745,2,Green
4745,4,Red
4745,6,Brown
4745,7,Light_Gray
4745,8,Dark_Gray
4745,14,Yellow
4745,15,White
4745,19,Tan
47452,0,Black
47452,2,Green
47452,4,Red
47452,28,Dark_Tan
47452,70,Reddish_Brown
47452,71,Light_Bluish_Gray
47452,72,Dark_Bluish_Gray
47452,73,Medium_Blue
47452,85,Dark_Purple
47452,272,Dark_Blue
47454,4,Red
47454,14,Yellow
47454,28,Dark_Tan
47454,71,Light_Bluish_Gray
47454,72,Dark_Bluish_Gray
47454,151,Very_Light_Bluish_Gray
47454,191,Bright_Light_Orange
47454,272,Dark_Blue
47454,288,Dark_Green
47454,320,Dark_Red
47454,379,Sand_Blue
47455,0,Black
47455,2,Green
47455,4,Red
47455,14,Yellow
47455,15,White
47455,19,Tan
47455,28,Dark_Tan
47455,71,Light_Bluish_Gray
47455,72,Dark_Bluish_Gray
47455,73,Medium_Blue
47455,85,Dark_Purple
47455,272,Dark_Blue
47455,320,Dark_Red
47455,379,Sand_Blue
47455,484,Dark_Orange
47456,0,Black
47456,1,Blue
47456,2,Green
47456,4,Red
47456,14,Yellow
47456,15,White
47456,19,Tan
47456,28,Dark_Tan
47456,29,Bright_Pink
47456,30,Medium_Lavender
47456,70,Reddish_Brown
47456,71,Light_Bluish_Gray
47456,72,Dark_Bluish_Gray
47456,73,Medium_Blue
47456,85,Dark_Purple
47456,191,Bright_Light_Orange
47456,226,Bright_Light_Yellow
47456,272,Dark_Blue
47456,288,Dark_Green
47456,308,Dark_Brown
47456,320,Dark_Red
47456,322,Medium_Azure
47456,378,Sand_Green
47456,379,Sand_Blue
47456,484,Dark_Orange
47457,0,Black
47457,1,Blue
47457,2,Green
47457,4,Red
47457,14,Yellow
47457,15,White
47457,19,Tan
47457,27,Lime
47457,28,Dark_Tan
47457,70,Reddish_Brown
47457,71,Light_Bluish_Gray
47457,72,Dark_Bluish_Gray
47457,73,Medium_Blue
47457,85,Dark_Purple
47457,191,Bright_Light_Orange
47457,308,Dark_Brown
47457,320,Dark_Red
47457,322,Medium_Azure
47457,323,Light_Aqua
47457,330,Olive_Green
47457,484,Dark_Orange
47458,0,Black
47458,1,Blue
47458,2,Green
47458,4,Red
47458,15,White
47458,19,Tan
47458,28,Dark_Tan
47458,29,Bright_Pink
47458,70,Reddish_Brown
47458,71,Light_Bluish_Gray
47458,72,Dark_Bluish_Gray
47458,73,Medium_Blue
47458,85,Dark_Purple
47458,320,Dark_Red
47458,330,Olive_Green
47458,378,Sand_Green
4746,0,Black
4746,1,Blue
4746,7,Light_Gray
4746,15,White
4747,1,Blue
4747,4,Red
47474,0,Black
47474,1,Blue
47474,4,Red
47474,14,Yellow
47474,15,White
47474,28,Dark_Tan
47474,71,Light_Bluish_Gray
47474,72,Dark_Bluish_Gray
47474,320,Dark_Red
4748,1,Blue
4748,4,Red
4750,14,Yellow
47501,0,Black
47501,2,Green
47501,4,Red
47501,14,Yellow
47501,19,Tan
47501,28,Dark_Tan
47501,70,Reddish_Brown
47501,73,Medium_Blue
47501,85,Dark_Purple
47501,272,Dark_Blue
47501,288,Dark_Green
47501,320,Dark_Red
47501,378,Sand_Green
47501,379,Sand_Blue
47501,484,Dark_Orange
47507,0,Black
47507,14,Yellow
47507,15,White
47507,71,Light_Bluish_Gray
47507,72,Dark_Bluish_Gray
47508,0,Black
47508,14,Yellow
47508,25,Orange
4751,4,Red
4751c,4,Red
47543,0,Black
47543,4,Red
47543,15,White
47543,30,Medium_Lavender
47543,70,Reddish_Brown
47543,71,Light_Bluish_Gray
47543,72,Dark_Bluish_Gray
47543,85,Dark_Purple
47543,212,Bright_Light_Blue
47543,320,Dark_Red
47543,378,Sand_Green
4755,0,Black
4755,15,White
4757,0,Black
4757,14,Yellow
4757,15,White
47576,0,Black
47576,25,Orange
47576,70,Reddish_Brown
4758,15,White
4760c01,0,Black
4760c01,4,Red
4760c01,14,Yellow
4760c01,15,White
4761,0,Black
4761,4,Red
4761,15,White
4762,7,Light_Gray
4767,15,White
47675,0,Black
47675,1,Blue
47675,2,Green
47675,4,Red
47675,14,Yellow
47675,15,White
47675,25,Orange
47675,27,Lime
47675,73,Medium_Blue
47675,85,Dark_Purple
47676,0,Black
47676,1,Blue
47676,2,Green
47676,4,Red
47676,14,Yellow
47676,15,White
47676,25,Orange
47676,27,Lime
47676,73,Medium_Blue
47676,85,Dark_Purple
4770,0,Black
4770,15,White
4770,71,Light_Bluish_Gray
4771,0,Black
4771,15,White
47712,1,Blue
47712,4,Red
47713,1,Blue
47713,4,Red
47715,0,Black
47715,1,Blue
47715,72,Dark_Bluish_Gray
47720,0,Black
47720,71,Light_Bluish_Gray
4774c01,0,Black
47753,0,Black
47753,1,Blue
47753,3,Dark_Turquoise
47753,4,Red
47753,5,Dark_Pink
47753,14,Yellow
47753,15,White
47753,19,Tan
47753,25,Orange
47753,27,Lime
47753,28,Dark_Tan
47753,70,Reddish_Brown
47753,71,Light_Bluish_Gray
47753,72,Dark_Bluish_Gray
47753,73,Medium_Blue
47753,85,Dark_Purple
47753,191,Bright_Light_Orange
47753,212,Bright_Light_Blue
47753,272,Dark_Blue
47753,288,Dark_Green
47753,308,Dark_Brown
47753,320,Dark_Red
47753,321,Dark_Azure
47753,379,Sand_Blue
47753,484,Dark_Orange
47755,0,Black
47755,1,Blue
47755,4,Red
47755,15,White
47755,19,Tan
47755,25,Orange
47755,27,Lime
47755,29,Bright_Pink
47755,70,Reddish_Brown
47755,71,Light_Bluish_Gray
47755,72,Dark_Bluish_Gray
47755,191,Bright_Light_Orange
47755,272,Dark_Blue
47755,288,Dark_Green
47755,322,Medium_Azure
47755,379,Sand_Blue
47757,0,Black
47757,28,Dark_Tan
47757,71,Light_Bluish_Gray
47757,272,Dark_Blue
47757,288,Dark_Green
47757,308,Dark_Brown
47757,320,Dark_Red
47758,0,Black
47758,15,White
47758,25,Orange
47758,71,Light_Bluish_Gray
47758,191,Bright_Light_Orange
47759,0,Black
47759,2,Green
47759,4,Red
47759,15,White
47759,26,Magenta
47759,28,Dark_Tan
47759,70,Reddish_Brown
47759,72,Dark_Bluish_Gray
47759,85,Dark_Purple
47759,272,Dark_Blue
47759,288,Dark_Green
47759,308,Dark_Brown
47759,320,Dark_Red
47759,321,Dark_Azure
47759,330,Olive_Green
47759,378,Sand_Green
47759,484,Dark_Orange
4779,14,Yellow
4780c01,15,White
4781,7,Light_Gray
4782,1,Blue
4782,4,Red
4783,1,Blue
4783,4,Red
4784,0,Black
4784,8,Dark_Gray
4784,14,Yellow
4784,351,Medium_Dark_Pink
47843,0,Black
47843,15,White
47843,379,Sand_Blue
47844,4,Red
47844,27,Lime
47844,71,Light_Bluish_Gray
47844,272,Dark_Blue
47844,320,Dark_Red
47846,0,Black
47846,15,White
47846,71,Light_Bluish_Gray
47846,272,Dark_Blue
47847,0,Black
47847,15,White
47847,28,Dark_Tan
47847,30,Medium_Lavender
47847,31,Lavender
47847,70,Reddish_Brown
47847,71,Light_Bluish_Gray
47847,72,Dark_Bluish_Gray
47847,226,Bright_Light_Yellow
47847,272,Dark_Blue
47847,308,Dark_Brown
47847,484,Dark_Orange
47855,1,Blue
47855,4,Red
47855,10,Bright_Green
47855,72,Dark_Bluish_Gray
47899c01,0,Black
47899c01,1,Blue
47899c01,4,Red
47899c01,7,Light_Gray
47899c01,15,White
47899c01,71,Light_Bluish_Gray
4790,4,Red
4790,6,Brown
4790,70,Reddish_Brown
47904,0,Black
47904,1,Blue
47904,2,Green
47904,3,Dark_Turquoise
47904,4,Red
47904,8,Dark_Gray
47904,10,Bright_Green
47904,14,Yellow
47904,15,White
47904,19,Tan
47904,22,Purple
47904,25,Orange
47904,27,Lime
47904,28,Dark_Tan
47904,70,Reddish_Brown
47904,71,Light_Bluish_Gray
47904,72,Dark_Bluish_Gray
47904,73,Medium_Blue
47904,85,Dark_Purple
47904,110,Violet
47904,151,Very_Light_Bluish_Gray
47904,191,Bright_Light_Orange
47904,272,Dark_Blue
47904,288,Dark_Green
47904,320,Dark_Red
47904,373,Sand_Purple
47904,378,Sand_Green
47904,379,Sand_Blue
47904,462,Medium_Orange
47905,0,Black
47905,1,Blue
47905,2,Green
47905,4,Red
47905,5,Dark_Pink
47905,10,Bright_Green
47905,14,Yellow
47905,15,White
47905,19,Tan
47905,25,Orange
47905,27,Lime
47905,29,Bright_Pink
47905,30,Medium_Lavender
47905,70,Reddish_Brown
47905,71,Light_Bluish_Gray
47905,72,Dark_Bluish_Gray
47905,73,Medium_Blue
47905,85,Dark_Purple
47905,320,Dark_Red
47905,321,Dark_Azure
47905,378,Sand_Green
47905,379,Sand_Blue
4790b,2,Green
4790b,70,Reddish_Brown
4790b,71,Light_Bluish_Gray
4793,4,Red
4793,14,Yellow
4794a,14,Yellow
4794a,366,Earth_Orange
4794b,0,Black
4794b,6,Brown
4794b,15,White
4794b,70,Reddish_Brown
4794b,115,Medium_Lime
4794b,288,Dark_Green
4794b,462,Medium_Orange
4796c01,0,Black
4796c01,4,Red
4796c01,14,Yellow
47972,1,Blue
47972,72,Dark_Bluish_Gray
47973,0,Black
47973,4,Red
47973,71,Light_Bluish_Gray
47973,72,Dark_Bluish_Gray
47974,71,Light_Bluish_Gray
47974,72,Dark_Bluish_Gray
47975,0,Black
47976,0,Black
47976,19,Tan
47976,71,Light_Bluish_Gray
47976,72,Dark_Bluish_Gray
47978,0,Black
47988,70,Reddish_Brown
47988,72,Dark_Bluish_Gray
47990,15,White
47990,72,Dark_Bluish_Gray
47991,71,Light_Bluish_Gray
47992,71,Light_Bluish_Gray
47993,0,Black
47994,0,Black
47994,2,Green
47996,0,Black
47996,28,Dark_Tan
47996,70,Reddish_Brown
47996,71,Light_Bluish_Gray
47998,4,Red
47998,15,White
47998,72,Dark_Bluish_Gray
48000,70,Reddish_Brown
48002a,0,Black
48002a,19,Tan
48002a,70,Reddish_Brown
48002a,72,Dark_Bluish_Gray
48002a,308,Dark_Brown
48002b,0,Black
48002b,70,Reddish_Brown
48005,0,Black
48005,19,Tan
48005,70,Reddish_Brown
48085,14,Yellow
48092,0,Black
48092,1,Blue
48092,2,Green
48092,3,Dark_Turquoise
48092,4,Red
48092,5,Dark_Pink
48092,14,Yellow
48092,15,White
48092,19,Tan
48092,25,Orange
48092,27,Lime
48092,30,Medium_Lavender
48092,70,Reddish_Brown
48092,71,Light_Bluish_Gray
48092,72,Dark_Bluish_Gray
48092,85,Dark_Purple
48092,191,Bright_Light_Orange
48092,212,Bright_Light_Blue
48092,226,Bright_Light_Yellow
48092,272,Dark_Blue
48092,288,Dark_Green
48092,320,Dark_Red
48092,321,Dark_Azure
48092,322,Medium_Azure
48092,323,Light_Aqua
48092,326,Yellowish_Green
48092,378,Sand_Green
48092,379,Sand_Blue
48092,484,Dark_Orange
481,0,Black
481,2,Green
481,4,Red
481,7,Light_Gray
481,8,Dark_Gray
481,71,Light_Bluish_Gray
481,72,Dark_Bluish_Gray
48138,4,Red
48138,14,Yellow
48138,69,Light_Purple
48147,71,Light_Bluish_Gray
48147,72,Dark_Bluish_Gray
48165,0,Black
48165,2,Green
48165,3,Dark_Turquoise
48165,14,Yellow
48165,15,White
48165,19,Tan
48165,28,Dark_Tan
48165,70,Reddish_Brown
48165,71,Light_Bluish_Gray
48165,72,Dark_Bluish_Gray
48165,212,Bright_Light_Blue
48165,272,Dark_Blue
48165,320,Dark_Red
48165,321,Dark_Azure
48165,378,Sand_Green
48168,0,Black
48169,14,Yellow
48169,15,White
48169,19,Tan
48169,70,Reddish_Brown
48169,71,Light_Bluish_Gray
48169,72,Dark_Bluish_Gray
48169,288,Dark_Green
48169,379,Sand_Blue
48170,4,Red
48170,15,White
48170,71,Light_Bluish_Gray
48170,72,Dark_Bluish_Gray
48170,272,Dark_Blue
48170,288,Dark_Green
48170,320,Dark_Red
48170,321,Dark_Azure
48171,0,Black
48171,4,Red
48171,14,Yellow
48171,15,White
48171,19,Tan
48171,25,Orange
48171,70,Reddish_Brown
48171,71,Light_Bluish_Gray
48171,72,Dark_Bluish_Gray
48171,272,Dark_Blue
48171,288,Dark_Green
48171,379,Sand_Blue
48172,0,Black
48172,15,White
48172,71,Light_Bluish_Gray
48172,72,Dark_Bluish_Gray
48172,151,Very_Light_Bluish_Gray
48172,191,Bright_Light_Orange
48183,0,Black
48183,1,Blue
48183,2,Green
48183,4,Red
48183,7,Light_Gray
48183,8,Dark_Gray
48183,14,Yellow
48183,15,White
48183,19,Tan
48183,70,Reddish_Brown
48183,71,Light_Bluish_Gray
48183,72,Dark_Bluish_Gray
48183,73,Medium_Blue
48183,288,Dark_Green
48183,320,Dark_Red
48183,335,Sand_Red
482,0,Black
482,1,Blue
482,8,Dark_Gray
482,15,White
482,19,Tan
482,71,Light_Bluish_Gray
482,72,Dark_Bluish_Gray
482,85,Dark_Purple
482,378,Sand_Green
48201,1,Blue
48201,4,Red
48201,14,Yellow
48202,0,Black
48203,0,Black
48205,0,Black
48205,1,Blue
48205,2,Green
48205,4,Red
48205,10,Bright_Green
48205,14,Yellow
48205,15,White
48205,19,Tan
48205,28,Dark_Tan
48205,29,Bright_Pink
48205,71,Light_Bluish_Gray
48205,72,Dark_Bluish_Gray
48205,191,Bright_Light_Orange
48205,272,Dark_Blue
48205,320,Dark_Red
48205,321,Dark_Azure
48205,322,Medium_Azure
48205,330,Olive_Green
48205,378,Sand_Green
48208,0,Black
48208,1,Blue
48208,2,Green
48208,4,Red
48208,10,Bright_Green
48208,14,Yellow
48208,15,White
48208,19,Tan
48208,29,Bright_Pink
48208,71,Light_Bluish_Gray
48208,72,Dark_Bluish_Gray
48208,191,Bright_Light_Orange
48208,272,Dark_Blue
48208,288,Dark_Green
48208,320,Dark_Red
48208,321,Dark_Azure
48208,322,Medium_Azure
48208,330,Olive_Green
48208,378,Sand_Green
4823c01,14,Yellow
4823c02,1,Blue
48245,1,Blue
48245,5,Dark_Pink
48245,351,Medium_Dark_Pink
48287,1,Blue
48287,4,Red
48287,10,Bright_Green
48287,14,Yellow
48287,25,Orange
48288,0,Black
48288,4,Red
48288,15,White
48288,28,Dark_Tan
48288,72,Dark_Bluish_Gray
48294,4,Red
48294,14,Yellow
48294,15,White
48298,4,Red
48298,15,White
483,0,Black
48310,0,Black
48310,4,Red
48310,15,White
48310,30,Medium_Lavender
48310,70,Reddish_Brown
48310,71,Light_Bluish_Gray
48310,72,Dark_Bluish_Gray
48310,85,Dark_Purple
48310,212,Bright_Light_Blue
48310,320,Dark_Red
48310,378,Sand_Green
48336,0,Black
48336,1,Blue
48336,2,Green
48336,3,Dark_Turquoise
48336,4,Red
48336,14,Yellow
48336,15,White
48336,19,Tan
48336,29,Bright_Pink
48336,30,Medium_Lavender
48336,31,Lavender
48336,70,Reddish_Brown
48336,71,Light_Bluish_Gray
48336,72,Dark_Bluish_Gray
48336,73,Medium_Blue
48336,272,Dark_Blue
48336,320,Dark_Red
48336,322,Medium_Azure
4841,4,Red
48411,1,Blue
48411,10,Bright_Green
4842,14,Yellow
4843,1,Blue
4844,0,Black
4844,14,Yellow
4844b,0,Black
4844b,14,Yellow
48452,71,Light_Bluish_Gray
48452,72,Dark_Bluish_Gray
48457,72,Dark_Bluish_Gray
48457,378,Sand_Green
48489,0,Black
48489,320,Dark_Red
48490,0,Black
48490,29,Bright_Pink
48490,71,Light_Bluish_Gray
48492,1,Blue
48492,2,Green
48492,4,Red
48492,71,Light_Bluish_Gray
48492,73,Medium_Blue
48492,272,Dark_Blue
48492,320,Dark_Red
48493,0,Black
48494,151,Very_Light_Bluish_Gray
48495,0,Black
48495,4,Red
48495,14,Yellow
48495,320,Dark_Red
48496,0,Black
48496,2,Green
48496,71,Light_Bluish_Gray
4854,0,Black
4854,1,Blue
4854,2,Green
4854,4,Red
4854,6,Brown
4854,7,Light_Gray
4854,8,Dark_Gray
4854,14,Yellow
4854,15,White
4854,19,Tan
4854,71,Light_Bluish_Gray
4854,72,Dark_Bluish_Gray
4854,272,Dark_Blue
4854,320,Dark_Red
4855,0,Black
4855,1,Blue
4855,2,Green
4855,4,Red
4855,6,Brown
4855,7,Light_Gray
4855,8,Dark_Gray
4855,14,Yellow
4855,15,White
4855,19,Tan
4855,27,Lime
4855,70,Reddish_Brown
4855,71,Light_Bluish_Gray
4855,72,Dark_Bluish_Gray
4855,320,Dark_Red
4855,378,Sand_Green
4856b,0,Black
4856b,1,Blue
4856b,4,Red
4856b,14,Yellow
4856b,15,White
4856b,31,Lavender
4856b,70,Reddish_Brown
4856b,71,Light_Bluish_Gray
4856b,73,Medium_Blue
4856b,323,Light_Aqua
4857,0,Black
4857,1,Blue
4857,2,Green
4857,4,Red
4857,7,Light_Gray
4857,14,Yellow
4857,15,White
4858,0,Black
4858,1,Blue
4858,2,Green
4858,4,Red
4858,6,Brown
4858,7,Light_Gray
4858,8,Dark_Gray
4858,14,Yellow
4858,15,White
4858,19,Tan
4858,25,Orange
4859,0,Black
4859,1,Blue
4859,2,Green
4859,4,Red
4859,6,Brown
4859,7,Light_Gray
4859,8,Dark_Gray
4859,13,Pink
4859,14,Yellow
4859,15,White
4859,19,Tan
4859,22,Purple
4859,71,Light_Bluish_Gray
4859,72,Dark_Bluish_Gray
4859,73,Medium_Blue
4859,77,Light_Pink
4859,320,Dark_Red
4859,335,Sand_Red
4860,7,Light_Gray
4860,71,Light_Bluish_Gray
4861,0,Black
4861,1,Blue
4861,2,Green
4861,4,Red
4861,6,Brown
4861,7,Light_Gray
4861,8,Dark_Gray
4861,14,Yellow
4861,15,White
4861,19,Tan
4861,29,Bright_Pink
4861,72,Dark_Bluish_Gray
4861,85,Dark_Purple
4861,212,Bright_Light_Blue
4861,272,Dark_Blue
4861,351,Medium_Dark_Pink
4861,379,Sand_Blue
4862,0,Black
4862,1,Blue
4862,2,Green
4862,4,Red
4862,6,Brown
4862,7,Light_Gray
4862,8,Dark_Gray
4862,14,Yellow
4862,15,White
4862,19,Tan
4863,0,Black
4863,1,Blue
4863,2,Green
4863,4,Red
4863,6,Brown
4863,7,Light_Gray
4863,8,Dark_Gray
4863,14,Yellow
4863,15,White
4863,19,Tan
4863,71,Light_Bluish_Gray
4864,0,Black
4864,1,Blue
4864,2,Green
4864,4,Red
4864,7,Light_Gray
4864,14,Yellow
4864,15,White
4864,19,Tan
4864,70,Reddish_Brown
4864,71,Light_Bluish_Gray
4864a,0,Black
4864a,1,Blue
4864a,4,Red
4864a,7,Light_Gray
4864a,14,Yellow
4864a,15,White
4864b,0,Black
4864b,1,Blue
4864b,2,Green
4864b,4,Red
4864b,7,Light_Gray
4864b,14,Yellow
4864b,15,White
4864b,19,Tan
4864b,70,Reddish_Brown
4864b,71,Light_Bluish_Gray
4865a,0,Black
4865a,1,Blue
4865a,2,Green
4865a,3,Dark_Turquoise
4865a,4,Red
4865a,6,Brown
4865a,7,Light_Gray
4865a,8,Dark_Gray
4865a,14,Yellow
4865a,15,White
4865a,19,Tan
4865a,25,Orange
4865a,28,Dark_Tan
4865a,29,Bright_Pink
4865a,31,Lavender
4865a,70,Reddish_Brown
4865a,71,Light_Bluish_Gray
4865a,72,Dark_Bluish_Gray
4865a,73,Medium_Blue
4865a,74,Medium_Green
4865a,272,Dark_Blue
4865a,288,Dark_Green
4865a,313,Maersk_Blue
4865a,320,Dark_Red
4865a,322,Medium_Azure
4865a,484,Dark_Orange
4865b,0,Black
4865b,1,Blue
4865b,2,Green
4865b,3,Dark_Turquoise
4865b,4,Red
4865b,10,Bright_Green
4865b,14,Yellow
4865b,15,White
4865b,19,Tan
4865b,25,Orange
4865b,27,Lime
4865b,28,Dark_Tan
4865b,29,Bright_Pink
4865b,31,Lavender
4865b,70,Reddish_Brown
4865b,71,Light_Bluish_Gray
4865b,72,Dark_Bluish_Gray
4865b,73,Medium_Blue
4865b,191,Bright_Light_Orange
4865b,272,Dark_Blue
4865b,288,Dark_Green
4865b,320,Dark_Red
4865b,321,Dark_Azure
4865b,322,Medium_Azure
4865b,378,Sand_Green
4865b,379,Sand_Blue
4865b,484,Dark_Orange
4866,15,White
4867,0,Black
4867,7,Light_Gray
4867,14,Yellow
4867,15,White
4867,72,Dark_Bluish_Gray
4868,0,Black
4868,1,Blue
4868,4,Red
4868,8,Dark_Gray
4868,14,Yellow
4868,15,White
4868a,0,Black
4868a,1,Blue
4868a,4,Red
4868a,8,Dark_Gray
4868a,14,Yellow
4868a,15,White
4868b,0,Black
4868b,2,Green
4868b,4,Red
4868b,8,Dark_Gray
4868b,14,Yellow
4868b,15,White
4868b,25,Orange
4868b,71,Light_Bluish_Gray
4868b,72,Dark_Bluish_Gray
4868b,272,Dark_Blue
4868b,320,Dark_Red
4869,0,Black
4869,7,Light_Gray
4869,71,Light_Bluish_Gray
4870,7,Light_Gray
4870,71,Light_Bluish_Gray
4871,0,Black
4871,1,Blue
4871,2,Green
4871,3,Dark_Turquoise
4871,4,Red
4871,5,Dark_Pink
4871,6,Brown
4871,7,Light_Gray
4871,8,Dark_Gray
4871,14,Yellow
4871,15,White
4871,19,Tan
4871,25,Orange
4871,27,Lime
4871,28,Dark_Tan
4871,30,Medium_Lavender
4871,70,Reddish_Brown
4871,71,Light_Bluish_Gray
4871,72,Dark_Bluish_Gray
4871,85,Dark_Purple
4871,226,Bright_Light_Yellow
4871,272,Dark_Blue
4871,288,Dark_Green
4871,321,Dark_Azure
4872,0,Black
4872,1,Blue
4872,2,Green
4872,4,Red
4872,14,Yellow
4872,15,White
48723,4,Red
48723,14,Yellow
48723,70,Reddish_Brown
48723,71,Light_Bluish_Gray
48723,72,Dark_Bluish_Gray
48724,0,Black
48724,71,Light_Bluish_Gray
48724,72,Dark_Bluish_Gray
48729a,0,Black
48729a,71,Light_Bluish_Gray
48729a,72,Dark_Bluish_Gray
48729b,0,Black
48729b,1,Blue
48729b,4,Red
48729b,15,White
48729b,25,Orange
48729b,31,Lavender
48729b,70,Reddish_Brown
48729b,71,Light_Bluish_Gray
48729b,72,Dark_Bluish_Gray
48729b,320,Dark_Red
4873,0,Black
4873,4,Red
4873,7,Light_Gray
4873,14,Yellow
4873,15,White
4873,216,Rust
4874,4,Red
4874c01,4,Red
4876,0,Black
4876,4,Red
4876,14,Yellow
4876,351,Medium_Dark_Pink
4876,462,Medium_Orange
48812,70,Reddish_Brown
48812,71,Light_Bluish_Gray
48812,72,Dark_Bluish_Gray
48912c01,14,Yellow
48912c01,72,Dark_Bluish_Gray
48912c02,14,Yellow
48912c02,72,Dark_Bluish_Gray
48912c03,14,Yellow
48912c03,72,Dark_Bluish_Gray
48912c04,14,Yellow
48912c04,72,Dark_Bluish_Gray
48933,0,Black
48933,1,Blue
48933,4,Red
48933,6,Brown
48933,7,Light_Gray
48933,8,Dark_Gray
48933,14,Yellow
48933,15,White
48933,25,Orange
48933,27,Lime
48933,70,Reddish_Brown
48933,71,Light_Bluish_Gray
48933,72,Dark_Bluish_Gray
48933,85,Dark_Purple
48933,191,Bright_Light_Orange
48933,272,Dark_Blue
48933,288,Dark_Green
48933,320,Dark_Red
48933,379,Sand_Blue
48933,484,Dark_Orange
48989,4,Red
48989,71,Light_Bluish_Gray
48995,15,White
49097,0,Black
49097,4,Red
49097,5,Dark_Pink
49097,14,Yellow
49097,15,White
49097,19,Tan
49097,25,Orange
49097,29,Bright_Pink
49097,71,Light_Bluish_Gray
49097,89,Blue_Violet
49097,272,Dark_Blue
49097,320,Dark_Red
49097,330,Olive_Green
49097,378,Sand_Green
49097,379,Sand_Blue
49098,0,Black
4913,4,Red
4913,6,Brown
4913,7,Light_Gray
4913,14,Yellow
4913,15,White
4920,15,White
49242,4,Red
4926,28,Dark_Tan
49283,1,Blue
49283,2,Green
49283,3,Dark_Turquoise
49283,4,Red
49283,14,Yellow
49283,15,White
49283,26,Magenta
49283,71,Light_Bluish_Gray
49283,322,Medium_Azure
49294,0,Black
49294,71,Light_Bluish_Gray
49307,0,Black
49307,1,Blue
49307,2,Green
49307,3,Dark_Turquoise
49307,4,Red
49307,5,Dark_Pink
49307,14,Yellow
49307,15,White
49307,19,Tan
49307,25,Orange
49307,26,Magenta
49307,27,Lime
49307,28,Dark_Tan
49307,29,Bright_Pink
49307,30,Medium_Lavender
49307,70,Reddish_Brown
49307,71,Light_Bluish_Gray
49307,72,Dark_Bluish_Gray
49307,85,Dark_Purple
49307,191,Bright_Light_Orange
49307,272,Dark_Blue
49307,288,Dark_Green
49307,320,Dark_Red
49307,321,Dark_Azure
49307,322,Medium_Azure
49307,323,Light_Aqua
49307,378,Sand_Green
49307,484,Dark_Orange
49308,0,Black
49308,4,Red
49308,15,White
49308,25,Orange
49308,26,Magenta
49308,27,Lime
49308,28,Dark_Tan
49308,29,Bright_Pink
49308,30,Medium_Lavender
49308,71,Light_Bluish_Gray
49308,72,Dark_Bluish_Gray
49308,226,Bright_Light_Yellow
49308,321,Dark_Azure
49308,326,Yellowish_Green
49308,330,Olive_Green
49308,378,Sand_Green
49309,0,Black
49309,27,Lime
49309,70,Reddish_Brown
49309,272,Dark_Blue
49311,0,Black
49311,15,White
49311,19,Tan
49311,25,Orange
49311,31,Lavender
49311,70,Reddish_Brown
49311,71,Light_Bluish_Gray
49311,85,Dark_Purple
49311,191,Bright_Light_Orange
49311,226,Bright_Light_Yellow
49311,272,Dark_Blue
49311,321,Dark_Azure
49311,484,Dark_Orange
49423,0,Black
49423,4,Red
49423,15,White
49423,19,Tan
49423,272,Dark_Blue
49423,288,Dark_Green
49423,320,Dark_Red
49465,1,Blue
49465,4,Red
49465,10,Bright_Green
49465,14,Yellow
49492,0,Black
49492,71,Light_Bluish_Gray
49492,322,Medium_Azure
49577,3,Dark_Turquoise
49577,10,Bright_Green
49577,26,Magenta
49595a,14,Yellow
49595a,191,Bright_Light_Orange
49595b,14,Yellow
49595b,191,Bright_Light_Orange
49595c,14,Yellow
49595c,191,Bright_Light_Orange
49595d,14,Yellow
49595d,191,Bright_Light_Orange
49595e,14,Yellow
49595e,191,Bright_Light_Orange
49595f,14,Yellow
49595f,191,Bright_Light_Orange
49595g,14,Yellow
49595g,191,Bright_Light_Orange
49612,0,Black
49612,1,Blue
49612,2,Green
49612,3,Dark_Turquoise
49612,4,Red
49612,14,Yellow
49612,15,White
49612,25,Orange
49612,27,Lime
49612,71,Light_Bluish_Gray
49612,191,Bright_Light_Orange
49612,212,Bright_Light_Blue
49612,378,Sand_Green
49618,0,Black
49618,2,Green
49618,4,Red
49618,15,White
49618,27,Lime
49618,31,Lavender
49618,71,Light_Bluish_Gray
49618,212,Bright_Light_Blue
49618,326,Yellowish_Green
49649,10,Bright_Green
49649,25,Orange
49649,27,Lime
49649,191,Bright_Light_Orange
49668,0,Black
49668,1,Blue
49668,4,Red
49668,15,White
49668,19,Tan
49668,26,Magenta
49668,27,Lime
49668,28,Dark_Tan
49668,31,Lavender
49668,70,Reddish_Brown
49668,71,Light_Bluish_Gray
49668,72,Dark_Bluish_Gray
49668,191,Bright_Light_Orange
49668,212,Bright_Light_Blue
49668,226,Bright_Light_Yellow
49668,272,Dark_Blue
49668,288,Dark_Green
49668,308,Dark_Brown
49668,320,Dark_Red
49668,326,Yellowish_Green
49668,378,Sand_Green
49668,379,Sand_Blue
49668,484,Dark_Orange
49673,0,Black
49673,1,Blue
49673,4,Red
49673,15,White
49673,19,Tan
49673,26,Magenta
49673,27,Lime
49673,28,Dark_Tan
49673,31,Lavender
49673,70,Reddish_Brown
49673,71,Light_Bluish_Gray
49673,72,Dark_Bluish_Gray
49673,191,Bright_Light_Orange
49673,212,Bright_Light_Blue
49673,226,Bright_Light_Yellow
49673,272,Dark_Blue
49673,288,Dark_Green
49673,308,Dark_Brown
49673,320,Dark_Red
49673,326,Yellowish_Green
49673,378,Sand_Green
49673,379,Sand_Blue
49673,484,Dark_Orange
49699,72,Dark_Bluish_Gray
497,4,Red
49731,15,White
49736,484,Dark_Orange
49737,484,Dark_Orange
4974,0,Black
4974,15,White
49743c01-bl,72,Dark_Bluish_Gray
497c01,4,Red
498,0,Black
49803,0,Black
49803,4,Red
49803,15,White
49803,25,Orange
49803,26,Magenta
49803,27,Lime
49803,28,Dark_Tan
49803,29,Bright_Pink
49803,30,Medium_Lavender
49803,71,Light_Bluish_Gray
49803,72,Dark_Bluish_Gray
49803,226,Bright_Light_Yellow
49803,321,Dark_Azure
49803,326,Yellowish_Green
49803,330,Olive_Green
49803,378,Sand_Green
4986,0,Black
4986,4,Red
4986,379,Sand_Blue
4987,15,White
4987,379,Sand_Blue
49949,14,Yellow
49949,15,White
49949,484,Dark_Orange
5,1,Blue
5,4,Red
5,7,Light_Gray
5,14,Yellow
5,15,White
5,72,Dark_Bluish_Gray
50,0,Black
50,4,Red
50,71,Light_Bluish_Gray
500,0,Black
500,1,Blue
500,3,Dark_Turquoise
500,4,Red
500,7,Light_Gray
500,8,Dark_Gray
500,14,Yellow
500,15,White
500,19,Tan
500,25,Orange
500,27,Lime
500,29,Bright_Pink
500,70,Reddish_Brown
500,71,Light_Bluish_Gray
500,72,Dark_Bluish_Gray
500,73,Medium_Blue
500,191,Bright_Light_Orange
500,226,Bright_Light_Yellow
500,272,Dark_Blue
500,288,Dark_Green
500,313,Maersk_Blue
500,320,Dark_Red
500,322,Medium_Azure
500,378,Sand_Green
500,379,Sand_Blue
50015,10,Bright_Green
50015,15,White
50015,191,Bright_Light_Orange
50015,322,Medium_Azure
50163,71,Light_Bluish_Gray
50163,72,Dark_Bluish_Gray
502,7,Light_Gray
50254,0,Black
50254,4,Red
50254,15,White
50254,322,Medium_Azure
50303,0,Black
50303,1,Blue
50303,4,Red
50303,7,Light_Gray
50303,8,Dark_Gray
50303,15,White
50303,19,Tan
50303,28,Dark_Tan
50303,71,Light_Bluish_Gray
50303,72,Dark_Bluish_Gray
50303,118,Aqua
50303,191,Bright_Light_Orange
50303,232,Sky_Blue
50303,272,Dark_Blue
50304,0,Black
50304,1,Blue
50304,2,Green
50304,4,Red
50304,14,Yellow
50304,15,White
50304,19,Tan
50304,25,Orange
50304,26,Magenta
50304,28,Dark_Tan
50304,70,Reddish_Brown
50304,71,Light_Bluish_Gray
50304,72,Dark_Bluish_Gray
50304,85,Dark_Purple
50304,272,Dark_Blue
50304,288,Dark_Green
50304,320,Dark_Red
50304,321,Dark_Azure
50304,326,Yellowish_Green
50304,330,Olive_Green
50304,379,Sand_Blue
50305,0,Black
50305,1,Blue
50305,2,Green
50305,4,Red
50305,14,Yellow
50305,15,White
50305,19,Tan
50305,25,Orange
50305,26,Magenta
50305,28,Dark_Tan
50305,70,Reddish_Brown
50305,71,Light_Bluish_Gray
50305,72,Dark_Bluish_Gray
50305,85,Dark_Purple
50305,272,Dark_Blue
50305,288,Dark_Green
50305,320,Dark_Red
50305,321,Dark_Azure
50305,326,Yellowish_Green
50305,330,Olive_Green
50305,379,Sand_Blue
5032,0,Black
5033,0,Black
50335,0,Black
50335,25,Orange
50337,15,White
50337,71,Light_Bluish_Gray
50337,72,Dark_Bluish_Gray
50337,288,Dark_Green
50340,0,Black
50340,4,Red
50340,14,Yellow
50340,15,White
50340,19,Tan
50340,25,Orange
50340,27,Lime
50340,71,Light_Bluish_Gray
50340,72,Dark_Bluish_Gray
50340,323,Light_Aqua
50373,0,Black
50373,1,Blue
50373,4,Red
50373,14,Yellow
50373,15,White
50373,25,Orange
50373,71,Light_Bluish_Gray
50373,72,Dark_Bluish_Gray
50373,85,Dark_Purple
50373,191,Bright_Light_Orange
50373,272,Dark_Blue
50373,320,Dark_Red
50373,321,Dark_Azure
50384,72,Dark_Bluish_Gray
50407,0,Black
50408,0,Black
50450,0,Black
50450,2,Green
50450,14,Yellow
50450,15,White
50450,288,Dark_Green
50450,378,Sand_Green
50451,0,Black
50451,10,Bright_Green
50451,15,White
5058,2,Green
5058,5,Dark_Pink
5058,10,Bright_Green
5058,27,Lime
5058,30,Medium_Lavender
5058,191,Bright_Light_Orange
5058,288,Dark_Green
5058,320,Dark_Red
5065,0,Black
5065,15,White
5065,26,Magenta
5065,70,Reddish_Brown
5066,0,Black
5066,4,Red
5066,15,White
5066,19,Tan
5066,25,Orange
5066,72,Dark_Bluish_Gray
5066,85,Dark_Purple
5066,191,Bright_Light_Orange
5066,326,Yellowish_Green
50665,0,Black
50665,1,Blue
50665,2,Green
50665,3,Dark_Turquoise
50665,4,Red
50665,5,Dark_Pink
50665,10,Bright_Green
50665,14,Yellow
50665,15,White
50665,25,Orange
50665,70,Reddish_Brown
50665,72,Dark_Bluish_Gray
50665,85,Dark_Purple
50665,212,Bright_Light_Blue
50665,272,Dark_Blue
50687,0,Black
50687,71,Light_Bluish_Gray
50687,72,Dark_Bluish_Gray
50745,0,Black
50745,1,Blue
50745,2,Green
50745,3,Dark_Turquoise
50745,4,Red
50745,14,Yellow
50745,15,White
50745,25,Orange
50745,26,Magenta
50745,27,Lime
50745,31,Lavender
50745,71,Light_Bluish_Gray
50745,72,Dark_Bluish_Gray
50745,73,Medium_Blue
50745,85,Dark_Purple
50745,272,Dark_Blue
50745,288,Dark_Green
50745,320,Dark_Red
50745,321,Dark_Azure
50745,322,Medium_Azure
50745,323,Light_Aqua
50745,378,Sand_Green
50746,0,Black
50746,1,Blue
50746,2,Green
50746,3,Dark_Turquoise
50746,4,Red
50746,5,Dark_Pink
50746,10,Bright_Green
50746,14,Yellow
50746,15,White
50746,19,Tan
50746,25,Orange
50746,26,Magenta
50746,27,Lime
50746,28,Dark_Tan
50746,29,Bright_Pink
50746,30,Medium_Lavender
50746,31,Lavender
50746,70,Reddish_Brown
50746,71,Light_Bluish_Gray
50746,72,Dark_Bluish_Gray
50746,73,Medium_Blue
50746,85,Dark_Purple
50746,191,Bright_Light_Orange
50746,212,Bright_Light_Blue
50746,216,Rust
50746,226,Bright_Light_Yellow
50746,272,Dark_Blue
50746,288,Dark_Green
50746,308,Dark_Brown
50746,320,Dark_Red
50746,321,Dark_Azure
50746,322,Medium_Azure
50746,323,Light_Aqua
50746,326,Yellowish_Green
50746,330,Olive_Green
50746,378,Sand_Green
50746,379,Sand_Blue
50746,484,Dark_Orange
50747,0,Black
50747,4,Red
50820,0,Black
50821,4,Red
50858,0,Black
50858,15,White
50858,272,Dark_Blue
50858,288,Dark_Green
50858,320,Dark_Red
50859a,0,Black
50859b,0,Black
50860,0,Black
50860,1,Blue
50860,4,Red
50860,10,Bright_Green
50860,14,Yellow
50860,15,White
50860,19,Tan
50860,25,Orange
50860,27,Lime
50860,71,Light_Bluish_Gray
50860,72,Dark_Bluish_Gray
50860,85,Dark_Purple
50860,191,Bright_Light_Orange
50860,272,Dark_Blue
50860,288,Dark_Green
50860,320,Dark_Red
50861,0,Black
50862,4,Red
50862,14,Yellow
50862,15,White
50862,25,Orange
50862,26,Magenta
50862,27,Lime
50862,71,Light_Bluish_Gray
50862,72,Dark_Bluish_Gray
50862,191,Bright_Light_Orange
50898,0,Black
50898,1,Blue
50898,4,Red
50898,15,White
50898,25,Orange
50898,27,Lime
50898,28,Dark_Tan
50898,71,Light_Bluish_Gray
50898,72,Dark_Bluish_Gray
50898,73,Medium_Blue
50898,191,Bright_Light_Orange
50898,288,Dark_Green
50898,378,Sand_Green
50898,379,Sand_Blue
50899,4,Red
50899,15,White
50899,288,Dark_Green
50899,320,Dark_Red
5090,0,Black
5090,2,Green
5090,4,Red
5090,15,White
5090,71,Light_Bluish_Gray
5090,288,Dark_Green
50900,0,Black
50900,72,Dark_Bluish_Gray
50901,0,Black
50901,72,Dark_Bluish_Gray
50903,14,Yellow
50903,25,Orange
50904,71,Light_Bluish_Gray
5091,0,Black
5091,1,Blue
5091,2,Green
5091,3,Dark_Turquoise
5091,4,Red
5091,10,Bright_Green
5091,14,Yellow
5091,15,White
5091,19,Tan
5091,25,Orange
5091,26,Magenta
5091,28,Dark_Tan
5091,29,Bright_Pink
5091,70,Reddish_Brown
5091,71,Light_Bluish_Gray
5091,72,Dark_Bluish_Gray
5091,85,Dark_Purple
5091,191,Bright_Light_Orange
5091,212,Bright_Light_Blue
5091,226,Bright_Light_Yellow
5091,272,Dark_Blue
5091,288,Dark_Green
5091,308,Dark_Brown
5091,321,Dark_Azure
5091,322,Medium_Azure
5091,330,Olive_Green
5091,379,Sand_Blue
5091,484,Dark_Orange
50914,0,Black
50914,15,White
50914,288,Dark_Green
5092,0,Black
5092,1,Blue
5092,2,Green
5092,3,Dark_Turquoise
5092,4,Red
5092,10,Bright_Green
5092,14,Yellow
5092,15,White
5092,19,Tan
5092,25,Orange
5092,26,Magenta
5092,28,Dark_Tan
5092,29,Bright_Pink
5092,70,Reddish_Brown
5092,71,Light_Bluish_Gray
5092,72,Dark_Bluish_Gray
5092,85,Dark_Purple
5092,191,Bright_Light_Orange
5092,212,Bright_Light_Blue
5092,226,Bright_Light_Yellow
5092,272,Dark_Blue
5092,288,Dark_Green
5092,308,Dark_Brown
5092,321,Dark_Azure
5092,322,Medium_Azure
5092,323,Light_Aqua
5092,330,Olive_Green
5092,379,Sand_Blue
5092,484,Dark_Orange
50920,0,Black
50920,15,White
50920,272,Dark_Blue
50920,288,Dark_Green
50920,320,Dark_Red
50921,0,Black
50921,1,Blue
50921,15,White
50921,72,Dark_Bluish_Gray
50921,272,Dark_Blue
50921,288,Dark_Green
50921,320,Dark_Red
50922,0,Black
50922,15,White
50922,272,Dark_Blue
50922,288,Dark_Green
50922,320,Dark_Red
50923,0,Black
50923,4,Red
50923,25,Orange
50923,72,Dark_Bluish_Gray
50925,0,Black
50925,15,White
50925,272,Dark_Blue
50925,288,Dark_Green
50925,320,Dark_Red
5093,0,Black
5093,1,Blue
5093,2,Green
5093,4,Red
5093,5,Dark_Pink
5093,10,Bright_Green
5093,14,Yellow
5093,15,White
5093,19,Tan
5093,25,Orange
5093,27,Lime
5093,70,Reddish_Brown
5093,71,Light_Bluish_Gray
5093,72,Dark_Bluish_Gray
5093,191,Bright_Light_Orange
5093,212,Bright_Light_Blue
5093,288,Dark_Green
5093,308,Dark_Brown
5093,320,Dark_Red
5093,321,Dark_Azure
5093,326,Yellowish_Green
5093,484,Dark_Orange
50943,0,Black
50943,70,Reddish_Brown
50943,71,Light_Bluish_Gray
50943,72,Dark_Bluish_Gray
50943,320,Dark_Red
50943,330,Olive_Green
50944,0,Black
50944,71,Light_Bluish_Gray
50946,0,Black
50946,71,Light_Bluish_Gray
50947,0,Black
50947,1,Blue
50947,4,Red
50947,14,Yellow
50947,15,White
50947,19,Tan
50947,25,Orange
50947,27,Lime
50947,72,Dark_Bluish_Gray
50947,73,Medium_Blue
50947,272,Dark_Blue
50947,288,Dark_Green
50947,322,Medium_Azure
50948,0,Black
50948,14,Yellow
50948,27,Lime
50948,71,Light_Bluish_Gray
50948,72,Dark_Bluish_Gray
50949,0,Black
50949,1,Blue
50949,2,Green
50949,4,Red
50949,14,Yellow
50949,15,White
50949,25,Orange
50949,27,Lime
50949,72,Dark_Bluish_Gray
50949,272,Dark_Blue
5095,0,Black
5095,1,Blue
5095,2,Green
5095,4,Red
5095,5,Dark_Pink
5095,10,Bright_Green
5095,14,Yellow
5095,15,White
5095,19,Tan
5095,25,Orange
5095,27,Lime
5095,70,Reddish_Brown
5095,71,Light_Bluish_Gray
5095,72,Dark_Bluish_Gray
5095,191,Bright_Light_Orange
5095,212,Bright_Light_Blue
5095,288,Dark_Green
5095,308,Dark_Brown
5095,320,Dark_Red
5095,321,Dark_Azure
5095,326,Yellowish_Green
5095,484,Dark_Orange
50950,0,Black
50950,1,Blue
50950,2,Green
50950,3,Dark_Turquoise
50950,4,Red
50950,5,Dark_Pink
50950,10,Bright_Green
50950,14,Yellow
50950,15,White
50950,19,Tan
50950,25,Orange
50950,26,Magenta
50950,27,Lime
50950,28,Dark_Tan
50950,29,Bright_Pink
50950,30,Medium_Lavender
50950,31,Lavender
50950,70,Reddish_Brown
50950,71,Light_Bluish_Gray
50950,72,Dark_Bluish_Gray
50950,73,Medium_Blue
50950,85,Dark_Purple
50950,89,Blue_Violet
50950,191,Bright_Light_Orange
50950,212,Bright_Light_Blue
50950,226,Bright_Light_Yellow
50950,272,Dark_Blue
50950,288,Dark_Green
50950,308,Dark_Brown
50950,320,Dark_Red
50950,321,Dark_Azure
50950,322,Medium_Azure
50950,323,Light_Aqua
50950,326,Yellowish_Green
50950,378,Sand_Green
50950,379,Sand_Blue
50951,0,Black
50955,0,Black
50955,1,Blue
50955,4,Red
50955,14,Yellow
50955,15,White
50955,27,Lime
50955,28,Dark_Tan
50955,70,Reddish_Brown
50955,71,Light_Bluish_Gray
50955,72,Dark_Bluish_Gray
50955,85,Dark_Purple
50955,212,Bright_Light_Blue
50955,272,Dark_Blue
50955,288,Dark_Green
50955,320,Dark_Red
50955,321,Dark_Azure
50955,379,Sand_Blue
50956,0,Black
50956,1,Blue
50956,4,Red
50956,14,Yellow
50956,15,White
50956,27,Lime
50956,28,Dark_Tan
50956,70,Reddish_Brown
50956,71,Light_Bluish_Gray
50956,72,Dark_Bluish_Gray
50956,85,Dark_Purple
50956,212,Bright_Light_Blue
50956,272,Dark_Blue
50956,288,Dark_Green
50956,320,Dark_Red
50956,321,Dark_Azure
50956,379,Sand_Blue
50967,0,Black
50967,1,Blue
50967,4,Red
50967,14,Yellow
50967,15,White
50967,72,Dark_Bluish_Gray
5098,0,Black
50990,70,Reddish_Brown
50990,71,Light_Bluish_Gray
50990a,70,Reddish_Brown
50990a,71,Light_Bluish_Gray
50990b,0,Black
50990b,15,White
50990b,70,Reddish_Brown
50990b,71,Light_Bluish_Gray
50990b,72,Dark_Bluish_Gray
50990b,288,Dark_Green
50990b,320,Dark_Red
50990b,378,Sand_Green
510,1,Blue
510,4,Red
510,14,Yellow
5100,4,Red
51000,4,Red
51000,14,Yellow
51000,15,White
51000,25,Orange
51000,71,Light_Bluish_Gray
51000,272,Dark_Blue
51000,308,Dark_Brown
51000,320,Dark_Red
51011,0,Black
5103,191,Bright_Light_Orange
5103,308,Dark_Brown
5106,0,Black
51066,71,Light_Bluish_Gray
5107,0,Black
5107,15,White
5107,85,Dark_Purple
5117,0,Black
5117,1,Blue
5117,3,Dark_Turquoise
5117,72,Dark_Bluish_Gray
5118,0,Black
5118,3,Dark_Turquoise
5119,0,Black
5120,4,Red
5120,15,White
5120,25,Orange
5121,4,Red
5122,0,Black
5122,3,Dark_Turquoise
5123,0,Black
5123,1,Blue
5123,14,Yellow
5123,15,White
5123,26,Magenta
5123,27,Lime
51239,0,Black
51239,2,Green
51239,4,Red
51239,5,Dark_Pink
51239,15,White
51239,19,Tan
51239,70,Reddish_Brown
51239,71,Light_Bluish_Gray
51239,85,Dark_Purple
51239,191,Bright_Light_Orange
51239,308,Dark_Brown
5124,4,Red
5124,15,White
51262,0,Black
51262,1,Blue
51262,4,Red
51262,10,Bright_Green
51262,14,Yellow
51262,15,White
51262,19,Tan
51262,29,Bright_Pink
51262,70,Reddish_Brown
51262,71,Light_Bluish_Gray
51262,72,Dark_Bluish_Gray
51262,120,Light_Lime
51262,191,Bright_Light_Orange
51262,212,Bright_Light_Blue
51262,226,Bright_Light_Yellow
51262,322,Medium_Azure
51266,0,Black
51266,2,Green
51266,19,Tan
51270,4,Red
51270,10,Bright_Green
51270,25,Orange
51270,28,Dark_Tan
51270,484,Dark_Orange
51283,0,Black
513,7,Light_Gray
513,15,White
51342,0,Black
51349,379,Sand_Blue
51377,0,Black
51377,19,Tan
51377,71,Light_Bluish_Gray
51378,71,Light_Bluish_Gray
51482,0,Black
5151,10,Bright_Green
5151,14,Yellow
5151,27,Lime
5151,288,Dark_Green
5151,320,Dark_Red
5152,0,Black
5152,4,Red
5152,15,White
5152,19,Tan
5152,29,Bright_Pink
5152,30,Medium_Lavender
5152,71,Light_Bluish_Gray
5152,85,Dark_Purple
5152,272,Dark_Blue
5152,321,Dark_Azure
5152,378,Sand_Green
51542,28,Dark_Tan
51542,71,Light_Bluish_Gray
51595,2,Green
51595,72,Dark_Bluish_Gray
51641,0,Black
51642,288,Dark_Green
51643,320,Dark_Red
51644,272,Dark_Blue
51663,15,White
51739,0,Black
51739,1,Blue
51739,2,Green
51739,3,Dark_Turquoise
51739,4,Red
51739,10,Bright_Green
51739,14,Yellow
51739,15,White
51739,19,Tan
51739,25,Orange
51739,26,Magenta
51739,27,Lime
51739,28,Dark_Tan
51739,70,Reddish_Brown
51739,71,Light_Bluish_Gray
51739,72,Dark_Bluish_Gray
51739,191,Bright_Light_Orange
51739,272,Dark_Blue
51739,288,Dark_Green
51739,320,Dark_Red
51739,378,Sand_Green
51739,379,Sand_Blue
5174,2,Green
5174,15,White
5174,25,Orange
5174,27,Lime
5174,71,Light_Bluish_Gray
5174,73,Medium_Blue
5174,191,Bright_Light_Orange
5174,212,Bright_Light_Blue
5174,323,Light_Aqua
5175,0,Black
5175,5,Dark_Pink
5175,15,White
5175,27,Lime
5175,320,Dark_Red
518,8,Dark_Gray
51858,0,Black
51858,15,White
51858,71,Light_Bluish_Gray
51930,1,Blue
51930,3,Dark_Turquoise
51930,4,Red
51930,8,Dark_Gray
51930,14,Yellow
51930,71,Light_Bluish_Gray
51930,72,Dark_Bluish_Gray
52031,0,Black
52031,1,Blue
52031,2,Green
52031,3,Dark_Turquoise
52031,4,Red
52031,5,Dark_Pink
52031,10,Bright_Green
52031,14,Yellow
52031,15,White
52031,19,Tan
52031,25,Orange
52031,26,Magenta
52031,27,Lime
52031,29,Bright_Pink
52031,30,Medium_Lavender
52031,31,Lavender
52031,71,Light_Bluish_Gray
52031,72,Dark_Bluish_Gray
52031,85,Dark_Purple
52031,191,Bright_Light_Orange
52031,272,Dark_Blue
52031,288,Dark_Green
52031,320,Dark_Red
52031,321,Dark_Azure
52031,322,Medium_Azure
52031,323,Light_Aqua
52031,378,Sand_Green
52031,379,Sand_Blue
52031,484,Dark_Orange
52035,0,Black
52035,4,Red
52035,15,White
52035,25,Orange
52035,27,Lime
52035,85,Dark_Purple
52035,272,Dark_Blue
52035,320,Dark_Red
52036,15,White
52036,72,Dark_Bluish_Gray
52036,321,Dark_Azure
52037,15,White
52037,72,Dark_Bluish_Gray
52038,4,Red
52038,14,Yellow
52038,15,White
52038,72,Dark_Bluish_Gray
52040,14,Yellow
52040,28,Dark_Tan
52040,71,Light_Bluish_Gray
52040,72,Dark_Bluish_Gray
52041,0,Black
52041,14,Yellow
52041,25,Orange
52107,0,Black
52107,1,Blue
52107,4,Red
52107,14,Yellow
52107,15,White
52107,25,Orange
52107,28,Dark_Tan
52107,70,Reddish_Brown
52107,71,Light_Bluish_Gray
52107,191,Bright_Light_Orange
52107,212,Bright_Light_Blue
52107,226,Bright_Light_Yellow
52107,272,Dark_Blue
52107,321,Dark_Azure
52107,379,Sand_Blue
52211,2,Green
52214,0,Black
52214,1,Blue
52214,2,Green
52214,3,Dark_Turquoise
52214,4,Red
52214,8,Dark_Gray
52214,14,Yellow
52214,15,White
52214,19,Tan
52214,25,Orange
52214,27,Lime
52214,28,Dark_Tan
52214,70,Reddish_Brown
52214,71,Light_Bluish_Gray
52214,72,Dark_Bluish_Gray
52214,272,Dark_Blue
52214,288,Dark_Green
52214,320,Dark_Red
52214,379,Sand_Blue
52215,0,Black
52215,1,Blue
52215,2,Green
52215,4,Red
52215,6,Brown
52215,7,Light_Gray
52215,8,Dark_Gray
52215,14,Yellow
52215,15,White
52215,19,Tan
52215,25,Orange
52215,27,Lime
52215,28,Dark_Tan
52215,70,Reddish_Brown
52215,71,Light_Bluish_Gray
52215,72,Dark_Bluish_Gray
52215,73,Medium_Blue
52215,85,Dark_Purple
52215,191,Bright_Light_Orange
52215,212,Bright_Light_Blue
52215,226,Bright_Light_Yellow
52215,272,Dark_Blue
52215,288,Dark_Green
52215,308,Dark_Brown
52215,320,Dark_Red
52215,321,Dark_Azure
52215,378,Sand_Green
52215,379,Sand_Blue
52215,462,Medium_Orange
52215,484,Dark_Orange
52216,0,Black
52216,1,Blue
52216,2,Green
52216,4,Red
52216,6,Brown
52216,7,Light_Gray
52216,8,Dark_Gray
52216,14,Yellow
52216,15,White
52216,19,Tan
52216,25,Orange
52216,27,Lime
52216,28,Dark_Tan
52216,29,Bright_Pink
52216,70,Reddish_Brown
52216,71,Light_Bluish_Gray
52216,72,Dark_Bluish_Gray
52216,73,Medium_Blue
52216,191,Bright_Light_Orange
52216,212,Bright_Light_Blue
52216,226,Bright_Light_Yellow
52216,272,Dark_Blue
52216,288,Dark_Green
52216,308,Dark_Brown
52216,320,Dark_Red
52216,321,Dark_Azure
52216,378,Sand_Green
52216,379,Sand_Blue
52216,462,Medium_Orange
52216,484,Dark_Orange
52258c01,70,Reddish_Brown
5234,5,Dark_Pink
5234,29,Bright_Pink
5234,226,Bright_Light_Yellow
52345,0,Black
52345,15,White
52345,308,Dark_Brown
524,0,Black
52494,72,Dark_Bluish_Gray
52501,0,Black
52501,1,Blue
52501,2,Green
52501,4,Red
52501,14,Yellow
52501,15,White
52501,19,Tan
52501,25,Orange
52501,27,Lime
52501,29,Bright_Pink
52501,30,Medium_Lavender
52501,70,Reddish_Brown
52501,72,Dark_Bluish_Gray
52501,320,Dark_Red
5252,191,Bright_Light_Orange
5257,3,Dark_Turquoise
5257,4,Red
5257,15,White
5257,26,Magenta
5257,320,Dark_Red
5257,484,Dark_Orange
5258,15,White
5258,484,Dark_Orange
5259,5,Dark_Pink
5259,484,Dark_Orange
526,0,Black
526,4,Red
526,7,Light_Gray
526,8,Dark_Gray
526,71,Light_Bluish_Gray
526,72,Dark_Bluish_Gray
5260,320,Dark_Red
5260,321,Dark_Azure
5260,484,Dark_Orange
52629,0,Black
52629,15,White
5264,0,Black
5264,1,Blue
5264,2,Green
5264,5,Dark_Pink
5264,19,Tan
5264,27,Lime
5264,71,Light_Bluish_Gray
5264,378,Sand_Green
52668,0,Black
527,0,Black
527,1,Blue
527,2,Green
527,8,Dark_Gray
527,15,White
527,71,Light_Bluish_Gray
527,73,Medium_Blue
52730,72,Dark_Bluish_Gray
52731,71,Light_Bluish_Gray
5274,4,Red
5274,5,Dark_Pink
5274,10,Bright_Green
5274,15,White
5274,71,Light_Bluish_Gray
52901,0,Black
52901,3,Dark_Turquoise
52901,4,Red
52901,7,Light_Gray
52901,14,Yellow
52901,15,White
52901,70,Reddish_Brown
52901,71,Light_Bluish_Gray
52901,72,Dark_Bluish_Gray
52901,73,Medium_Blue
52901,321,Dark_Azure
52901,484,Dark_Orange
5294,0,Black
52985,0,Black
530,0,Black
530,2,Green
530,4,Red
530,8,Dark_Gray
530,30,Medium_Lavender
530,72,Dark_Bluish_Gray
530,272,Dark_Blue
530,320,Dark_Red
530,484,Dark_Orange
53020,14,Yellow
53020,27,Lime
53020,71,Light_Bluish_Gray
53020,212,Bright_Light_Blue
53029,0,Black
53029,71,Light_Bluish_Gray
53029,484,Dark_Orange
53118,0,Black
53118,1,Blue
53118,29,Bright_Pink
53118,72,Dark_Bluish_Gray
53119,15,White
53119,29,Bright_Pink
53119,31,Lavender
53119,70,Reddish_Brown
53119,71,Light_Bluish_Gray
53126,0,Black
53126,30,Medium_Lavender
53126,308,Dark_Brown
53178,14,Yellow
5320,191,Bright_Light_Orange
5320,378,Sand_Green
5320,484,Dark_Orange
53293,0,Black
53293,1,Blue
53293,3,Dark_Turquoise
53293,4,Red
53293,6,Brown
53293,7,Light_Gray
53293,14,Yellow
53293,15,White
53293,19,Tan
53293,22,Purple
53293,25,Orange
53293,71,Light_Bluish_Gray
53293,72,Dark_Bluish_Gray
53293,85,Dark_Purple
53293,320,Dark_Red
53293,378,Sand_Green
53400,72,Dark_Bluish_Gray
53401,72,Dark_Bluish_Gray
53450,0,Black
53450,19,Tan
53450,71,Light_Bluish_Gray
53451,0,Black
53451,4,Red
53451,5,Dark_Pink
53451,10,Bright_Green
53451,14,Yellow
53451,15,White
53451,19,Tan
53451,25,Orange
53451,27,Lime
53451,28,Dark_Tan
53451,70,Reddish_Brown
53451,191,Bright_Light_Orange
53451,212,Bright_Light_Blue
53451,226,Bright_Light_Yellow
53451,320,Dark_Red
53451,326,Yellowish_Green
53452,0,Black
53452,70,Reddish_Brown
53452,308,Dark_Brown
53454,0,Black
53454,4,Red
53454,5,Dark_Pink
53454,14,Yellow
53454,25,Orange
53454,26,Magenta
53454,70,Reddish_Brown
53457,0,Black
53457,71,Light_Bluish_Gray
53457,72,Dark_Bluish_Gray
53457,320,Dark_Red
53475,0,Black
53475,4,Red
53475,70,Reddish_Brown
53475,272,Dark_Blue
53475,320,Dark_Red
53527,0,Black
53527,6,Brown
53527,15,White
53527,28,Dark_Tan
53527,70,Reddish_Brown
53527,72,Dark_Bluish_Gray
53528,0,Black
53528,6,Brown
53528,15,White
53528,28,Dark_Tan
53528,70,Reddish_Brown
53528,72,Dark_Bluish_Gray
53528,288,Dark_Green
53531,15,White
53533,0,Black
53542,0,Black
53542,4,Red
53542,15,White
53542,25,Orange
53542,27,Lime
53542,73,Medium_Blue
53542,191,Bright_Light_Orange
53542,320,Dark_Red
53543,0,Black
53543,15,White
53543,25,Orange
53543,70,Reddish_Brown
53543,72,Dark_Bluish_Gray
53543,272,Dark_Blue
53543,288,Dark_Green
53543,320,Dark_Red
53545,0,Black
53545,4,Red
53545,15,White
53545,72,Dark_Bluish_Gray
53545,191,Bright_Light_Orange
53545,272,Dark_Blue
53545,288,Dark_Green
53545,320,Dark_Red
53550,0,Black
53550,15,White
53550,272,Dark_Blue
53550,288,Dark_Green
53550,320,Dark_Red
53562,0,Black
53562,19,Tan
53562,70,Reddish_Brown
53568,0,Black
53568,27,Lime
53568,70,Reddish_Brown
53568,151,Very_Light_Bluish_Gray
53568,288,Dark_Green
53585,0,Black
53585,4,Red
53585,14,Yellow
53585,19,Tan
53585,71,Light_Bluish_Gray
53585,85,Dark_Purple
53586,0,Black
53586,25,Orange
53588,72,Dark_Bluish_Gray
53787,151,Very_Light_Bluish_Gray
53788,0,Black
53788,151,Very_Light_Bluish_Gray
53792,151,Very_Light_Bluish_Gray
53793,151,Very_Light_Bluish_Gray
53793c01,151,Very_Light_Bluish_Gray
5382,0,Black
5382,4,Red
5382,10,Bright_Green
5382,72,Dark_Bluish_Gray
5382,226,Bright_Light_Yellow
53834,72,Dark_Bluish_Gray
539,0,Black
53914,0,Black
53914,14,Yellow
53914,71,Light_Bluish_Gray
53923,0,Black
53923,2,Green
53923,4,Red
53923,10,Bright_Green
53923,15,White
53923,71,Light_Bluish_Gray
53923,72,Dark_Bluish_Gray
53923,320,Dark_Red
53923,378,Sand_Green
53981,0,Black
53981,25,Orange
53981,73,Medium_Blue
53981,85,Dark_Purple
53982,0,Black
53982,4,Red
53982,10,Bright_Green
53982,15,White
53982,73,Medium_Blue
53982,85,Dark_Purple
53984,14,Yellow
53984,70,Reddish_Brown
53984,85,Dark_Purple
53984,320,Dark_Red
53988,14,Yellow
53989,0,Black
53989,14,Yellow
53989,15,White
53989,70,Reddish_Brown
53989,72,Dark_Bluish_Gray
53989,151,Very_Light_Bluish_Gray
53989,191,Bright_Light_Orange
53989,272,Dark_Blue
53989,288,Dark_Green
53989,320,Dark_Red
5404,0,Black
5404,1,Blue
5404,2,Green
5404,3,Dark_Turquoise
5404,4,Red
5404,14,Yellow
5404,15,White
5404,25,Orange
5404,27,Lime
5404,29,Bright_Pink
5404,70,Reddish_Brown
5404,71,Light_Bluish_Gray
5404,72,Dark_Bluish_Gray
5404,212,Bright_Light_Blue
5404,272,Dark_Blue
5404,288,Dark_Green
5404,308,Dark_Brown
5404,320,Dark_Red
5404,321,Dark_Azure
5404,379,Sand_Blue
5405,71,Light_Bluish_Gray
54086,0,Black
54087,0,Black
54087,25,Orange
54087,71,Light_Bluish_Gray
54090,4,Red
54090,15,White
54090,30,Medium_Lavender
54090,71,Light_Bluish_Gray
54090,72,Dark_Bluish_Gray
54091,0,Black
54091,1,Blue
54091,4,Red
54091,14,Yellow
54091,15,White
54091,25,Orange
54091,26,Magenta
54091,27,Lime
54091,28,Dark_Tan
54091,30,Medium_Lavender
54091,71,Light_Bluish_Gray
54091,72,Dark_Bluish_Gray
54091,272,Dark_Blue
54091,322,Medium_Azure
54091,326,Yellowish_Green
54092c01,2,Green
54092c01,15,White
54092c02,1,Blue
54092c02,15,White
54093,15,White
54093,71,Light_Bluish_Gray
54093,72,Dark_Bluish_Gray
54094,2,Green
54094,15,White
54094,30,Medium_Lavender
54095,1,Blue
54095,2,Green
54095,14,Yellow
54095,15,White
54095,25,Orange
54095,26,Magenta
54095,27,Lime
54095,29,Bright_Pink
54095,70,Reddish_Brown
54095,71,Light_Bluish_Gray
54095,272,Dark_Blue
54095,322,Medium_Azure
54096,1,Blue
54096,15,White
54097,15,White
54097,71,Light_Bluish_Gray
54100,0,Black
54100,1,Blue
54100,4,Red
54101,71,Light_Bluish_Gray
54101,72,Dark_Bluish_Gray
54120,0,Black
5414,0,Black
5414,1,Blue
5414,2,Green
5414,4,Red
5414,14,Yellow
5414,15,White
5414,19,Tan
5414,25,Orange
5414,29,Bright_Pink
5414,71,Light_Bluish_Gray
5414,191,Bright_Light_Orange
5414,272,Dark_Blue
5414,320,Dark_Red
5414,322,Medium_Azure
5414,330,Olive_Green
5415,0,Black
5415,1,Blue
5415,2,Green
5415,4,Red
5415,14,Yellow
5415,15,White
5415,19,Tan
5415,25,Orange
5415,29,Bright_Pink
5415,71,Light_Bluish_Gray
5415,272,Dark_Blue
5415,320,Dark_Red
5415,322,Medium_Azure
5415,330,Olive_Green
54195,6,Brown
54195,7,Light_Gray
54196,0,Black
54196,1,Blue
54196,2,Green
54196,4,Red
54196,6,Brown
54196,7,Light_Gray
54196,8,Dark_Gray
54196,10,Bright_Green
54196,14,Yellow
54196,15,White
54196,19,Tan
54196,25,Orange
54196,26,Magenta
54196,27,Lime
54196,28,Dark_Tan
54196,29,Bright_Pink
54196,30,Medium_Lavender
54196,70,Reddish_Brown
54196,71,Light_Bluish_Gray
54196,72,Dark_Bluish_Gray
54196,73,Medium_Blue
54196,89,Blue_Violet
54196,191,Bright_Light_Orange
54196,272,Dark_Blue
54196,320,Dark_Red
54196,321,Dark_Azure
54196,326,Yellowish_Green
54196,379,Sand_Blue
54200,0,Black
54200,1,Blue
54200,2,Green
54200,3,Dark_Turquoise
54200,4,Red
54200,5,Dark_Pink
54200,10,Bright_Green
54200,14,Yellow
54200,15,White
54200,19,Tan
54200,25,Orange
54200,26,Magenta
54200,27,Lime
54200,28,Dark_Tan
54200,29,Bright_Pink
54200,30,Medium_Lavender
54200,31,Lavender
54200,70,Reddish_Brown
54200,71,Light_Bluish_Gray
54200,72,Dark_Bluish_Gray
54200,73,Medium_Blue
54200,85,Dark_Purple
54200,191,Bright_Light_Orange
54200,212,Bright_Light_Blue
54200,216,Rust
54200,226,Bright_Light_Yellow
54200,272,Dark_Blue
54200,288,Dark_Green
54200,308,Dark_Brown
54200,320,Dark_Red
54200,321,Dark_Azure
54200,322,Medium_Azure
54200,323,Light_Aqua
54200,326,Yellowish_Green
54200,330,Olive_Green
54200,378,Sand_Green
54200,379,Sand_Blue
54200,484,Dark_Orange
5426,0,Black
5426,4,Red
5426,10,Bright_Green
5426,15,White
5426,191,Bright_Light_Orange
5426,272,Dark_Blue
5427,0,Black
5427,3,Dark_Turquoise
5427,4,Red
5427,14,Yellow
5427,15,White
5427,72,Dark_Bluish_Gray
5427,321,Dark_Azure
54271,0,Black
54271,72,Dark_Bluish_Gray
54272,0,Black
54275,0,Black
54275,25,Orange
54275,27,Lime
54275,320,Dark_Red
54276,0,Black
54276,15,White
54276,70,Reddish_Brown
54276,151,Very_Light_Bluish_Gray
54276,191,Bright_Light_Orange
54276,272,Dark_Blue
54276,288,Dark_Green
54276,320,Dark_Red
5429,0,Black
5429,71,Light_Bluish_Gray
54383,0,Black
54383,1,Blue
54383,2,Green
54383,4,Red
54383,5,Dark_Pink
54383,10,Bright_Green
54383,14,Yellow
54383,15,White
54383,19,Tan
54383,25,Orange
54383,26,Magenta
54383,27,Lime
54383,28,Dark_Tan
54383,70,Reddish_Brown
54383,71,Light_Bluish_Gray
54383,72,Dark_Bluish_Gray
54383,212,Bright_Light_Blue
54383,272,Dark_Blue
54383,288,Dark_Green
54383,320,Dark_Red
54383,321,Dark_Azure
54383,378,Sand_Green
54383,379,Sand_Blue
54384,0,Black
54384,1,Blue
54384,2,Green
54384,4,Red
54384,5,Dark_Pink
54384,14,Yellow
54384,15,White
54384,19,Tan
54384,25,Orange
54384,26,Magenta
54384,27,Lime
54384,28,Dark_Tan
54384,70,Reddish_Brown
54384,71,Light_Bluish_Gray
54384,72,Dark_Bluish_Gray
54384,212,Bright_Light_Blue
54384,272,Dark_Blue
54384,288,Dark_Green
54384,320,Dark_Red
54384,321,Dark_Azure
54384,322,Medium_Azure
54384,378,Sand_Green
54384,379,Sand_Blue
54568,0,Black
54568,14,Yellow
54568,15,White
54568,321,Dark_Azure
54657,0,Black
54657,4,Red
54657,10,Bright_Green
54657,14,Yellow
54657,15,White
54657,19,Tan
54657,25,Orange
54657,70,Reddish_Brown
54657,71,Light_Bluish_Gray
54657,72,Dark_Bluish_Gray
5466,1,Blue
5466,3,Dark_Turquoise
5466,70,Reddish_Brown
54661,10,Bright_Green
54661,14,Yellow
54661,15,White
54661,71,Light_Bluish_Gray
54661,191,Bright_Light_Orange
54662,0,Black
54662,10,Bright_Green
54662,15,White
54662,71,Light_Bluish_Gray
54671,4,Red
54671,71,Light_Bluish_Gray
54671,72,Dark_Bluish_Gray
54672,0,Black
54672,14,Yellow
54672,15,White
54672,71,Light_Bluish_Gray
54675,322,Medium_Azure
54696,71,Light_Bluish_Gray
54696,322,Medium_Azure
54701c01,15,White
54701c02,2,Green
54701c02,15,White
54701c03,15,White
54701c06,30,Medium_Lavender
54708,72,Dark_Bluish_Gray
54734,71,Light_Bluish_Gray
54779c01,0,Black
54779c02,1,Blue
54779c02,4,Red
54802,0,Black
54821,0,Black
54821,1,Blue
54821,2,Green
54821,4,Red
54821,10,Bright_Green
54821,14,Yellow
54821,19,Tan
54821,27,Lime
54821,71,Light_Bluish_Gray
54824,25,Orange
5489,0,Black
5489,1,Blue
5489,4,Red
5489,10,Bright_Green
5489,14,Yellow
5489,15,White
5489,19,Tan
5489,25,Orange
5489,30,Medium_Lavender
5489,70,Reddish_Brown
5489,71,Light_Bluish_Gray
5489,72,Dark_Bluish_Gray
5489,73,Medium_Blue
5489,85,Dark_Purple
5489,89,Blue_Violet
5489,191,Bright_Light_Orange
5489,272,Dark_Blue
5489,322,Medium_Azure
5489,330,Olive_Green
5489,378,Sand_Green
5491,321,Dark_Azure
550,0,Black
550,3,Dark_Turquoise
550,4,Red
550,5,Dark_Pink
550,7,Light_Gray
550,8,Dark_Gray
550,14,Yellow
550,15,White
550,19,Tan
550,25,Orange
550,70,Reddish_Brown
550,71,Light_Bluish_Gray
550,72,Dark_Bluish_Gray
550,272,Dark_Blue
5500,226,Bright_Light_Yellow
55013,0,Black
55013,72,Dark_Bluish_Gray
5518,0,Black
5518,3,Dark_Turquoise
5518,15,White
5518,19,Tan
5518,484,Dark_Orange
552,0,Black
552,15,White
552,72,Dark_Bluish_Gray
5520,0,Black
5520,3,Dark_Turquoise
5520,4,Red
5520,14,Yellow
5520,15,White
5520,25,Orange
5520,27,Lime
5520,28,Dark_Tan
5520,29,Bright_Pink
5520,71,Light_Bluish_Gray
5520,72,Dark_Bluish_Gray
5520,73,Medium_Blue
5520,89,Blue_Violet
5520,226,Bright_Light_Yellow
5520,272,Dark_Blue
5520,288,Dark_Green
5520,320,Dark_Red
5520,321,Dark_Azure
55236,0,Black
55236,2,Green
55236,4,Red
55236,15,White
55236,19,Tan
55236,25,Orange
55236,27,Lime
55236,70,Reddish_Brown
55236,151,Very_Light_Bluish_Gray
55236,272,Dark_Blue
55236,288,Dark_Green
55236,320,Dark_Red
55236,323,Light_Aqua
5525,5,Dark_Pink
5525,31,Lavender
5525,85,Dark_Purple
55295,0,Black
55295,8,Dark_Gray
55295,72,Dark_Bluish_Gray
55295,85,Dark_Purple
55296,0,Black
55296,8,Dark_Gray
55296,72,Dark_Bluish_Gray
55296,73,Medium_Blue
55296,85,Dark_Purple
55297,0,Black
55297,8,Dark_Gray
55297,72,Dark_Bluish_Gray
55297,85,Dark_Purple
55298,0,Black
55298,8,Dark_Gray
55298,72,Dark_Bluish_Gray
55298,85,Dark_Purple
55299,0,Black
55299,8,Dark_Gray
55299,72,Dark_Bluish_Gray
55299,85,Dark_Purple
55300,0,Black
55300,8,Dark_Gray
55300,72,Dark_Bluish_Gray
55300,85,Dark_Purple
5532,0,Black
5532,15,White
5532,28,Dark_Tan
5532,89,Blue_Violet
5532,272,Dark_Blue
5532,288,Dark_Green
5532,321,Dark_Azure
5532,379,Sand_Blue
5532,484,Dark_Orange
554,0,Black
554,2,Green
554,4,Red
554,7,Light_Gray
554,8,Dark_Gray
554,10,Bright_Green
554,15,White
554,70,Reddish_Brown
554,71,Light_Bluish_Gray
554,72,Dark_Bluish_Gray
554,308,Dark_Brown
554,320,Dark_Red
5540,0,Black
5540,4,Red
5540,15,White
5540,71,Light_Bluish_Gray
5540,191,Bright_Light_Orange
5540,212,Bright_Light_Blue
5540,272,Dark_Blue
55525,0,Black
55525,1,Blue
55525,2,Green
55525,4,Red
55525,6,Brown
55525,7,Light_Gray
55525,8,Dark_Gray
55525,13,Pink
55525,14,Yellow
55525,15,White
55525,19,Tan
55525,25,Orange
55525,27,Lime
55525,29,Bright_Pink
55525,70,Reddish_Brown
55525,71,Light_Bluish_Gray
55525,72,Dark_Bluish_Gray
55525,85,Dark_Purple
55525,191,Bright_Light_Orange
55525,272,Dark_Blue
55525,320,Dark_Red
55525,335,Sand_Red
55525,351,Medium_Dark_Pink
55525,378,Sand_Green
55525,379,Sand_Blue
55527,0,Black
55527,8,Dark_Gray
55527,15,White
55527,19,Tan
55527,71,Light_Bluish_Gray
55527,72,Dark_Bluish_Gray
55527,335,Sand_Red
55527,484,Dark_Orange
55528,0,Black
55528,1,Blue
55528,2,Green
55528,3,Dark_Turquoise
55528,4,Red
55528,7,Light_Gray
55528,8,Dark_Gray
55528,15,White
55528,19,Tan
55528,28,Dark_Tan
55528,71,Light_Bluish_Gray
55528,72,Dark_Bluish_Gray
55528,74,Medium_Green
55528,85,Dark_Purple
55528,272,Dark_Blue
55528,308,Dark_Brown
55528,335,Sand_Red
55528,379,Sand_Blue
55528,484,Dark_Orange
55539,15,White
5554,3,Dark_Turquoise
5554,25,Orange
5554,27,Lime
5554,322,Medium_Azure
5555,0,Black
5555,4,Red
5555,15,White
5555,19,Tan
5555,25,Orange
556,1,Blue
556,7,Light_Gray
55615,71,Light_Bluish_Gray
5565,0,Black
5565,4,Red
5565,10,Bright_Green
5565,15,White
5565,71,Light_Bluish_Gray
55704,0,Black
55704,272,Dark_Blue
55705,0,Black
55706,0,Black
55706,27,Lime
55706,72,Dark_Bluish_Gray
55706,85,Dark_Purple
55706,272,Dark_Blue
55706,326,Yellowish_Green
55707a,0,Black
55707c,0,Black
55707c,1,Blue
55707c,5,Dark_Pink
55707c,14,Yellow
55707d,0,Black
55707e,0,Black
55709,0,Black
55709,1,Blue
55709,2,Green
55709,4,Red
55709,7,Light_Gray
55709,8,Dark_Gray
55709,14,Yellow
55709,15,White
55709,25,Orange
55709,27,Lime
55709,71,Light_Bluish_Gray
55709,72,Dark_Bluish_Gray
55709,321,Dark_Azure
55767,25,Orange
55767,71,Light_Bluish_Gray
55768,15,White
55804,0,Black
55805,0,Black
55806,0,Black
55817,0,Black
55817,4,Red
55817,15,White
55817,71,Light_Bluish_Gray
55817,72,Dark_Bluish_Gray
55817,85,Dark_Purple
55817,320,Dark_Red
55889,0,Black
55963,151,Very_Light_Bluish_Gray
55969,151,Very_Light_Bluish_Gray
55976,0,Black
55978,0,Black
55981,0,Black
55981,1,Blue
55981,4,Red
55981,14,Yellow
55981,15,White
55981,25,Orange
55981,27,Lime
55981,71,Light_Bluish_Gray
55981,72,Dark_Bluish_Gray
55981,85,Dark_Purple
55981,330,Olive_Green
55981c01,4,Red
55981c06,4,Red
55982,0,Black
55982,4,Red
55982,15,White
55982,71,Light_Bluish_Gray
55982,321,Dark_Azure
559c01,4,Red
559c02,4,Red
56,0,Black
56,1,Blue
56,2,Green
56,3,Dark_Turquoise
56,4,Red
56,6,Brown
56,7,Light_Gray
56,8,Dark_Gray
56,14,Yellow
56,15,White
56,19,Tan
56,22,Purple
56,25,Orange
56,26,Magenta
56,27,Lime
56,28,Dark_Tan
56,30,Medium_Lavender
56,69,Light_Purple
56,70,Reddish_Brown
56,71,Light_Bluish_Gray
56,72,Dark_Bluish_Gray
56,73,Medium_Blue
56,85,Dark_Purple
56,191,Bright_Light_Orange
56,212,Bright_Light_Blue
56,226,Bright_Light_Yellow
56,272,Dark_Blue
56,288,Dark_Green
56,308,Dark_Brown
56,313,Maersk_Blue
56,320,Dark_Red
56,321,Dark_Azure
56,322,Medium_Azure
56,323,Light_Aqua
56,378,Sand_Green
56,379,Sand_Blue
56,484,Dark_Orange
56145,0,Black
56145,1,Blue
56145,4,Red
56145,5,Dark_Pink
56145,7,Light_Gray
56145,14,Yellow
56145,15,White
56145,25,Orange
56145,27,Lime
56145,70,Reddish_Brown
56145,71,Light_Bluish_Gray
56145,85,Dark_Purple
56145,191,Bright_Light_Orange
56145,226,Bright_Light_Yellow
56145,321,Dark_Azure
56145,322,Medium_Azure
56204,4,Red
56204,14,Yellow
56204,15,White
56204,71,Light_Bluish_Gray
56204,484,Dark_Orange
5630,0,Black
5630,3,Dark_Turquoise
5630,4,Red
5630,14,Yellow
5630,15,White
5630,31,Lavender
5630,70,Reddish_Brown
5630,71,Light_Bluish_Gray
5630,226,Bright_Light_Yellow
5647,0,Black
5647,25,Orange
5647,26,Magenta
5647,85,Dark_Purple
5647,272,Dark_Blue
5647,378,Sand_Green
5649,2,Green
5649,3,Dark_Turquoise
5649,4,Red
5649,5,Dark_Pink
5649,14,Yellow
5649,15,White
5649,19,Tan
5649,29,Bright_Pink
5649,71,Light_Bluish_Gray
5649,89,Blue_Violet
5649,212,Bright_Light_Blue
5649,320,Dark_Red
5649,321,Dark_Azure
564c01,0,Black
564c01,1,Blue
5651,0,Black
5651,1,Blue
5651,4,Red
5651,14,Yellow
5651,15,White
5651,25,Orange
5651,89,Blue_Violet
5651,321,Dark_Azure
5654,0,Black
5654,1,Blue
5654,4,Red
5654,14,Yellow
5654,15,White
5654,19,Tan
5654,25,Orange
5654,70,Reddish_Brown
5654,71,Light_Bluish_Gray
5654,308,Dark_Brown
5654,320,Dark_Red
5654,321,Dark_Azure
5654,322,Medium_Azure
56619,0,Black
56630,0,Black
56630,1,Blue
56630,2,Green
56630,4,Red
56630,15,White
56630,30,Medium_Lavender
56630,70,Reddish_Brown
56630,191,Bright_Light_Orange
56630,272,Dark_Blue
56640,0,Black
56640,1,Blue
56640,2,Green
56640,3,Dark_Turquoise
56640,4,Red
56640,6,Brown
56640,7,Light_Gray
56640,8,Dark_Gray
56640,14,Yellow
56640,15,White
56640,19,Tan
56640,25,Orange
56640,26,Magenta
56640,27,Lime
56640,28,Dark_Tan
56640,29,Bright_Pink
56640,70,Reddish_Brown
56640,71,Light_Bluish_Gray
56640,72,Dark_Bluish_Gray
56640,85,Dark_Purple
56640,89,Blue_Violet
56640,191,Bright_Light_Orange
56640,272,Dark_Blue
56640,288,Dark_Green
56640,320,Dark_Red
56640,378,Sand_Green
56640,379,Sand_Blue
56641,0,Black
56641,1,Blue
56641,2,Green
56641,4,Red
56641,6,Brown
56641,7,Light_Gray
56641,8,Dark_Gray
56641,11,Light_Turquoise
56641,13,Pink
56641,14,Yellow
56641,15,White
56641,19,Tan
56641,25,Orange
56641,26,Magenta
56641,27,Lime
56641,28,Dark_Tan
56641,31,Lavender
56641,70,Reddish_Brown
56641,71,Light_Bluish_Gray
56641,72,Dark_Bluish_Gray
56641,77,Light_Pink
56641,85,Dark_Purple
56641,191,Bright_Light_Orange
56641,272,Dark_Blue
56641,288,Dark_Green
56641,320,Dark_Red
56641,322,Medium_Azure
56641,351,Medium_Dark_Pink
56641,378,Sand_Green
56641,379,Sand_Blue
5684,15,White
5684,71,Light_Bluish_Gray
5686,15,White
56890,0,Black
56891,0,Black
56897,0,Black
56898,0,Black
569,4,Red
56902,4,Red
56902,71,Light_Bluish_Gray
56903,0,Black
56903,15,White
56903,71,Light_Bluish_Gray
56903,272,Dark_Blue
56904,0,Black
56904,1,Blue
56904,14,Yellow
56904,15,White
56904,71,Light_Bluish_Gray
56904,72,Dark_Bluish_Gray
56904,320,Dark_Red
56904,321,Dark_Azure
56907,0,Black
56908,0,Black
56908,1,Blue
56908,4,Red
56908,10,Bright_Green
56908,14,Yellow
56908,15,White
56908,27,Lime
56908,71,Light_Bluish_Gray
56908,191,Bright_Light_Orange
56908,272,Dark_Blue
56908,320,Dark_Red
57,0,Black
57,1,Blue
57,2,Green
57,3,Dark_Turquoise
57,4,Red
57,6,Brown
57,7,Light_Gray
57,8,Dark_Gray
57,14,Yellow
57,15,White
57,19,Tan
57,25,Orange
57,27,Lime
57,28,Dark_Tan
57,31,Lavender
57,70,Reddish_Brown
57,71,Light_Bluish_Gray
57,72,Dark_Bluish_Gray
57,73,Medium_Blue
57,85,Dark_Purple
57,191,Bright_Light_Orange
57,272,Dark_Blue
57,288,Dark_Green
57,320,Dark_Red
57,322,Medium_Azure
57,323,Light_Aqua
57,378,Sand_Green
57,484,Dark_Orange
570,1,Blue
571,0,Black
571,1,Blue
571,2,Green
571,3,Dark_Turquoise
571,4,Red
571,6,Brown
571,7,Light_Gray
571,8,Dark_Gray
571,10,Bright_Green
571,14,Yellow
571,15,White
571,19,Tan
571,22,Purple
571,25,Orange
571,71,Light_Bluish_Gray
571,72,Dark_Bluish_Gray
571,191,Bright_Light_Orange
571,272,Dark_Blue
5711,0,Black
5711,4,Red
5711,14,Yellow
5711,15,White
5711,19,Tan
5711,28,Dark_Tan
5711,29,Bright_Pink
5711,70,Reddish_Brown
5711,71,Light_Bluish_Gray
5711,72,Dark_Bluish_Gray
5711,212,Bright_Light_Blue
5711,226,Bright_Light_Yellow
5711,272,Dark_Blue
5711,308,Dark_Brown
5711,320,Dark_Red
5711,321,Dark_Azure
5712,0,Black
5712,15,White
5712,70,Reddish_Brown
5712,212,Bright_Light_Blue
5712,322,Medium_Azure
5712,326,Yellowish_Green
5713,4,Red
5713,71,Light_Bluish_Gray
5717,0,Black
5717,4,Red
5717,10,Bright_Green
5717,15,White
5717,19,Tan
5717,25,Orange
5717,28,Dark_Tan
5717,30,Medium_Lavender
5717,70,Reddish_Brown
5717,191,Bright_Light_Orange
5717,378,Sand_Green
5717,484,Dark_Orange
572,14,Yellow
57274,0,Black
57274,14,Yellow
57274,71,Light_Bluish_Gray
57360,0,Black
57360,2,Green
57360,4,Red
57360,15,White
57360,28,Dark_Tan
57360,70,Reddish_Brown
57360,71,Light_Bluish_Gray
57360,72,Dark_Bluish_Gray
5741,0,Black
5741,2,Green
5741,4,Red
5742,0,Black
5742,2,Green
5742,4,Red
57488,0,Black
57488,4,Red
57488,14,Yellow
57488,73,Medium_Blue
57488,320,Dark_Red
57515,0,Black
57515,72,Dark_Bluish_Gray
57515,320,Dark_Red
57518,0,Black
57518,72,Dark_Bluish_Gray
57519,0,Black
57519,1,Blue
57519,14,Yellow
57519,15,White
57519,25,Orange
57519,71,Light_Bluish_Gray
57520,0,Black
57520,1,Blue
57520,4,Red
57525,4,Red
57528,0,Black
57528,4,Red
57539,0,Black
57539,4,Red
57539,15,White
57539,25,Orange
57539,27,Lime
57557,1,Blue
57558,191,Bright_Light_Orange
57563,15,White
57563,25,Orange
57563,27,Lime
57563,272,Dark_Blue
57564,0,Black
57564,2,Green
57564,14,Yellow
57564,25,Orange
57564,27,Lime
57565,0,Black
57565,4,Red
57565,14,Yellow
57575,0,Black
57585,0,Black
57585,70,Reddish_Brown
57585,71,Light_Bluish_Gray
57585,72,Dark_Bluish_Gray
57587,0,Black
57587,4,Red
57587,15,White
57588,0,Black
57588,15,White
57588,191,Bright_Light_Orange
57588,272,Dark_Blue
57588,288,Dark_Green
57588,320,Dark_Red
57697,0,Black
577,0,Black
577,4,Red
577,7,Light_Gray
577,15,White
577,71,Light_Bluish_Gray
577,191,Bright_Light_Orange
577,272,Dark_Blue
577,308,Dark_Brown
57718,0,Black
57718,1,Blue
57718,7,Light_Gray
57719,0,Black
57719,1,Blue
57719,3,Dark_Turquoise
57719,4,Red
57719,15,White
57719,22,Purple
5777,14,Yellow
5777,322,Medium_Azure
57779,0,Black
57779,4,Red
57779,14,Yellow
57779,15,White
57779,27,Lime
57779,71,Light_Bluish_Gray
57779,191,Bright_Light_Orange
57781,2,Green
57792,0,Black
57792,1,Blue
57792,4,Red
57792,15,White
57792,71,Light_Bluish_Gray
57792,484,Dark_Orange
577a,0,Black
577a,4,Red
577a,7,Light_Gray
577a,15,White
577a,71,Light_Bluish_Gray
577a,191,Bright_Light_Orange
577a,272,Dark_Blue
577a,308,Dark_Brown
577b,0,Black
577b,4,Red
577b,7,Light_Gray
577b,15,White
577b,71,Light_Bluish_Gray
577b,191,Bright_Light_Orange
577b,272,Dark_Blue
577b,308,Dark_Brown
578,0,Black
578,1,Blue
578,2,Green
578,4,Red
578,6,Brown
578,7,Light_Gray
578,8,Dark_Gray
578,14,Yellow
578,15,White
578,19,Tan
578,25,Orange
578,27,Lime
578,28,Dark_Tan
578,70,Reddish_Brown
578,71,Light_Bluish_Gray
578,72,Dark_Bluish_Gray
578,191,Bright_Light_Orange
578,288,Dark_Green
578,308,Dark_Brown
578,321,Dark_Azure
578,326,Yellowish_Green
578,379,Sand_Blue
5780,0,Black
5784,0,Black
5785,71,Light_Bluish_Gray
5786,15,White
5786,378,Sand_Green
57878,0,Black
57881,191,Bright_Light_Orange
57881,288,Dark_Green
57881,378,Sand_Green
57893,0,Black
57893,72,Dark_Bluish_Gray
57894,0,Black
57894,4,Red
57894,15,White
57894,26,Magenta
57894,29,Bright_Pink
57894,72,Dark_Bluish_Gray
57894,322,Medium_Azure
57895,0,Black
57895,1,Blue
57895,15,White
57895,19,Tan
57895,30,Medium_Lavender
57895,71,Light_Bluish_Gray
57895,72,Dark_Bluish_Gray
57895,226,Bright_Light_Yellow
57895,326,Yellowish_Green
57895,379,Sand_Blue
57899,0,Black
57900,0,Black
57900,15,White
57900,71,Light_Bluish_Gray
57900,72,Dark_Bluish_Gray
57900,379,Sand_Blue
57906,0,Black
57906,2,Green
57906,4,Red
57906,15,White
57906,25,Orange
57906,27,Lime
57906,191,Bright_Light_Orange
57906,272,Dark_Blue
57906,288,Dark_Green
57906,320,Dark_Red
57906,378,Sand_Green
57906,379,Sand_Blue
57908,0,Black
57908,72,Dark_Bluish_Gray
57908,308,Dark_Brown
57909b,0,Black
57909b,15,White
57909b,25,Orange
57909b,28,Dark_Tan
57909b,70,Reddish_Brown
57909b,72,Dark_Bluish_Gray
57909b,308,Dark_Brown
57910,72,Dark_Bluish_Gray
57915,0,Black
5794,212,Bright_Light_Blue
58017,0,Black
58017,4,Red
58017,15,White
58017,288,Dark_Green
58017,321,Dark_Azure
5805,71,Light_Bluish_Gray
5807,71,Light_Bluish_Gray
5807,72,Dark_Bluish_Gray
5809,0,Black
58090,0,Black
5810,0,Black
58119,71,Light_Bluish_Gray
58120,71,Light_Bluish_Gray
58120,72,Dark_Bluish_Gray
58121,71,Light_Bluish_Gray
58122,71,Light_Bluish_Gray
58176,0,Black
58176,2,Green
58176,4,Red
58176,5,Dark_Pink
58176,14,Yellow
58176,15,White
58176,71,Light_Bluish_Gray
58176,72,Dark_Bluish_Gray
58177,0,Black
58181,4,Red
58181,15,White
58181,72,Dark_Bluish_Gray
5822,1,Blue
5822,27,Lime
58247,0,Black
58247,15,White
5828,308,Dark_Brown
583,0,Black
583,4,Red
583,8,Dark_Gray
583,14,Yellow
583,70,Reddish_Brown
583,71,Light_Bluish_Gray
583,72,Dark_Bluish_Gray
5830,19,Tan
5830,28,Dark_Tan
5830,70,Reddish_Brown
5830,72,Dark_Bluish_Gray
5830,272,Dark_Blue
5830,308,Dark_Brown
58380,0,Black
58380,2,Green
58380,14,Yellow
58380,15,White
58380,70,Reddish_Brown
58380,71,Light_Bluish_Gray
58380,72,Dark_Bluish_Gray
58381,0,Black
58381,2,Green
58381,14,Yellow
58381,15,White
58381,71,Light_Bluish_Gray
58381,72,Dark_Bluish_Gray
584,4,Red
5841,0,Black
5841,1,Blue
5841,2,Green
5841,3,Dark_Turquoise
5841,4,Red
5841,5,Dark_Pink
5841,14,Yellow
5841,15,White
5841,19,Tan
5841,25,Orange
5841,27,Lime
5841,28,Dark_Tan
5841,29,Bright_Pink
5841,30,Medium_Lavender
5841,31,Lavender
5841,70,Reddish_Brown
5841,71,Light_Bluish_Gray
5841,72,Dark_Bluish_Gray
5841,85,Dark_Purple
5841,89,Blue_Violet
5841,191,Bright_Light_Orange
5841,212,Bright_Light_Blue
5841,226,Bright_Light_Yellow
5841,272,Dark_Blue
5841,288,Dark_Green
5841,320,Dark_Red
5841,321,Dark_Azure
5841,322,Medium_Azure
5841,326,Yellowish_Green
5841,330,Olive_Green
5841,378,Sand_Green
5841,379,Sand_Blue
5841,484,Dark_Orange
5842,0,Black
5842,15,White
5842,19,Tan
5842,29,Bright_Pink
5842,70,Reddish_Brown
5842,71,Light_Bluish_Gray
5842,72,Dark_Bluish_Gray
5842,212,Bright_Light_Blue
5842,226,Bright_Light_Yellow
5842,272,Dark_Blue
5842,320,Dark_Red
5842,326,Yellowish_Green
5843,0,Black
5843,1,Blue
5843,3,Dark_Turquoise
5843,4,Red
5843,15,White
5843,19,Tan
5843,25,Orange
5843,70,Reddish_Brown
5843,71,Light_Bluish_Gray
5843,72,Dark_Bluish_Gray
5843,212,Bright_Light_Blue
5843,272,Dark_Blue
5843,288,Dark_Green
5843,320,Dark_Red
5843,321,Dark_Azure
5843,322,Medium_Azure
5843,323,Light_Aqua
5843,378,Sand_Green
5844,1,Blue
5844,15,White
5844,70,Reddish_Brown
5845,0,Black
5845,3,Dark_Turquoise
5845,4,Red
5845,10,Bright_Green
5845,14,Yellow
5845,15,White
5845,19,Tan
5845,26,Magenta
5845,70,Reddish_Brown
5845,71,Light_Bluish_Gray
5845,85,Dark_Purple
5845,89,Blue_Violet
5845,191,Bright_Light_Orange
5845,272,Dark_Blue
5845,321,Dark_Azure
5845,322,Medium_Azure
5846,0,Black
5846,1,Blue
5846,4,Red
5846,15,White
5846,19,Tan
5846,29,Bright_Pink
5846,70,Reddish_Brown
5846,71,Light_Bluish_Gray
5846,212,Bright_Light_Blue
5846,226,Bright_Light_Yellow
5846,321,Dark_Azure
5847,0,Black
5847,4,Red
5847,5,Dark_Pink
5847,14,Yellow
5847,15,White
5847,19,Tan
5847,30,Medium_Lavender
5847,70,Reddish_Brown
5847,71,Light_Bluish_Gray
5847,191,Bright_Light_Orange
5847,212,Bright_Light_Blue
5847,322,Medium_Azure
5847,484,Dark_Orange
5848,0,Black
5848,4,Red
5848,5,Dark_Pink
5848,10,Bright_Green
5848,14,Yellow
5848,15,White
5848,19,Tan
5848,25,Orange
5848,29,Bright_Pink
5848,30,Medium_Lavender
5848,70,Reddish_Brown
5848,71,Light_Bluish_Gray
5848,212,Bright_Light_Blue
5848,288,Dark_Green
5848,308,Dark_Brown
5848,320,Dark_Red
5848,330,Olive_Green
5849,0,Black
5849,3,Dark_Turquoise
5849,15,White
5849,25,Orange
5849,70,Reddish_Brown
5849,71,Light_Bluish_Gray
5849,272,Dark_Blue
5849,288,Dark_Green
5849,484,Dark_Orange
585,4,Red
5852,0,Black
5852,1,Blue
5852,2,Green
5852,3,Dark_Turquoise
5852,4,Red
5852,5,Dark_Pink
5852,10,Bright_Green
5852,14,Yellow
5852,15,White
5852,19,Tan
5852,25,Orange
5852,26,Magenta
5852,27,Lime
5852,28,Dark_Tan
5852,29,Bright_Pink
5852,30,Medium_Lavender
5852,31,Lavender
5852,70,Reddish_Brown
5852,71,Light_Bluish_Gray
5852,72,Dark_Bluish_Gray
5852,85,Dark_Purple
5852,89,Blue_Violet
5852,191,Bright_Light_Orange
5852,212,Bright_Light_Blue
5852,272,Dark_Blue
5852,288,Dark_Green
5852,320,Dark_Red
5852,321,Dark_Azure
5852,322,Medium_Azure
5852,326,Yellowish_Green
5852,378,Sand_Green
5852,484,Dark_Orange
5853,212,Bright_Light_Blue
5853,320,Dark_Red
5854,15,White
586c01,0,Black
586c01,1,Blue
586c01,4,Red
586c01,14,Yellow
586c02,4,Red
586c02,14,Yellow
58772,8,Dark_Gray
58772,15,White
58772,70,Reddish_Brown
58772,71,Light_Bluish_Gray
58772,72,Dark_Bluish_Gray
58772,272,Dark_Blue
58772,320,Dark_Red
58772,484,Dark_Orange
58773,8,Dark_Gray
58773,15,White
58773,70,Reddish_Brown
58773,71,Light_Bluish_Gray
58773,72,Dark_Bluish_Gray
58773,272,Dark_Blue
58773,320,Dark_Red
58773,484,Dark_Orange
58827,0,Black
58827,14,Yellow
58827,15,White
58827,27,Lime
58827,70,Reddish_Brown
58827,72,Dark_Bluish_Gray
58846,0,Black
58846,4,Red
58846,15,White
58846,19,Tan
58846,28,Dark_Tan
58846,70,Reddish_Brown
58846,71,Light_Bluish_Gray
58846,72,Dark_Bluish_Gray
58846,85,Dark_Purple
58846,272,Dark_Blue
58846,320,Dark_Red
5903,3,Dark_Turquoise
5903,5,Dark_Pink
5903,14,Yellow
5903,27,Lime
5903,29,Bright_Pink
5903,85,Dark_Purple
5904,0,Black
5904,2,Green
5904,4,Red
5904,5,Dark_Pink
5904,14,Yellow
5904,15,White
5904,25,Orange
5904,29,Bright_Pink
5904,30,Medium_Lavender
5904,326,Yellowish_Green
5906,0,Black
5906,3,Dark_Turquoise
5906,4,Red
5906,5,Dark_Pink
5906,10,Bright_Green
5906,15,White
5906,19,Tan
5906,25,Orange
5906,27,Lime
5906,28,Dark_Tan
5906,71,Light_Bluish_Gray
5906,72,Dark_Bluish_Gray
5906,85,Dark_Purple
5906,191,Bright_Light_Orange
5906,226,Bright_Light_Yellow
5906,272,Dark_Blue
5906,288,Dark_Green
5906,320,Dark_Red
5906,322,Medium_Azure
5907,0,Black
5907,3,Dark_Turquoise
5907,4,Red
5907,5,Dark_Pink
5907,14,Yellow
5907,15,White
5907,19,Tan
5907,25,Orange
5907,26,Magenta
5907,27,Lime
5907,28,Dark_Tan
5907,29,Bright_Pink
5907,70,Reddish_Brown
5907,71,Light_Bluish_Gray
5907,72,Dark_Bluish_Gray
5907,85,Dark_Purple
5907,191,Bright_Light_Orange
5907,212,Bright_Light_Blue
5907,226,Bright_Light_Yellow
5907,321,Dark_Azure
5907,322,Medium_Azure
5907,323,Light_Aqua
5907,379,Sand_Blue
59195,0,Black
59195,2,Green
59195,14,Yellow
59195,15,White
59195,28,Dark_Tan
59195,72,Dark_Bluish_Gray
59195,272,Dark_Blue
59195,321,Dark_Azure
59195,379,Sand_Blue
59195,484,Dark_Orange
59228,0,Black
59228,15,White
59229,4,Red
59229,70,Reddish_Brown
59229,72,Dark_Bluish_Gray
59230,0,Black
59230,15,White
59230,19,Tan
59230,26,Magenta
59230,71,Light_Bluish_Gray
59230,72,Dark_Bluish_Gray
59230,308,Dark_Brown
59230,484,Dark_Orange
59231,72,Dark_Bluish_Gray
59231,378,Sand_Green
5924,0,Black
5924,14,Yellow
5924,15,White
5924,19,Tan
5924,70,Reddish_Brown
5924,71,Light_Bluish_Gray
5924,322,Medium_Azure
5925,26,Magenta
5925,89,Blue_Violet
59276,0,Black
59276,70,Reddish_Brown
59276,272,Dark_Blue
59276,288,Dark_Green
59276,308,Dark_Brown
59278c01,1,Blue
59349,0,Black
59349,1,Blue
59349,2,Green
59349,3,Dark_Turquoise
59349,4,Red
59349,14,Yellow
59349,15,White
59349,19,Tan
59349,27,Lime
59349,28,Dark_Tan
59349,29,Bright_Pink
59349,31,Lavender
59349,70,Reddish_Brown
59349,71,Light_Bluish_Gray
59349,72,Dark_Bluish_Gray
59349,191,Bright_Light_Orange
59349,212,Bright_Light_Blue
59349,226,Bright_Light_Yellow
59349,272,Dark_Blue
59349,288,Dark_Green
59349,308,Dark_Brown
59349,320,Dark_Red
59349,321,Dark_Azure
59349,322,Medium_Azure
59349,323,Light_Aqua
59349,326,Yellowish_Green
59349,378,Sand_Green
59349,379,Sand_Blue
59349,484,Dark_Orange
59350,0,Black
59350,1,Blue
59350,2,Green
59350,3,Dark_Turquoise
59350,4,Red
59350,14,Yellow
59350,15,White
59350,19,Tan
59350,27,Lime
59350,28,Dark_Tan
59350,29,Bright_Pink
59350,31,Lavender
59350,70,Reddish_Brown
59350,71,Light_Bluish_Gray
59350,72,Dark_Bluish_Gray
59350,191,Bright_Light_Orange
59350,212,Bright_Light_Blue
59350,226,Bright_Light_Yellow
59350,272,Dark_Blue
59350,288,Dark_Green
59350,308,Dark_Brown
59350,320,Dark_Red
59350,321,Dark_Azure
59350,322,Medium_Azure
59350,323,Light_Aqua
59350,326,Yellowish_Green
59350,378,Sand_Green
59350,379,Sand_Blue
59350,484,Dark_Orange
59362,70,Reddish_Brown
59363,0,Black
59363,4,Red
59363,70,Reddish_Brown
59363,226,Bright_Light_Yellow
59363,484,Dark_Orange
59426,72,Dark_Bluish_Gray
59443,0,Black
59443,1,Blue
59443,2,Green
59443,3,Dark_Turquoise
59443,4,Red
59443,10,Bright_Green
59443,14,Yellow
59443,15,White
59443,19,Tan
59443,25,Orange
59443,27,Lime
59443,28,Dark_Tan
59443,70,Reddish_Brown
59443,71,Light_Bluish_Gray
59443,72,Dark_Bluish_Gray
59443,272,Dark_Blue
59443,288,Dark_Green
59443,308,Dark_Brown
59443,320,Dark_Red
59443,321,Dark_Azure
59489,0,Black
59489,1,Blue
59489,2,Green
59489,3,Dark_Turquoise
59489,4,Red
59489,5,Dark_Pink
59489,6,Brown
59489,7,Light_Gray
59489,8,Dark_Gray
59489,10,Bright_Green
59489,13,Pink
59489,14,Yellow
59489,15,White
59489,19,Tan
59489,22,Purple
59489,25,Orange
59489,26,Magenta
59489,27,Lime
59489,28,Dark_Tan
59489,29,Bright_Pink
59489,30,Medium_Lavender
59489,31,Lavender
59489,68,Very_Light_Orange
59489,70,Reddish_Brown
59489,71,Light_Bluish_Gray
59489,72,Dark_Bluish_Gray
59489,73,Medium_Blue
59489,77,Light_Pink
59489,85,Dark_Purple
59489,89,Blue_Violet
59489,191,Bright_Light_Orange
59489,212,Bright_Light_Blue
59489,226,Bright_Light_Yellow
59489,232,Sky_Blue
59489,272,Dark_Blue
59489,288,Dark_Green
59489,308,Dark_Brown
59489,313,Maersk_Blue
59489,320,Dark_Red
59489,321,Dark_Azure
59489,322,Medium_Azure
59489,323,Light_Aqua
59489,326,Yellowish_Green
59489,330,Olive_Green
59489,378,Sand_Green
59489,379,Sand_Blue
59489,484,Dark_Orange
59521,0,Black
59521,27,Lime
59807,14,Yellow
59807,28,Dark_Tan
59807,71,Light_Bluish_Gray
59807,72,Dark_Bluish_Gray
5984,0,Black
5984,1,Blue
5984,15,White
5984,27,Lime
5984,272,Dark_Blue
5984,320,Dark_Red
5984,321,Dark_Azure
5987,70,Reddish_Brown
5987,272,Dark_Blue
59895,0,Black
59895,72,Dark_Bluish_Gray
59900,0,Black
59900,1,Blue
59900,2,Green
59900,3,Dark_Turquoise
59900,4,Red
59900,10,Bright_Green
59900,14,Yellow
59900,15,White
59900,19,Tan
59900,25,Orange
59900,26,Magenta
59900,28,Dark_Tan
59900,29,Bright_Pink
59900,30,Medium_Lavender
59900,31,Lavender
59900,70,Reddish_Brown
59900,71,Light_Bluish_Gray
59900,72,Dark_Bluish_Gray
59900,191,Bright_Light_Orange
59900,212,Bright_Light_Blue
59900,272,Dark_Blue
59900,288,Dark_Green
59900,308,Dark_Brown
59900,320,Dark_Red
59900,321,Dark_Azure
59900,326,Yellowish_Green
59900,378,Sand_Green
5995,4,Red
5995,71,Light_Bluish_Gray
5996,0,Black
5997,0,Black
6,4,Red
6,7,Light_Gray
6,15,White
6,72,Dark_Bluish_Gray
600,14,Yellow
600,15,White
6003,0,Black
6003,1,Blue
6003,2,Green
6003,3,Dark_Turquoise
6003,4,Red
6003,5,Dark_Pink
6003,6,Brown
6003,7,Light_Gray
6003,8,Dark_Gray
6003,10,Bright_Green
6003,14,Yellow
6003,15,White
6003,19,Tan
6003,25,Orange
6003,26,Magenta
6003,27,Lime
6003,28,Dark_Tan
6003,29,Bright_Pink
6003,30,Medium_Lavender
6003,31,Lavender
6003,70,Reddish_Brown
6003,71,Light_Bluish_Gray
6003,72,Dark_Bluish_Gray
6003,85,Dark_Purple
6003,191,Bright_Light_Orange
6003,212,Bright_Light_Blue
6003,226,Bright_Light_Yellow
6003,272,Dark_Blue
6003,288,Dark_Green
6003,320,Dark_Red
6003,321,Dark_Azure
6003,322,Medium_Azure
6003,323,Light_Aqua
6003,326,Yellowish_Green
6003,330,Olive_Green
60032,0,Black
60032,1,Blue
60032,4,Red
60032,14,Yellow
60032,15,White
60032,19,Tan
60032,25,Orange
60032,27,Lime
60032,28,Dark_Tan
60032,71,Light_Bluish_Gray
60032,72,Dark_Bluish_Gray
60032,320,Dark_Red
6005,0,Black
6005,1,Blue
6005,2,Green
6005,3,Dark_Turquoise
6005,4,Red
6005,5,Dark_Pink
6005,6,Brown
6005,7,Light_Gray
6005,8,Dark_Gray
6005,10,Bright_Green
6005,14,Yellow
6005,15,White
6005,19,Tan
6005,25,Orange
6005,26,Magenta
6005,29,Bright_Pink
6005,70,Reddish_Brown
6005,71,Light_Bluish_Gray
6005,72,Dark_Bluish_Gray
6005,73,Medium_Blue
6005,85,Dark_Purple
6005,191,Bright_Light_Orange
6005,212,Bright_Light_Blue
6005,226,Bright_Light_Yellow
6005,272,Dark_Blue
6005,288,Dark_Green
6005,320,Dark_Red
6005,321,Dark_Azure
6005,323,Light_Aqua
6005,378,Sand_Green
6007,2,Green
6007,4,Red
6007,8,Dark_Gray
6007,14,Yellow
6007,15,White
6007,72,Dark_Bluish_Gray
600880c01,3,Dark_Turquoise
600880c01,72,Dark_Bluish_Gray
601,14,Yellow
601,15,White
60115,0,Black
60115,15,White
60115,71,Light_Bluish_Gray
60115,72,Dark_Bluish_Gray
60125,71,Light_Bluish_Gray
6014,7,Light_Gray
6014,14,Yellow
6014,15,White
6014b,0,Black
6014b,1,Blue
6014b,2,Green
6014b,4,Red
6014b,7,Light_Gray
6014b,14,Yellow
6014b,15,White
6014b,25,Orange
6014b,27,Lime
6014b,71,Light_Bluish_Gray
6014b,72,Dark_Bluish_Gray
6014b,73,Medium_Blue
6015,0,Black
6016,0,Black
6016,1,Blue
6016,2,Green
6016,4,Red
6016,6,Brown
6016,7,Light_Gray
6016,8,Dark_Gray
6016,14,Yellow
6016,15,White
6016,19,Tan
6016,72,Dark_Bluish_Gray
6017,15,White
6017,212,Bright_Light_Blue
60176,0,Black
60176,4,Red
60176,15,White
60176,27,Lime
60176,72,Dark_Bluish_Gray
60176,191,Bright_Light_Orange
60176,272,Dark_Blue
60176,288,Dark_Green
60176,320,Dark_Red
6019,0,Black
6019,1,Blue
6019,2,Green
6019,4,Red
6019,6,Brown
6019,7,Light_Gray
6019,8,Dark_Gray
6019,14,Yellow
6019,15,White
6019,19,Tan
6019,25,Orange
6019,27,Lime
6019,70,Reddish_Brown
6019,71,Light_Bluish_Gray
6019,72,Dark_Bluish_Gray
6019,115,Medium_Lime
601926,0,Black
601926,1,Blue
601926,2,Green
601926,4,Red
601926,6,Brown
601926,7,Light_Gray
601926,8,Dark_Gray
601926,14,Yellow
601926,15,White
601926,19,Tan
601926,25,Orange
601926,27,Lime
601926,70,Reddish_Brown
601926,71,Light_Bluish_Gray
601926,72,Dark_Bluish_Gray
601926,115,Medium_Lime
6019987,0,Black
6019987,1,Blue
6019987,3,Dark_Turquoise
6019987,4,Red
6019987,14,Yellow
6019987,15,White
6019987,19,Tan
6019987,25,Orange
6019987,28,Dark_Tan
6019987,29,Bright_Pink
6019987,70,Reddish_Brown
6019987,71,Light_Bluish_Gray
6019987,72,Dark_Bluish_Gray
6019987,85,Dark_Purple
6019987,191,Bright_Light_Orange
6019987,212,Bright_Light_Blue
6019987,226,Bright_Light_Yellow
6019987,272,Dark_Blue
6019987,288,Dark_Green
6019987,320,Dark_Red
6019987,321,Dark_Azure
6019987,322,Medium_Azure
6019987,378,Sand_Green
602,0,Black
602,1,Blue
602,2,Green
602,3,Dark_Turquoise
602,4,Red
602,6,Brown
602,7,Light_Gray
602,8,Dark_Gray
602,14,Yellow
602,15,White
602,19,Tan
602,25,Orange
602,27,Lime
602,70,Reddish_Brown
602,71,Light_Bluish_Gray
602,72,Dark_Bluish_Gray
602,73,Medium_Blue
602,85,Dark_Purple
602,272,Dark_Blue
602,320,Dark_Red
602,330,Olive_Green
602,335,Sand_Red
602,378,Sand_Green
602,379,Sand_Blue
6020,0,Black
6020,1,Blue
6020,2,Green
6020,4,Red
6020,5,Dark_Pink
6020,6,Brown
6020,7,Light_Gray
6020,8,Dark_Gray
6020,14,Yellow
6020,15,White
6020,19,Tan
6020,70,Reddish_Brown
6020,71,Light_Bluish_Gray
6020,72,Dark_Bluish_Gray
6020,73,Medium_Blue
60208,0,Black
60208,1,Blue
60208,4,Red
60208,14,Yellow
60208,15,White
60208,19,Tan
60208,25,Orange
60208,27,Lime
60208,28,Dark_Tan
60208,70,Reddish_Brown
60208,71,Light_Bluish_Gray
60208,72,Dark_Bluish_Gray
60208,191,Bright_Light_Orange
60208,272,Dark_Blue
60208,308,Dark_Brown
60208,320,Dark_Red
6021,4,Red
6021,6,Brown
6021,70,Reddish_Brown
6021,330,Olive_Green
6021,484,Dark_Orange
60212,0,Black
60212,1,Blue
60212,2,Green
60212,3,Dark_Turquoise
60212,4,Red
60212,14,Yellow
60212,15,White
60212,25,Orange
60212,27,Lime
60212,70,Reddish_Brown
60212,72,Dark_Bluish_Gray
60212,73,Medium_Blue
60212,191,Bright_Light_Orange
60212,212,Bright_Light_Blue
60212,272,Dark_Blue
60212,323,Light_Aqua
60212,378,Sand_Green
60219,0,Black
60219,1,Blue
60219,2,Green
60219,4,Red
60219,14,Yellow
60219,15,White
60219,25,Orange
60219,26,Magenta
60219,27,Lime
60219,31,Lavender
60219,70,Reddish_Brown
60219,71,Light_Bluish_Gray
60219,72,Dark_Bluish_Gray
60219,272,Dark_Blue
60219,320,Dark_Red
60219,321,Dark_Azure
60219,322,Medium_Azure
60219,484,Dark_Orange
6023,15,White
6025,0,Black
6026,0,Black
6026,2,Green
6026,8,Dark_Gray
6026,19,Tan
6026,72,Dark_Bluish_Gray
6026,288,Dark_Green
6027,0,Black
6027,2,Green
6027,4,Red
6027,8,Dark_Gray
6027,19,Tan
6027,72,Dark_Bluish_Gray
6027,288,Dark_Green
6027,330,Olive_Green
6027,378,Sand_Green
6028,0,Black
6028,2,Green
6028,6,Brown
6028,8,Dark_Gray
6028,19,Tan
6028,72,Dark_Bluish_Gray
6028,288,Dark_Green
60288,0,Black
60288,4,Red
60288,15,White
6030,4,Red
6030,15,White
6032,0,Black
6032,1,Blue
6032,2,Green
6032,4,Red
6032,6,Brown
6032,7,Light_Gray
6032,8,Dark_Gray
6032,14,Yellow
6032,15,White
6032,19,Tan
6035,15,White
6036545,4,Red
6037,0,Black
6037,1,Blue
6037,2,Green
6037,4,Red
6037,6,Brown
6037,7,Light_Gray
6037,8,Dark_Gray
6037,14,Yellow
6037,15,White
6037,19,Tan
60373,31,Lavender
60373,70,Reddish_Brown
6039,0,Black
6039,1,Blue
6039,2,Green
6039,4,Red
6039,6,Brown
6039,7,Light_Gray
6039,8,Dark_Gray
6039,14,Yellow
6039,15,White
6039,19,Tan
604,4,Red
604,14,Yellow
604,15,White
6040,0,Black
6040,1,Blue
6040,2,Green
6040,4,Red
6040,14,Yellow
6040,15,White
6040,72,Dark_Bluish_Gray
6041,0,Black
6041,1,Blue
6041,2,Green
6041,4,Red
6041,6,Brown
6041,7,Light_Gray
6041,8,Dark_Gray
6041,14,Yellow
6041,15,White
6041,19,Tan
6041,191,Bright_Light_Orange
6042,0,Black
6042,1,Blue
6042,2,Green
6042,4,Red
6042,6,Brown
6042,7,Light_Gray
6042,8,Dark_Gray
6042,14,Yellow
6042,15,White
6042,19,Tan
6043,0,Black
6043,1,Blue
6043,2,Green
6043,4,Red
6043,6,Brown
6043,7,Light_Gray
6043,8,Dark_Gray
6043,14,Yellow
6043,15,White
6043,19,Tan
6044,0,Black
6044,8,Dark_Gray
6044,14,Yellow
6044,15,White
6044725,0,Black
6044725,1,Blue
6044725,2,Green
6044725,4,Red
6044725,6,Brown
6044725,7,Light_Gray
6044725,8,Dark_Gray
6044725,14,Yellow
6044725,15,White
6044725,19,Tan
6044725,30,Medium_Lavender
6044725,70,Reddish_Brown
6044725,71,Light_Bluish_Gray
6044725,72,Dark_Bluish_Gray
6044725,272,Dark_Blue
6044725,308,Dark_Brown
6044725,320,Dark_Red
604547,0,Black
604547,321,Dark_Azure
604548,0,Black
604548,321,Dark_Azure
604549,0,Black
604549,321,Dark_Azure
604550,0,Black
604550,321,Dark_Azure
604551,0,Black
604551,321,Dark_Azure
604552,0,Black
604552,321,Dark_Azure
604553,0,Black
604553,321,Dark_Azure
6046,0,Black
6046,1,Blue
6046,2,Green
6046,4,Red
6046,6,Brown
6046,7,Light_Gray
6046,8,Dark_Gray
6046,12,Salmon
6046,14,Yellow
6046,15,White
6046,19,Tan
6046,72,Dark_Bluish_Gray
604614,0,Black
604614,321,Dark_Azure
604615,0,Black
604615,321,Dark_Azure
60470a,0,Black
60470a,2,Green
60470a,4,Red
60470a,14,Yellow
60470a,15,White
60470a,71,Light_Bluish_Gray
60470b,0,Black
60470b,2,Green
60470b,4,Red
60470b,14,Yellow
60470b,15,White
60470b,28,Dark_Tan
60470b,71,Light_Bluish_Gray
60470b,72,Dark_Bluish_Gray
60470b,191,Bright_Light_Orange
60470b,272,Dark_Blue
60470b,308,Dark_Brown
60470b,320,Dark_Red
60470b,322,Medium_Azure
60471,0,Black
60471,4,Red
60471,15,White
60471,25,Orange
60471,71,Light_Bluish_Gray
60474,0,Black
60474,1,Blue
60474,2,Green
60474,3,Dark_Turquoise
60474,4,Red
60474,5,Dark_Pink
60474,10,Bright_Green
60474,14,Yellow
60474,15,White
60474,19,Tan
60474,25,Orange
60474,26,Magenta
60474,28,Dark_Tan
60474,29,Bright_Pink
60474,30,Medium_Lavender
60474,71,Light_Bluish_Gray
60474,72,Dark_Bluish_Gray
60474,85,Dark_Purple
60474,191,Bright_Light_Orange
60474,212,Bright_Light_Blue
60474,272,Dark_Blue
60474,288,Dark_Green
60474,308,Dark_Brown
60474,320,Dark_Red
60474,322,Medium_Azure
60474,330,Olive_Green
60474,379,Sand_Blue
60475a,0,Black
60475a,14,Yellow
60475a,15,White
60475a,71,Light_Bluish_Gray
60475a,72,Dark_Bluish_Gray
60475a,73,Medium_Blue
60475a,288,Dark_Green
60475b,0,Black
60475b,1,Blue
60475b,4,Red
60475b,14,Yellow
60475b,15,White
60475b,19,Tan
60475b,27,Lime
60475b,29,Bright_Pink
60475b,70,Reddish_Brown
60475b,71,Light_Bluish_Gray
60475b,72,Dark_Bluish_Gray
60475b,73,Medium_Blue
60475b,191,Bright_Light_Orange
60475b,272,Dark_Blue
60475b,288,Dark_Green
60476,0,Black
60476,1,Blue
60476,4,Red
60476,14,Yellow
60476,15,White
60476,71,Light_Bluish_Gray
60476,212,Bright_Light_Blue
60477,0,Black
60477,1,Blue
60477,4,Red
60477,14,Yellow
60477,15,White
60477,19,Tan
60477,25,Orange
60477,70,Reddish_Brown
60477,71,Light_Bluish_Gray
60477,72,Dark_Bluish_Gray
60477,191,Bright_Light_Orange
60477,272,Dark_Blue
60477,308,Dark_Brown
60477,320,Dark_Red
60477,321,Dark_Azure
60477,322,Medium_Azure
60478,0,Black
60478,1,Blue
60478,3,Dark_Turquoise
60478,4,Red
60478,10,Bright_Green
60478,14,Yellow
60478,15,White
60478,19,Tan
60478,27,Lime
60478,28,Dark_Tan
60478,70,Reddish_Brown
60478,71,Light_Bluish_Gray
60478,72,Dark_Bluish_Gray
60478,191,Bright_Light_Orange
60478,212,Bright_Light_Blue
60478,226,Bright_Light_Yellow
60478,272,Dark_Blue
60478,288,Dark_Green
60478,321,Dark_Azure
60478,323,Light_Aqua
60478,378,Sand_Green
60478,379,Sand_Blue
60478,484,Dark_Orange
6047885,0,Black
6047885,71,Light_Bluish_Gray
60479,0,Black
60479,1,Blue
60479,3,Dark_Turquoise
60479,4,Red
60479,14,Yellow
60479,15,White
60479,19,Tan
60479,27,Lime
60479,28,Dark_Tan
60479,31,Lavender
60479,70,Reddish_Brown
60479,71,Light_Bluish_Gray
60479,72,Dark_Bluish_Gray
60479,226,Bright_Light_Yellow
60479,272,Dark_Blue
60479,308,Dark_Brown
60479,320,Dark_Red
60479,321,Dark_Azure
60479,322,Medium_Azure
60479,484,Dark_Orange
60481,0,Black
60481,1,Blue
60481,2,Green
60481,3,Dark_Turquoise
60481,4,Red
60481,5,Dark_Pink
60481,14,Yellow
60481,15,White
60481,19,Tan
60481,25,Orange
60481,26,Magenta
60481,27,Lime
60481,28,Dark_Tan
60481,30,Medium_Lavender
60481,31,Lavender
60481,70,Reddish_Brown
60481,71,Light_Bluish_Gray
60481,72,Dark_Bluish_Gray
60481,73,Medium_Blue
60481,85,Dark_Purple
60481,191,Bright_Light_Orange
60481,212,Bright_Light_Blue
60481,226,Bright_Light_Yellow
60481,272,Dark_Blue
60481,288,Dark_Green
60481,308,Dark_Brown
60481,320,Dark_Red
60481,321,Dark_Azure
60481,322,Medium_Azure
60481,323,Light_Aqua
60481,326,Yellowish_Green
60481,330,Olive_Green
60481,378,Sand_Green
60483,0,Black
60483,1,Blue
60483,2,Green
60483,3,Dark_Turquoise
60483,4,Red
60483,10,Bright_Green
60483,14,Yellow
60483,15,White
60483,25,Orange
60483,27,Lime
60483,28,Dark_Tan
60483,71,Light_Bluish_Gray
60483,72,Dark_Bluish_Gray
60483,73,Medium_Blue
60483,272,Dark_Blue
60483,321,Dark_Azure
60483,322,Medium_Azure
60483,330,Olive_Green
60484,0,Black
60484,3,Dark_Turquoise
60484,4,Red
60484,14,Yellow
60484,15,White
60484,25,Orange
60484,71,Light_Bluish_Gray
60484,72,Dark_Bluish_Gray
60484,191,Bright_Light_Orange
60485,14,Yellow
60485,71,Light_Bluish_Gray
604a,4,Red
604ac01,4,Red
604ac01,15,White
604bc01,4,Red
604bc01,14,Yellow
604bc01,15,White
6050,0,Black
6050,6,Brown
6050,8,Dark_Gray
6050,15,White
6051,0,Black
6051,1,Blue
6051,2,Green
6051,8,Dark_Gray
6051c05,6,Brown
6052,0,Black
6052,6,Brown
6052,8,Dark_Gray
6052,15,White
6052784,0,Black
6052784,1,Blue
6052784,2,Green
6052784,4,Red
6052784,6,Brown
6052784,7,Light_Gray
6052784,8,Dark_Gray
6052784,9,Light_Blue
6052784,13,Pink
6052784,14,Yellow
6052784,15,White
6052784,19,Tan
6052784,20,Light_Violet
6052784,25,Orange
6052784,70,Reddish_Brown
6052784,71,Light_Bluish_Gray
6052784,72,Dark_Bluish_Gray
6052784,272,Dark_Blue
6052784,288,Dark_Green
6052784,351,Medium_Dark_Pink
6052784,484,Dark_Orange
6052788,0,Black
6052788,1,Blue
6052788,2,Green
6052788,4,Red
6052788,6,Brown
6052788,7,Light_Gray
6052788,8,Dark_Gray
6052788,9,Light_Blue
6052788,13,Pink
6052788,14,Yellow
6052788,15,White
6052788,19,Tan
6052788,20,Light_Violet
6052788,25,Orange
6052788,70,Reddish_Brown
6052788,71,Light_Bluish_Gray
6052788,72,Dark_Bluish_Gray
6052788,272,Dark_Blue
6052788,288,Dark_Green
6052788,351,Medium_Dark_Pink
6052788,484,Dark_Orange
6053,0,Black
6053,1,Blue
6053,2,Green
6053,8,Dark_Gray
6054,6,Brown
6054,15,White
6055,0,Black
6055313,0,Black
6055313,1,Blue
6055313,2,Green
6055313,3,Dark_Turquoise
6055313,4,Red
6055313,10,Bright_Green
6055313,14,Yellow
6055313,15,White
6055313,19,Tan
6055313,25,Orange
6055313,27,Lime
6055313,28,Dark_Tan
6055313,70,Reddish_Brown
6055313,71,Light_Bluish_Gray
6055313,72,Dark_Bluish_Gray
6055313,320,Dark_Red
6056,0,Black
6056,1,Blue
6056,2,Green
6056,4,Red
6056,6,Brown
6056,7,Light_Gray
6056,8,Dark_Gray
6056,14,Yellow
6056,15,White
6056,19,Tan
6056,71,Light_Bluish_Gray
6056,72,Dark_Bluish_Gray
6057,0,Black
6057,6,Brown
6058,0,Black
6058,1,Blue
6058,2,Green
6058,4,Red
6058,6,Brown
6058,7,Light_Gray
6058,8,Dark_Gray
6058,14,Yellow
6058,15,White
6058,19,Tan
60581,0,Black
60581,1,Blue
60581,2,Green
60581,3,Dark_Turquoise
60581,4,Red
60581,14,Yellow
60581,15,White
60581,19,Tan
60581,25,Orange
60581,26,Magenta
60581,28,Dark_Tan
60581,29,Bright_Pink
60581,30,Medium_Lavender
60581,70,Reddish_Brown
60581,71,Light_Bluish_Gray
60581,72,Dark_Bluish_Gray
60581,191,Bright_Light_Orange
60581,226,Bright_Light_Yellow
60581,272,Dark_Blue
60581,288,Dark_Green
60581,321,Dark_Azure
60581,322,Medium_Azure
60581,379,Sand_Blue
60581,484,Dark_Orange
60583b,0,Black
60583b,2,Green
60583b,4,Red
60583b,14,Yellow
60583b,15,White
60583b,19,Tan
60583b,71,Light_Bluish_Gray
60583b,191,Bright_Light_Orange
60583b,272,Dark_Blue
6059,15,White
6059,27,Lime
6059,72,Dark_Bluish_Gray
6059,322,Medium_Azure
6059,326,Yellowish_Green
60592,0,Black
60592,1,Blue
60592,2,Green
60592,3,Dark_Turquoise
60592,4,Red
60592,5,Dark_Pink
60592,10,Bright_Green
60592,14,Yellow
60592,15,White
60592,19,Tan
60592,25,Orange
60592,26,Magenta
60592,31,Lavender
60592,70,Reddish_Brown
60592,71,Light_Bluish_Gray
60592,72,Dark_Bluish_Gray
60592,73,Medium_Blue
60592,85,Dark_Purple
60592,212,Bright_Light_Blue
60592,272,Dark_Blue
60592,288,Dark_Green
60592,308,Dark_Brown
60592,320,Dark_Red
60592,321,Dark_Azure
60592,322,Medium_Azure
60592,326,Yellowish_Green
60592,378,Sand_Green
60592,379,Sand_Blue
60593,0,Black
60593,2,Green
60593,3,Dark_Turquoise
60593,4,Red
60593,5,Dark_Pink
60593,15,White
60593,19,Tan
60593,28,Dark_Tan
60593,70,Reddish_Brown
60593,71,Light_Bluish_Gray
60593,72,Dark_Bluish_Gray
60593,85,Dark_Purple
60593,212,Bright_Light_Blue
60593,272,Dark_Blue
60593,288,Dark_Green
60593,308,Dark_Brown
60593,321,Dark_Azure
60593,322,Medium_Azure
60593,323,Light_Aqua
60593,378,Sand_Green
60593,379,Sand_Blue
60593,484,Dark_Orange
60594,0,Black
60594,1,Blue
60594,2,Green
60594,3,Dark_Turquoise
60594,4,Red
60594,14,Yellow
60594,15,White
60594,19,Tan
60594,26,Magenta
60594,27,Lime
60594,29,Bright_Pink
60594,31,Lavender
60594,70,Reddish_Brown
60594,71,Light_Bluish_Gray
60594,72,Dark_Bluish_Gray
60594,73,Medium_Blue
60594,272,Dark_Blue
60594,288,Dark_Green
60594,308,Dark_Brown
60594,322,Medium_Azure
60594,484,Dark_Orange
60596,0,Black
60596,1,Blue
60596,3,Dark_Turquoise
60596,4,Red
60596,14,Yellow
60596,15,White
60596,19,Tan
60596,26,Magenta
60596,27,Lime
60596,28,Dark_Tan
60596,29,Bright_Pink
60596,30,Medium_Lavender
60596,31,Lavender
60596,70,Reddish_Brown
60596,71,Light_Bluish_Gray
60596,72,Dark_Bluish_Gray
60596,85,Dark_Purple
60596,212,Bright_Light_Blue
60596,226,Bright_Light_Yellow
60596,288,Dark_Green
60596,308,Dark_Brown
60596,320,Dark_Red
60596,378,Sand_Green
60596,379,Sand_Blue
60596,484,Dark_Orange
60598,0,Black
60598,4,Red
60598,14,Yellow
60598,15,White
60598,71,Light_Bluish_Gray
60598,85,Dark_Purple
60598,288,Dark_Green
60599,0,Black
60599,1,Blue
60599,4,Red
60599,15,White
60599,70,Reddish_Brown
60599,71,Light_Bluish_Gray
60599,85,Dark_Purple
60599,320,Dark_Red
606,7,Light_Gray
6060,0,Black
6060,1,Blue
6060,2,Green
6060,3,Dark_Turquoise
6060,4,Red
6060,5,Dark_Pink
6060,6,Brown
6060,7,Light_Gray
6060,8,Dark_Gray
6060,14,Yellow
6060,15,White
6060,19,Tan
6060,70,Reddish_Brown
6060,71,Light_Bluish_Gray
6060,72,Dark_Bluish_Gray
6060,191,Bright_Light_Orange
6060,212,Bright_Light_Blue
6060,226,Bright_Light_Yellow
6060,272,Dark_Blue
6060,308,Dark_Brown
6060,320,Dark_Red
6060,322,Medium_Azure
6060,323,Light_Aqua
60601,1,Blue
60601,15,White
60601,19,Tan
60601,27,Lime
60601,71,Light_Bluish_Gray
60601,272,Dark_Blue
60601,288,Dark_Green
60601,308,Dark_Brown
60602,0,Black
60602,71,Light_Bluish_Gray
60602,308,Dark_Brown
60603,0,Black
60603,71,Light_Bluish_Gray
60603,378,Sand_Green
60607,0,Black
60607,15,White
60607,19,Tan
60607,70,Reddish_Brown
60607,72,Dark_Bluish_Gray
60607,73,Medium_Blue
60608,0,Black
60608,2,Green
60608,14,Yellow
60608,15,White
60608,73,Medium_Blue
60608,272,Dark_Blue
6061,0,Black
6061,4,Red
6061,7,Light_Gray
6061,14,Yellow
6061,15,White
6061039,0,Black
6061039,71,Light_Bluish_Gray
60614,2,Green
60614,15,White
60614,28,Dark_Tan
60614,30,Medium_Lavender
60614,72,Dark_Bluish_Gray
60614,326,Yellowish_Green
60616a,15,White
60616a,71,Light_Bluish_Gray
60616b,0,Black
60616b,1,Blue
60616b,3,Dark_Turquoise
60616b,15,White
60616b,19,Tan
60616b,26,Magenta
60616b,27,Lime
60616b,28,Dark_Tan
60616b,31,Lavender
60616b,70,Reddish_Brown
60616b,71,Light_Bluish_Gray
60616b,85,Dark_Purple
60616b,308,Dark_Brown
60616b,378,Sand_Green
60621,0,Black
60621,71,Light_Bluish_Gray
60621,308,Dark_Brown
60623,0,Black
60623,1,Blue
60623,2,Green
60623,3,Dark_Turquoise
60623,4,Red
60623,14,Yellow
60623,15,White
60623,25,Orange
60623,70,Reddish_Brown
60623,73,Medium_Blue
60623,85,Dark_Purple
60623,212,Bright_Light_Blue
60623,226,Bright_Light_Yellow
60623,272,Dark_Blue
60623,288,Dark_Green
60623,320,Dark_Red
60623,322,Medium_Azure
60623,379,Sand_Blue
6063,0,Black
6063,7,Light_Gray
6063,14,Yellow
6063,15,White
6063,71,Light_Bluish_Gray
6063,72,Dark_Bluish_Gray
6063,321,Dark_Azure
6064,1,Blue
6064,2,Green
6064,4,Red
6064,14,Yellow
6064,19,Tan
6064,27,Lime
6064,28,Dark_Tan
6064,31,Lavender
6064,70,Reddish_Brown
6064,191,Bright_Light_Orange
6064,288,Dark_Green
60640,28,Dark_Tan
60640,378,Sand_Green
60641,28,Dark_Tan
60641,378,Sand_Green
6065,2,Green
6065,4,Red
6065,14,Yellow
60657,15,White
60657,71,Light_Bluish_Gray
60657,72,Dark_Bluish_Gray
60658,15,White
60658,71,Light_Bluish_Gray
60658,72,Dark_Bluish_Gray
60659,71,Light_Bluish_Gray
60659,308,Dark_Brown
6066,0,Black
6066,1,Blue
6066,2,Green
6066,3,Dark_Turquoise
6066,4,Red
6066,6,Brown
6066,7,Light_Gray
6066,8,Dark_Gray
6066,14,Yellow
6066,15,White
6066,19,Tan
6066,29,Bright_Pink
6066,70,Reddish_Brown
6066,71,Light_Bluish_Gray
6066,72,Dark_Bluish_Gray
6066,85,Dark_Purple
6066,212,Bright_Light_Blue
6066,272,Dark_Blue
6066,308,Dark_Brown
6066,320,Dark_Red
6066,321,Dark_Azure
6066,351,Medium_Dark_Pink
6067,0,Black
60672c01,378,Sand_Green
60672c02,28,Dark_Tan
60673c01,378,Sand_Green
60673c02,28,Dark_Tan
6069,0,Black
6069,1,Blue
6069,2,Green
6069,4,Red
6069,6,Brown
6069,7,Light_Gray
6069,8,Dark_Gray
6069,14,Yellow
6069,15,White
6069,19,Tan
6069,272,Dark_Blue
607,7,Light_Gray
6070,0,Black
6070,1,Blue
6070,2,Green
6070,4,Red
6070,14,Yellow
6070,15,White
6070,25,Orange
6070,26,Magenta
6070,27,Lime
6070,70,Reddish_Brown
6070,71,Light_Bluish_Gray
6070,72,Dark_Bluish_Gray
6070,85,Dark_Purple
6070,191,Bright_Light_Orange
6070,272,Dark_Blue
6070,320,Dark_Red
60700,0,Black
60700,15,White
6072,0,Black
6072,1,Blue
6072,2,Green
6072,4,Red
6072,6,Brown
6072,7,Light_Gray
6072,8,Dark_Gray
6072,14,Yellow
6072,15,White
6072,19,Tan
60747,71,Light_Bluish_Gray
60748,70,Reddish_Brown
60748,71,Light_Bluish_Gray
60749,308,Dark_Brown
6075,0,Black
6075,1,Blue
6075,4,Red
6075,14,Yellow
6075,15,White
6075,25,Orange
6075,26,Magenta
6075,27,Lime
6075,191,Bright_Light_Orange
60750,0,Black
60750,484,Dark_Orange
60751,0,Black
60751,70,Reddish_Brown
60752,28,Dark_Tan
60778,4,Red
60778,14,Yellow
60778,15,White
60778,71,Light_Bluish_Gray
6078,0,Black
6078,1,Blue
6078,2,Green
6078,4,Red
6078,6,Brown
6078,7,Light_Gray
6078,8,Dark_Gray
6078,13,Pink
6078,14,Yellow
6078,15,White
6078,19,Tan
6078,77,Light_Pink
6079,0,Black
6079,1,Blue
6079,2,Green
6079,4,Red
6079,6,Brown
6079,7,Light_Gray
6079,8,Dark_Gray
6079,14,Yellow
6079,15,White
6079,19,Tan
6079,70,Reddish_Brown
6079,77,Light_Pink
60797c01,4,Red
60797c01,72,Dark_Bluish_Gray
60797c02,0,Black
60797c03,308,Dark_Brown
60797c04,0,Black
608,2,Green
60800a,1,Blue
60800a,2,Green
60800a,3,Dark_Turquoise
60800a,5,Dark_Pink
60800a,15,White
60800a,26,Magenta
60800a,28,Dark_Tan
60800a,70,Reddish_Brown
60800a,72,Dark_Bluish_Gray
60800a,73,Medium_Blue
60800a,226,Bright_Light_Yellow
60800a,484,Dark_Orange
60800b,2,Green
60800b,72,Dark_Bluish_Gray
60803,0,Black
60803,1,Blue
60803,15,White
60803,19,Tan
60803,30,Medium_Lavender
60803,71,Light_Bluish_Gray
60803,72,Dark_Bluish_Gray
60803,226,Bright_Light_Yellow
60803,326,Yellowish_Green
60803,379,Sand_Blue
60806,0,Black
60806,15,White
60808,0,Black
60808,1,Blue
60808,15,White
60808,19,Tan
60808,29,Bright_Pink
60808,31,Lavender
60808,71,Light_Bluish_Gray
60808,72,Dark_Bluish_Gray
60808,73,Medium_Blue
60808,212,Bright_Light_Blue
60808,226,Bright_Light_Yellow
60808,326,Yellowish_Green
60808,378,Sand_Green
6081,0,Black
6081,1,Blue
6081,2,Green
6081,3,Dark_Turquoise
6081,4,Red
6081,5,Dark_Pink
6081,6,Brown
6081,7,Light_Gray
6081,8,Dark_Gray
6081,14,Yellow
6081,15,White
6081,19,Tan
6081,25,Orange
6081,26,Magenta
6081,28,Dark_Tan
6081,30,Medium_Lavender
6081,71,Light_Bluish_Gray
6081,72,Dark_Bluish_Gray
6081,73,Medium_Blue
6081,85,Dark_Purple
6081,110,Violet
6081,191,Bright_Light_Orange
6081,272,Dark_Blue
6081,288,Dark_Green
6081,320,Dark_Red
6081,322,Medium_Azure
6081,323,Light_Aqua
6081,378,Sand_Green
6081,379,Sand_Blue
6082,1,Blue
6082,2,Green
6082,7,Light_Gray
6082,8,Dark_Gray
6082,15,White
6082,28,Dark_Tan
6082,70,Reddish_Brown
6082,71,Light_Bluish_Gray
6082,72,Dark_Bluish_Gray
6083,0,Black
6083,1,Blue
6083,2,Green
6083,7,Light_Gray
6083,8,Dark_Gray
6083,14,Yellow
6083,15,White
6083,19,Tan
6083,70,Reddish_Brown
6083,71,Light_Bluish_Gray
6083,72,Dark_Bluish_Gray
60849,0,Black
60849,14,Yellow
60849,15,White
60849,71,Light_Bluish_Gray
6085,0,Black
6086,0,Black
6086,4,Red
6086,320,Dark_Red
6087,0,Black
6087,1,Blue
6087,2,Green
6087,4,Red
6087,6,Brown
6087,7,Light_Gray
6087,8,Dark_Gray
6087,14,Yellow
6087,15,White
6087,19,Tan
6087,71,Light_Bluish_Gray
6088,15,White
6089,0,Black
6089,8,Dark_Gray
60896,0,Black
60896,15,White
60896,19,Tan
60896,25,Orange
60896,27,Lime
60896,72,Dark_Bluish_Gray
60896,73,Medium_Blue
60896,272,Dark_Blue
60896,288,Dark_Green
60896,320,Dark_Red
60897,0,Black
60897,1,Blue
60897,3,Dark_Turquoise
60897,4,Red
60897,5,Dark_Pink
60897,10,Bright_Green
60897,14,Yellow
60897,15,White
60897,19,Tan
60897,25,Orange
60897,27,Lime
60897,30,Medium_Lavender
60897,70,Reddish_Brown
60897,71,Light_Bluish_Gray
60897,72,Dark_Bluish_Gray
60897,73,Medium_Blue
60897,85,Dark_Purple
60897,191,Bright_Light_Orange
60897,320,Dark_Red
60897,321,Dark_Azure
60897,322,Medium_Azure
60897,484,Dark_Orange
609,7,Light_Gray
6090,0,Black
6090,1,Blue
6090,4,Red
6090,14,Yellow
6090,15,White
60900,0,Black
60900,15,White
60900,72,Dark_Bluish_Gray
60900,73,Medium_Blue
60900,272,Dark_Blue
60900,320,Dark_Red
60902,0,Black
60902,72,Dark_Bluish_Gray
60902,191,Bright_Light_Orange
60902,320,Dark_Red
6091,0,Black
6091,1,Blue
6091,2,Green
6091,3,Dark_Turquoise
6091,4,Red
6091,5,Dark_Pink
6091,6,Brown
6091,7,Light_Gray
6091,8,Dark_Gray
6091,10,Bright_Green
6091,13,Pink
6091,14,Yellow
6091,15,White
6091,19,Tan
6091,25,Orange
6091,26,Magenta
6091,27,Lime
6091,28,Dark_Tan
6091,29,Bright_Pink
6091,30,Medium_Lavender
6091,31,Lavender
6091,70,Reddish_Brown
6091,71,Light_Bluish_Gray
6091,72,Dark_Bluish_Gray
6091,73,Medium_Blue
6091,77,Light_Pink
6091,85,Dark_Purple
6091,191,Bright_Light_Orange
6091,212,Bright_Light_Blue
6091,226,Bright_Light_Yellow
6091,272,Dark_Blue
6091,288,Dark_Green
6091,320,Dark_Red
6091,321,Dark_Azure
6091,322,Medium_Azure
6091,323,Light_Aqua
6091,326,Yellowish_Green
6091,378,Sand_Green
6091,379,Sand_Blue
6091,484,Dark_Orange
60917,25,Orange
60917,72,Dark_Bluish_Gray
60918,0,Black
6093,0,Black
6093,1,Blue
6093,4,Red
6093,6,Brown
6093,19,Tan
6093,25,Orange
6093,70,Reddish_Brown
6093,71,Light_Bluish_Gray
6098,1,Blue
6098,2,Green
6098,6,Brown
6098,7,Light_Gray
6098,10,Bright_Green
6098,14,Yellow
6098,15,White
6098,17,Light_Green
6098,19,Tan
6098,25,Orange
6098,71,Light_Bluish_Gray
6098,72,Dark_Bluish_Gray
6098,74,Medium_Green
6098,212,Bright_Light_Blue
6104,0,Black
6104,1,Blue
6104,2,Green
6104,4,Red
6104,7,Light_Gray
6104,14,Yellow
6104,15,White
6104,19,Tan
6104,72,Dark_Bluish_Gray
6104,484,Dark_Orange
6105,6,Brown
6105,15,White
6105,70,Reddish_Brown
61054,0,Black
61054,4,Red
61054,27,Lime
61054,72,Dark_Bluish_Gray
61054,73,Medium_Blue
61054,191,Bright_Light_Orange
61054,272,Dark_Blue
61054,320,Dark_Red
6106,0,Black
6106,1,Blue
6106,2,Green
6106,3,Dark_Turquoise
6106,4,Red
6106,6,Brown
6106,7,Light_Gray
6106,8,Dark_Gray
6106,10,Bright_Green
6106,14,Yellow
6106,15,White
6106,19,Tan
6106,25,Orange
6106,28,Dark_Tan
6106,31,Lavender
6106,70,Reddish_Brown
6106,71,Light_Bluish_Gray
6106,72,Dark_Bluish_Gray
6106,272,Dark_Blue
6106,288,Dark_Green
6106,320,Dark_Red
6106,321,Dark_Azure
6106,322,Medium_Azure
6106,330,Olive_Green
6106,378,Sand_Green
6106,379,Sand_Blue
61068,0,Black
61068,1,Blue
61068,4,Red
61068,14,Yellow
61068,15,White
61068,27,Lime
61068,70,Reddish_Brown
61068,71,Light_Bluish_Gray
61068,288,Dark_Green
61069,1,Blue
61069,14,Yellow
61069,15,White
61069,71,Light_Bluish_Gray
61069,72,Dark_Bluish_Gray
61069,85,Dark_Purple
61069,151,Very_Light_Bluish_Gray
61069,272,Dark_Blue
61069,379,Sand_Blue
6107,0,Black
6107,7,Light_Gray
61070,0,Black
61070,1,Blue
61070,4,Red
61070,14,Yellow
61070,15,White
61070,27,Lime
61070,151,Very_Light_Bluish_Gray
61070,272,Dark_Blue
61071,0,Black
61071,1,Blue
61071,4,Red
61071,14,Yellow
61071,15,White
61071,27,Lime
61071,151,Very_Light_Bluish_Gray
61071,272,Dark_Blue
61072,0,Black
61073,0,Black
61073,1,Blue
61073,15,White
6108,0,Black
6108,1,Blue
6108,2,Green
6108,4,Red
6108,6,Brown
6108,7,Light_Gray
6108,8,Dark_Gray
6108,14,Yellow
6108,15,White
6108,19,Tan
6108,30,Medium_Lavender
6108,70,Reddish_Brown
6108,71,Light_Bluish_Gray
6108,73,Medium_Blue
6108,120,Light_Lime
61100,71,Light_Bluish_Gray
6111,0,Black
6111,1,Blue
6111,2,Green
6111,4,Red
6111,6,Brown
6111,7,Light_Gray
6111,8,Dark_Gray
6111,14,Yellow
6111,15,White
6111,18,Light_Yellow
6111,19,Tan
6111,25,Orange
6111,27,Lime
6111,29,Bright_Pink
6111,70,Reddish_Brown
6111,71,Light_Bluish_Gray
6111,72,Dark_Bluish_Gray
6111,73,Medium_Blue
6111,85,Dark_Purple
6111,89,Blue_Violet
6111,125,Light_Orange
6111,226,Bright_Light_Yellow
6111,272,Dark_Blue
6111,313,Maersk_Blue
6111,320,Dark_Red
6111,351,Medium_Dark_Pink
6111,378,Sand_Green
6111,379,Sand_Blue
6111,484,Dark_Orange
6112,0,Black
6112,1,Blue
6112,2,Green
6112,3,Dark_Turquoise
6112,4,Red
6112,6,Brown
6112,7,Light_Gray
6112,8,Dark_Gray
6112,13,Pink
6112,14,Yellow
6112,15,White
6112,18,Light_Yellow
6112,19,Tan
6112,25,Orange
6112,26,Magenta
6112,30,Medium_Lavender
6112,31,Lavender
6112,70,Reddish_Brown
6112,71,Light_Bluish_Gray
6112,72,Dark_Bluish_Gray
6112,73,Medium_Blue
6112,85,Dark_Purple
6112,191,Bright_Light_Orange
6112,288,Dark_Green
6112,308,Dark_Brown
6112,351,Medium_Dark_Pink
6116,0,Black
6116,1,Blue
6116,2,Green
6116,3,Dark_Turquoise
6116,4,Red
6116,5,Dark_Pink
6116,6,Brown
6116,7,Light_Gray
6116,8,Dark_Gray
6116,10,Bright_Green
6116,14,Yellow
6116,15,White
6116,19,Tan
6116,25,Orange
6116,26,Magenta
6116,27,Lime
6116,28,Dark_Tan
6116,29,Bright_Pink
6116,30,Medium_Lavender
6116,31,Lavender
6116,70,Reddish_Brown
6116,71,Light_Bluish_Gray
6116,72,Dark_Bluish_Gray
6116,73,Medium_Blue
6116,85,Dark_Purple
6116,212,Bright_Light_Blue
6116,226,Bright_Light_Yellow
6116,272,Dark_Blue
6116,288,Dark_Green
6116,308,Dark_Brown
6116,320,Dark_Red
6116,321,Dark_Azure
6116,322,Medium_Azure
6116,323,Light_Aqua
6116,326,Yellowish_Green
6116,378,Sand_Green
6116,379,Sand_Blue
6117,7,Light_Gray
6117,8,Dark_Gray
6117,71,Light_Bluish_Gray
6117,72,Dark_Bluish_Gray
6118,0,Black
6118,1,Blue
6118,4,Red
6118,7,Light_Gray
6118,15,White
6118,25,Orange
6118,320,Dark_Red
61182,15,White
61183,0,Black
61183,1,Blue
61183,2,Green
61183,10,Bright_Green
61183,19,Tan
61183,70,Reddish_Brown
61183,72,Dark_Bluish_Gray
61183,308,Dark_Brown
61184,4,Red
61184,71,Light_Bluish_Gray
6119,0,Black
6119,2,Green
6119,4,Red
61190a,0,Black
61190a,72,Dark_Bluish_Gray
61190b,0,Black
61190b,72,Dark_Bluish_Gray
61190c,0,Black
61190c,1,Blue
61190c,25,Orange
61190c,72,Dark_Bluish_Gray
61190c,320,Dark_Red
61190f,0,Black
61190f,72,Dark_Bluish_Gray
61193,72,Dark_Bluish_Gray
61196,484,Dark_Orange
61199,71,Light_Bluish_Gray
6120,1,Blue
6120,2,Green
6120,7,Light_Gray
6120,8,Dark_Gray
6120,15,White
6120,72,Dark_Bluish_Gray
6121,4,Red
6122,0,Black
6122,1,Blue
6122,4,Red
6123,0,Black
6123,8,Dark_Gray
6123,14,Yellow
6123,71,Light_Bluish_Gray
6123,72,Dark_Bluish_Gray
6123,85,Dark_Purple
6124,0,Black
6124,4,Red
6124,5,Dark_Pink
6124,19,Tan
6124,26,Magenta
6125,0,Black
6125,4,Red
6125,8,Dark_Gray
6125,14,Yellow
6125,15,White
6125,378,Sand_Green
61252,0,Black
61252,1,Blue
61252,2,Green
61252,4,Red
61252,10,Bright_Green
61252,14,Yellow
61252,15,White
61252,19,Tan
61252,25,Orange
61252,27,Lime
61252,29,Bright_Pink
61252,30,Medium_Lavender
61252,70,Reddish_Brown
61252,71,Light_Bluish_Gray
61252,72,Dark_Bluish_Gray
61252,85,Dark_Purple
61252,191,Bright_Light_Orange
61252,272,Dark_Blue
61252,288,Dark_Green
61252,308,Dark_Brown
61252,320,Dark_Red
61252,321,Dark_Azure
61252,322,Medium_Azure
61252,378,Sand_Green
61252,484,Dark_Orange
61254,0,Black
6127,0,Black
6127,2,Green
6127,8,Dark_Gray
6127,25,Orange
6127,378,Sand_Green
6127,379,Sand_Blue
6127,484,Dark_Orange
6128,0,Black
6128,2,Green
6128,8,Dark_Gray
6128,25,Orange
6128,378,Sand_Green
6128,379,Sand_Blue
6128,484,Dark_Orange
61287,4,Red
61287,28,Dark_Tan
61287,71,Light_Bluish_Gray
6131,0,Black
6131,1,Blue
6131,2,Green
6131,22,Purple
6131,28,Dark_Tan
6131,69,Light_Purple
6131,70,Reddish_Brown
6131,72,Dark_Bluish_Gray
6131,288,Dark_Green
6131,308,Dark_Brown
6131,351,Medium_Dark_Pink
6131,379,Sand_Blue
6132,0,Black
6132,7,Light_Gray
6132,15,White
6132,19,Tan
6132,71,Light_Bluish_Gray
6133,0,Black
6133,2,Green
6133,4,Red
6133,8,Dark_Gray
6133,15,White
6133,72,Dark_Bluish_Gray
6133,272,Dark_Blue
6133,288,Dark_Green
6134,0,Black
6134,1,Blue
6134,2,Green
6134,3,Dark_Turquoise
6134,4,Red
6134,6,Brown
6134,7,Light_Gray
6134,8,Dark_Gray
6134,10,Bright_Green
6134,14,Yellow
6134,15,White
6134,19,Tan
6134,30,Medium_Lavender
6134,70,Reddish_Brown
6134,71,Light_Bluish_Gray
6134,72,Dark_Bluish_Gray
6134,73,Medium_Blue
6134,85,Dark_Purple
6134,115,Medium_Lime
6134,212,Bright_Light_Blue
6134,320,Dark_Red
6134,321,Dark_Azure
61345,0,Black
61345,1,Blue
61345,4,Red
61345,14,Yellow
61345,15,White
61345,25,Orange
61345,27,Lime
61345,71,Light_Bluish_Gray
61345,191,Bright_Light_Orange
61345,272,Dark_Blue
6135,0,Black
6135,7,Light_Gray
6135,70,Reddish_Brown
6135,71,Light_Bluish_Gray
6140,0,Black
6140,1,Blue
6140,2,Green
6140,4,Red
6140,6,Brown
6140,7,Light_Gray
6140,8,Dark_Gray
6140,14,Yellow
6140,15,White
6140,19,Tan
6140,25,Orange
6140,70,Reddish_Brown
6140,71,Light_Bluish_Gray
6140,72,Dark_Bluish_Gray
61403,4,Red
61403,71,Light_Bluish_Gray
61403,72,Dark_Bluish_Gray
61409,0,Black
61409,1,Blue
61409,4,Red
61409,5,Dark_Pink
61409,10,Bright_Green
61409,14,Yellow
61409,15,White
61409,19,Tan
61409,25,Orange
61409,27,Lime
61409,28,Dark_Tan
61409,70,Reddish_Brown
61409,71,Light_Bluish_Gray
61409,72,Dark_Bluish_Gray
61409,191,Bright_Light_Orange
61409,212,Bright_Light_Blue
61409,272,Dark_Blue
61409,288,Dark_Green
61409,308,Dark_Brown
61409,320,Dark_Red
61409,321,Dark_Azure
61409,330,Olive_Green
61409,378,Sand_Green
61409,484,Dark_Orange
61409b,0,Black
61409b,1,Blue
61409b,4,Red
61409b,5,Dark_Pink
61409b,10,Bright_Green
61409b,14,Yellow
61409b,15,White
61409b,19,Tan
61409b,25,Orange
61409b,27,Lime
61409b,28,Dark_Tan
61409b,70,Reddish_Brown
61409b,71,Light_Bluish_Gray
61409b,72,Dark_Bluish_Gray
61409b,191,Bright_Light_Orange
61409b,212,Bright_Light_Blue
61409b,272,Dark_Blue
61409b,288,Dark_Green
61409b,308,Dark_Brown
61409b,320,Dark_Red
61409b,321,Dark_Azure
61409b,330,Olive_Green
61409b,378,Sand_Green
61409b,484,Dark_Orange
6141,0,Black
6141,1,Blue
6141,2,Green
6141,3,Dark_Turquoise
6141,4,Red
6141,5,Dark_Pink
6141,6,Brown
6141,7,Light_Gray
6141,8,Dark_Gray
6141,10,Bright_Green
6141,14,Yellow
6141,15,White
6141,19,Tan
6141,25,Orange
6141,26,Magenta
6141,27,Lime
6141,28,Dark_Tan
6141,29,Bright_Pink
6141,30,Medium_Lavender
6141,31,Lavender
6141,70,Reddish_Brown
6141,71,Light_Bluish_Gray
6141,72,Dark_Bluish_Gray
6141,73,Medium_Blue
6141,85,Dark_Purple
6141,191,Bright_Light_Orange
6141,226,Bright_Light_Yellow
6141,272,Dark_Blue
6141,308,Dark_Brown
6141,320,Dark_Red
6141,322,Medium_Azure
6141,323,Light_Aqua
6141,326,Yellowish_Green
6141,330,Olive_Green
6141,351,Medium_Dark_Pink
6141,378,Sand_Green
6141,379,Sand_Blue
6141,484,Dark_Orange
6143,0,Black
6143,1,Blue
6143,2,Green
6143,3,Dark_Turquoise
6143,4,Red
6143,5,Dark_Pink
6143,6,Brown
6143,7,Light_Gray
6143,8,Dark_Gray
6143,10,Bright_Green
6143,14,Yellow
6143,15,White
6143,19,Tan
6143,25,Orange
6143,26,Magenta
6143,27,Lime
6143,28,Dark_Tan
6143,29,Bright_Pink
6143,30,Medium_Lavender
6143,31,Lavender
6143,70,Reddish_Brown
6143,71,Light_Bluish_Gray
6143,72,Dark_Bluish_Gray
6143,73,Medium_Blue
6143,85,Dark_Purple
6143,212,Bright_Light_Blue
6143,226,Bright_Light_Yellow
6143,272,Dark_Blue
6143,288,Dark_Green
6143,308,Dark_Brown
6143,320,Dark_Red
6143,321,Dark_Azure
6143,322,Medium_Azure
6143,323,Light_Aqua
6143,326,Yellowish_Green
6143,378,Sand_Green
6143,379,Sand_Blue
6148,0,Black
6148,2,Green
6148,27,Lime
6148,288,Dark_Green
6148,378,Sand_Green
61480,0,Black
61480,71,Light_Bluish_Gray
61481,0,Black
61482,0,Black
61482,15,White
61482,71,Light_Bluish_Gray
61482,72,Dark_Bluish_Gray
61482,378,Sand_Green
61483,0,Black
61483,71,Light_Bluish_Gray
61484,0,Black
61484,2,Green
61484,4,Red
61484,14,Yellow
61484,15,White
61484,29,Bright_Pink
61484,85,Dark_Purple
61484,272,Dark_Blue
61484,321,Dark_Azure
61485,0,Black
61485,14,Yellow
61485,15,White
61485,30,Medium_Lavender
61485,71,Light_Bluish_Gray
61485,212,Bright_Light_Blue
61487,0,Black
61487,2,Green
61487,15,White
61487,25,Orange
61487,71,Light_Bluish_Gray
61487,85,Dark_Purple
61487,151,Very_Light_Bluish_Gray
61506,0,Black
61506,19,Tan
61506,28,Dark_Tan
61506,70,Reddish_Brown
61506,71,Light_Bluish_Gray
61506,85,Dark_Purple
61506,308,Dark_Brown
61510,71,Light_Bluish_Gray
6152,0,Black
6152,1,Blue
6152,2,Green
6152,4,Red
6152,6,Brown
6152,14,Yellow
6152,15,White
6152,19,Tan
6153,0,Black
6153,1,Blue
6153,2,Green
6153,4,Red
6153,7,Light_Gray
6153,15,White
6153,351,Medium_Dark_Pink
6153,379,Sand_Blue
6153b,0,Black
6153b,1,Blue
6153b,4,Red
6153b,5,Dark_Pink
6153b,14,Yellow
6153b,15,White
6153b,25,Orange
6153b,27,Lime
6153b,71,Light_Bluish_Gray
6153b,191,Bright_Light_Orange
6153b,272,Dark_Blue
6153b,321,Dark_Azure
6153b,322,Medium_Azure
6154,0,Black
6154,1,Blue
6154,4,Red
6154,15,White
6154,19,Tan
6154,25,Orange
6155,4,Red
6155,7,Light_Gray
6155,15,White
6155,71,Light_Bluish_Gray
6155,72,Dark_Bluish_Gray
6156,1,Blue
6156,15,White
6157,0,Black
6157,1,Blue
6157,4,Red
6157,7,Light_Gray
6157,8,Dark_Gray
6157,15,White
6157,30,Medium_Lavender
6157,71,Light_Bluish_Gray
6157,72,Dark_Bluish_Gray
6157,322,Medium_Azure
6158,0,Black
6158,8,Dark_Gray
6158,14,Yellow
6158,72,Dark_Bluish_Gray
6160a,0,Black
6160a,1,Blue
6160a,4,Red
6160a,7,Light_Gray
6160a,15,White
6160a,71,Light_Bluish_Gray
6160c01,0,Black
6160c01,1,Blue
6160c01,4,Red
6160c01,7,Light_Gray
6160c01,15,White
6160c01,71,Light_Bluish_Gray
6160c02,0,Black
6160c03,0,Black
6160c03,1,Blue
6160c04,0,Black
6160c04,7,Light_Gray
6161,2,Green
6161,18,Light_Yellow
6161,20,Light_Violet
6161,74,Medium_Green
6161,125,Light_Orange
6162,1,Blue
6162,2,Green
6162,5,Dark_Pink
6162,10,Bright_Green
6162,14,Yellow
6162,15,White
6162,18,Light_Yellow
6162,20,Light_Violet
6162,74,Medium_Green
6162,125,Light_Orange
6162,212,Bright_Light_Blue
6162,226,Bright_Light_Yellow
6165,15,White
6165,29,Bright_Pink
6165,351,Medium_Dark_Pink
6166,2,Green
6166,15,White
6166,351,Medium_Dark_Pink
61678,0,Black
61678,1,Blue
61678,2,Green
61678,4,Red
61678,14,Yellow
61678,15,White
61678,19,Tan
61678,25,Orange
61678,27,Lime
61678,70,Reddish_Brown
61678,71,Light_Bluish_Gray
61678,72,Dark_Bluish_Gray
61678,73,Medium_Blue
61678,151,Very_Light_Bluish_Gray
61678,191,Bright_Light_Orange
61678,272,Dark_Blue
61678,308,Dark_Brown
61678,320,Dark_Red
61678,323,Light_Aqua
61678,330,Olive_Green
61678,378,Sand_Green
61678,484,Dark_Orange
6169,18,Light_Yellow
6169,20,Light_Violet
6175,0,Black
6175,8,Dark_Gray
6175,15,White
6178,0,Black
6178,1,Blue
6178,2,Green
6178,4,Red
6178,5,Dark_Pink
6178,6,Brown
6178,7,Light_Gray
6178,8,Dark_Gray
6178,13,Pink
6178,14,Yellow
6178,15,White
6178,19,Tan
6178,20,Light_Violet
6178,22,Purple
6178,25,Orange
6178,70,Reddish_Brown
6178,71,Light_Bluish_Gray
6178,72,Dark_Bluish_Gray
6178,73,Medium_Blue
6178,115,Medium_Lime
6178,351,Medium_Dark_Pink
6178,462,Medium_Orange
61780,0,Black
61780,1,Blue
61780,2,Green
61780,4,Red
61780,15,White
61780,29,Bright_Pink
61780,70,Reddish_Brown
61780,72,Dark_Bluish_Gray
61780,191,Bright_Light_Orange
61780,212,Bright_Light_Blue
61780,272,Dark_Blue
61780,288,Dark_Green
6179,0,Black
6179,1,Blue
6179,2,Green
6179,3,Dark_Turquoise
6179,4,Red
6179,5,Dark_Pink
6179,6,Brown
6179,7,Light_Gray
6179,8,Dark_Gray
6179,13,Pink
6179,14,Yellow
6179,15,White
6179,19,Tan
6179,20,Light_Violet
6179,25,Orange
6179,26,Magenta
6179,28,Dark_Tan
6179,29,Bright_Pink
6179,30,Medium_Lavender
6179,70,Reddish_Brown
6179,71,Light_Bluish_Gray
6179,72,Dark_Bluish_Gray
6179,73,Medium_Blue
6179,100,Light_Salmon
6179,191,Bright_Light_Orange
6179,272,Dark_Blue
6179,288,Dark_Green
6179,320,Dark_Red
6179,322,Medium_Azure
6179,351,Medium_Dark_Pink
6180,0,Black
6180,1,Blue
6180,2,Green
6180,4,Red
6180,5,Dark_Pink
6180,6,Brown
6180,7,Light_Gray
6180,8,Dark_Gray
6180,10,Bright_Green
6180,13,Pink
6180,14,Yellow
6180,15,White
6180,18,Light_Yellow
6180,19,Tan
6180,20,Light_Violet
6180,22,Purple
6180,26,Magenta
6180,27,Lime
6180,28,Dark_Tan
6180,29,Bright_Pink
6180,70,Reddish_Brown
6180,71,Light_Bluish_Gray
6180,72,Dark_Bluish_Gray
6180,74,Medium_Green
6180,85,Dark_Purple
6180,272,Dark_Blue
6180,320,Dark_Red
6180,322,Medium_Azure
6180,351,Medium_Dark_Pink
6180,379,Sand_Blue
61800,0,Black
61800,1,Blue
61800,3,Dark_Turquoise
61800,4,Red
61800,14,Yellow
61800,15,White
61800,25,Orange
61800,73,Medium_Blue
61800,272,Dark_Blue
61800,320,Dark_Red
61800,321,Dark_Azure
61800,379,Sand_Blue
61800,484,Dark_Orange
61801,4,Red
61801,25,Orange
61805,4,Red
61805,14,Yellow
61805,19,Tan
61805,25,Orange
6181,1,Blue
6182,0,Black
6182,1,Blue
6182,2,Green
6182,4,Red
6182,5,Dark_Pink
6182,6,Brown
6182,7,Light_Gray
6182,8,Dark_Gray
6182,10,Bright_Green
6182,13,Pink
6182,14,Yellow
6182,15,White
6182,18,Light_Yellow
6182,19,Tan
6182,22,Purple
6182,31,Lavender
6182,70,Reddish_Brown
6182,71,Light_Bluish_Gray
6182,72,Dark_Bluish_Gray
6182,73,Medium_Blue
6182,74,Medium_Green
6182,118,Aqua
6182,191,Bright_Light_Orange
6182,226,Bright_Light_Yellow
6182,322,Medium_Azure
6182,323,Light_Aqua
6182,326,Yellowish_Green
6182,351,Medium_Dark_Pink
6182,462,Medium_Orange
6183,0,Black
6183,1,Blue
6183,2,Green
6183,3,Dark_Turquoise
6183,4,Red
6183,5,Dark_Pink
6183,6,Brown
6183,7,Light_Gray
6183,8,Dark_Gray
6183,13,Pink
6183,14,Yellow
6183,15,White
6183,18,Light_Yellow
6183,19,Tan
6183,20,Light_Violet
6183,26,Magenta
6183,27,Lime
6183,31,Lavender
6183,70,Reddish_Brown
6183,71,Light_Bluish_Gray
6183,85,Dark_Purple
6183,118,Aqua
6183,232,Sky_Blue
6183,326,Yellowish_Green
6183,379,Sand_Blue
6184,0,Black
6184,1,Blue
6184,2,Green
6184,4,Red
6184,6,Brown
6184,7,Light_Gray
6184,8,Dark_Gray
6184,13,Pink
6184,14,Yellow
6184,15,White
6184,18,Light_Yellow
6184,19,Tan
6184,351,Medium_Dark_Pink
6187,0,Black
6187,1,Blue
6187,2,Green
6187,4,Red
6187,5,Dark_Pink
6187,6,Brown
6187,7,Light_Gray
6187,8,Dark_Gray
6187,13,Pink
6187,14,Yellow
6187,15,White
6187,18,Light_Yellow
6187,19,Tan
6187,25,Orange
6187,26,Magenta
6187,71,Light_Bluish_Gray
6187,72,Dark_Bluish_Gray
6187,73,Medium_Blue
6187,226,Bright_Light_Yellow
6187,320,Dark_Red
6187,351,Medium_Dark_Pink
6187,378,Sand_Green
6188,0,Black
6188,1,Blue
6188,2,Green
6188,4,Red
6188,6,Brown
6188,7,Light_Gray
6188,8,Dark_Gray
6188,13,Pink
6188,14,Yellow
6188,15,White
6188,19,Tan
6188,25,Orange
6188,27,Lime
6188,29,Bright_Pink
6188,70,Reddish_Brown
6188,71,Light_Bluish_Gray
6188,72,Dark_Bluish_Gray
6188,85,Dark_Purple
6188,191,Bright_Light_Orange
6188,272,Dark_Blue
6188,320,Dark_Red
6188,335,Sand_Red
6188,351,Medium_Dark_Pink
6188,378,Sand_Green
6188,379,Sand_Blue
618843,0,Black
618843,1,Blue
618843,2,Green
618843,4,Red
618843,6,Brown
618843,7,Light_Gray
618843,8,Dark_Gray
618843,13,Pink
618843,14,Yellow
618843,15,White
618843,19,Tan
618843,25,Orange
618843,27,Lime
618843,29,Bright_Pink
618843,70,Reddish_Brown
618843,71,Light_Bluish_Gray
618843,72,Dark_Bluish_Gray
618843,85,Dark_Purple
618843,191,Bright_Light_Orange
618843,272,Dark_Blue
618843,320,Dark_Red
618843,335,Sand_Red
618843,351,Medium_Dark_Pink
618843,378,Sand_Green
618843,379,Sand_Blue
6190,0,Black
6190,1,Blue
6190,2,Green
6190,4,Red
6190,5,Dark_Pink
6190,8,Dark_Gray
6190,14,Yellow
6190,15,White
6190,27,Lime
6190,70,Reddish_Brown
6190,71,Light_Bluish_Gray
6190,72,Dark_Bluish_Gray
6190,74,Medium_Green
6190,191,Bright_Light_Orange
6190,322,Medium_Azure
61903,71,Light_Bluish_Gray
61904,0,Black
61904,72,Dark_Bluish_Gray
61905,72,Dark_Bluish_Gray
6191,0,Black
6191,1,Blue
6191,2,Green
6191,4,Red
6191,6,Brown
6191,7,Light_Gray
6191,8,Dark_Gray
6191,13,Pink
6191,14,Yellow
6191,15,White
6191,19,Tan
6191,25,Orange
6191,26,Magenta
6191,28,Dark_Tan
6191,29,Bright_Pink
6191,30,Medium_Lavender
6191,70,Reddish_Brown
6191,71,Light_Bluish_Gray
6191,85,Dark_Purple
6191,320,Dark_Red
6191,322,Medium_Azure
6191,351,Medium_Dark_Pink
6191,462,Medium_Orange
6192,0,Black
6192,3,Dark_Turquoise
6192,4,Red
6192,14,Yellow
6192,15,White
6192,19,Tan
6192,25,Orange
6192,27,Lime
6192,28,Dark_Tan
6192,71,Light_Bluish_Gray
6192,72,Dark_Bluish_Gray
6192,226,Bright_Light_Yellow
6192,272,Dark_Blue
6192,288,Dark_Green
6192,379,Sand_Blue
6195,1,Blue
6195,13,Pink
6195,14,Yellow
6195,15,White
6195,70,Reddish_Brown
6195,191,Bright_Light_Orange
6195,232,Sky_Blue
6195,351,Medium_Dark_Pink
6195,379,Sand_Blue
6196,1,Blue
6196,13,Pink
6196,14,Yellow
6196,15,White
6196,74,Medium_Green
6196,351,Medium_Dark_Pink
6197,13,Pink
6197,14,Yellow
6197,15,White
6197,20,Light_Violet
6197,27,Lime
6197,73,Medium_Blue
6197,351,Medium_Dark_Pink
6197,379,Sand_Blue
61975,0,Black
61975,4,Red
61975,5,Dark_Pink
61975,14,Yellow
61975,15,White
61975,70,Reddish_Brown
61975,72,Dark_Bluish_Gray
61976,0,Black
61976,5,Dark_Pink
61976,19,Tan
61976,70,Reddish_Brown
61976,85,Dark_Purple
61976,191,Bright_Light_Orange
61976,272,Dark_Blue
61976,378,Sand_Green
6198,1,Blue
6198,5,Dark_Pink
6198,13,Pink
6198,15,White
6198,74,Medium_Green
6198,212,Bright_Light_Blue
6198,351,Medium_Dark_Pink
6199,6,Brown
6199,12,Salmon
6199,13,Pink
6199,18,Light_Yellow
6199,351,Medium_Dark_Pink
62,0,Black
62,4,Red
62,7,Light_Gray
62,14,Yellow
62,15,White
6200,73,Medium_Blue
6200,351,Medium_Dark_Pink
6205,0,Black
6205,1,Blue
6205,2,Green
6205,4,Red
6205,5,Dark_Pink
6205,6,Brown
6205,7,Light_Gray
6205,8,Dark_Gray
6205,13,Pink
6205,14,Yellow
6205,15,White
6205,19,Tan
6205,30,Medium_Lavender
6205,71,Light_Bluish_Gray
6205,72,Dark_Bluish_Gray
6205,484,Dark_Orange
6206,0,Black
6206,1,Blue
6206,2,Green
6206,4,Red
6206,14,Yellow
6206,15,White
6206,351,Medium_Dark_Pink
6208,0,Black
6208,1,Blue
6208,2,Green
6208,4,Red
6208,6,Brown
6208,7,Light_Gray
6208,8,Dark_Gray
6208,14,Yellow
6208,15,White
6208,19,Tan
6208,72,Dark_Bluish_Gray
6208,272,Dark_Blue
6208,378,Sand_Green
62113,0,Black
62113,15,White
62113,31,Lavender
62113,70,Reddish_Brown
62113,72,Dark_Bluish_Gray
62113,321,Dark_Azure
62113,322,Medium_Azure
6212,0,Black
6212,1,Blue
6212,2,Green
6212,4,Red
6212,7,Light_Gray
6212,8,Dark_Gray
6212,14,Yellow
6212,15,White
6212,19,Tan
6212,71,Light_Bluish_Gray
6212,72,Dark_Bluish_Gray
6212,320,Dark_Red
6213,0,Black
6213,1,Blue
6213,2,Green
6213,4,Red
6213,14,Yellow
6213,15,White
6214,2,Green
6214,4,Red
6215,0,Black
6215,1,Blue
6215,2,Green
6215,3,Dark_Turquoise
6215,4,Red
6215,5,Dark_Pink
6215,6,Brown
6215,7,Light_Gray
6215,8,Dark_Gray
6215,14,Yellow
6215,15,White
6215,19,Tan
6215,25,Orange
6215,27,Lime
6215,29,Bright_Pink
6215,30,Medium_Lavender
6215,31,Lavender
6215,70,Reddish_Brown
6215,71,Light_Bluish_Gray
6215,72,Dark_Bluish_Gray
6215,73,Medium_Blue
6215,85,Dark_Purple
6215,191,Bright_Light_Orange
6215,272,Dark_Blue
6215,320,Dark_Red
6215,322,Medium_Azure
6215,351,Medium_Dark_Pink
6216,0,Black
6216,1,Blue
6216,2,Green
6216,4,Red
6216,6,Brown
6216,7,Light_Gray
6216,8,Dark_Gray
6216,14,Yellow
6216,15,White
6216,19,Tan
6217,0,Black
6217,1,Blue
6217,4,Red
6217,14,Yellow
6217b,0,Black
6218,0,Black
6218,1,Blue
6218,2,Green
6218,4,Red
6218,6,Brown
6218,7,Light_Gray
6218,8,Dark_Gray
6218,14,Yellow
6218,15,White
6218,19,Tan
6218,31,Lavender
6218,70,Reddish_Brown
6218,71,Light_Bluish_Gray
6218,72,Dark_Bluish_Gray
6218,73,Medium_Blue
6218,191,Bright_Light_Orange
6218,308,Dark_Brown
6218,320,Dark_Red
6218,335,Sand_Red
6218,484,Dark_Orange
6219,0,Black
6219,7,Light_Gray
6219,8,Dark_Gray
6219,15,White
6219,19,Tan
6221,0,Black
6221,1,Blue
6221,3,Dark_Turquoise
6221,4,Red
6221,6,Brown
6221,7,Light_Gray
6221,14,Yellow
6221,15,White
6221,19,Tan
6221,22,Purple
6221,25,Orange
6221,71,Light_Bluish_Gray
6221,72,Dark_Bluish_Gray
6221,85,Dark_Purple
6221,320,Dark_Red
6221,378,Sand_Green
6222,0,Black
6222,1,Blue
6222,2,Green
6222,4,Red
6222,6,Brown
6222,7,Light_Gray
6222,8,Dark_Gray
6222,14,Yellow
6222,15,White
6222,19,Tan
6222,25,Orange
6222,27,Lime
6222,70,Reddish_Brown
6222,71,Light_Bluish_Gray
6222,72,Dark_Bluish_Gray
6222,85,Dark_Purple
6222,320,Dark_Red
6225,0,Black
6225,1,Blue
6225,2,Green
6225,3,Dark_Turquoise
6225,4,Red
6225,5,Dark_Pink
6225,6,Brown
6225,7,Light_Gray
6225,8,Dark_Gray
6225,10,Bright_Green
6225,13,Pink
6225,14,Yellow
6225,15,White
6225,18,Light_Yellow
6225,19,Tan
6225,22,Purple
6225,25,Orange
6225,26,Magenta
6225,27,Lime
6225,28,Dark_Tan
6225,29,Bright_Pink
6225,30,Medium_Lavender
6225,31,Lavender
6225,68,Very_Light_Orange
6225,70,Reddish_Brown
6225,71,Light_Bluish_Gray
6225,72,Dark_Bluish_Gray
6225,73,Medium_Blue
6225,77,Light_Pink
6225,85,Dark_Purple
6225,89,Blue_Violet
6225,118,Aqua
6225,125,Light_Orange
6225,151,Very_Light_Bluish_Gray
6225,191,Bright_Light_Orange
6225,212,Bright_Light_Blue
6225,226,Bright_Light_Yellow
6225,232,Sky_Blue
6225,272,Dark_Blue
6225,288,Dark_Green
6225,308,Dark_Brown
6225,313,Maersk_Blue
6225,320,Dark_Red
6225,321,Dark_Azure
6225,322,Medium_Azure
6225,323,Light_Aqua
6225,326,Yellowish_Green
6225,330,Olive_Green
6225,335,Sand_Red
6225,351,Medium_Dark_Pink
6225,378,Sand_Green
6225,379,Sand_Blue
6225,462,Medium_Orange
6225,484,Dark_Orange
6227,0,Black
6227,1,Blue
6227,2,Green
6227,3,Dark_Turquoise
6227,4,Red
6227,6,Brown
6227,7,Light_Gray
6227,8,Dark_Gray
6227,14,Yellow
6227,15,White
6227,19,Tan
6227,22,Purple
6227,25,Orange
6227,26,Magenta
6227,27,Lime
6227,28,Dark_Tan
6227,29,Bright_Pink
6227,30,Medium_Lavender
6227,31,Lavender
6227,69,Light_Purple
6227,70,Reddish_Brown
6227,71,Light_Bluish_Gray
6227,72,Dark_Bluish_Gray
6227,73,Medium_Blue
6227,85,Dark_Purple
6227,191,Bright_Light_Orange
6227,212,Bright_Light_Blue
6227,272,Dark_Blue
6227,288,Dark_Green
6227,313,Maersk_Blue
6227,320,Dark_Red
6227,321,Dark_Azure
6227,322,Medium_Azure
6227,323,Light_Aqua
6227,330,Olive_Green
6227,335,Sand_Red
6227,378,Sand_Green
6227,379,Sand_Blue
6227,484,Dark_Orange
6228,7,Light_Gray
6228,15,White
6228a,7,Light_Gray
6230,0,Black
6231,0,Black
6231,1,Blue
6231,2,Green
6231,4,Red
6231,6,Brown
6231,7,Light_Gray
6231,8,Dark_Gray
6231,14,Yellow
6231,15,White
6231,19,Tan
6231,25,Orange
6231,27,Lime
6231,29,Bright_Pink
6231,70,Reddish_Brown
6231,71,Light_Bluish_Gray
6231,72,Dark_Bluish_Gray
6231,73,Medium_Blue
6231,191,Bright_Light_Orange
6231,212,Bright_Light_Blue
6231,226,Bright_Light_Yellow
6231,272,Dark_Blue
6231,288,Dark_Green
6231,320,Dark_Red
6231,322,Medium_Azure
6232,0,Black
6232,1,Blue
6232,2,Green
6232,4,Red
6232,6,Brown
6232,7,Light_Gray
6232,8,Dark_Gray
6232,14,Yellow
6232,15,White
6232,19,Tan
6232,27,Lime
6232,28,Dark_Tan
6232,70,Reddish_Brown
6232,71,Light_Bluish_Gray
6232,72,Dark_Bluish_Gray
6232,378,Sand_Green
6232,484,Dark_Orange
6233,0,Black
6233,2,Green
6233,5,Dark_Pink
6233,7,Light_Gray
6233,14,Yellow
6233,15,White
6233,19,Tan
6233,25,Orange
6233,29,Bright_Pink
6233,70,Reddish_Brown
6233,71,Light_Bluish_Gray
6233,72,Dark_Bluish_Gray
6233,85,Dark_Purple
6233,272,Dark_Blue
6233,320,Dark_Red
6233,321,Dark_Azure
6233,378,Sand_Green
6233,484,Dark_Orange
6234,14,Yellow
6234,15,White
6235,1,Blue
6235,4,Red
6236,1,Blue
6236,4,Red
62360,0,Black
62360,2,Green
62360,4,Red
62360,14,Yellow
62360,15,White
62360,19,Tan
62360,71,Light_Bluish_Gray
62360,85,Dark_Purple
62360,288,Dark_Green
62361,0,Black
62361,1,Blue
62361,2,Green
62361,3,Dark_Turquoise
62361,4,Red
62361,10,Bright_Green
62361,14,Yellow
62361,15,White
62361,19,Tan
62361,25,Orange
62361,27,Lime
62361,70,Reddish_Brown
62361,71,Light_Bluish_Gray
62361,72,Dark_Bluish_Gray
62361,212,Bright_Light_Blue
62361,226,Bright_Light_Yellow
62361,272,Dark_Blue
62361,320,Dark_Red
62361,323,Light_Aqua
62361,330,Olive_Green
62361,378,Sand_Green
62361,379,Sand_Blue
62361,484,Dark_Orange
6237,14,Yellow
6237,15,White
6238,0,Black
6238,1,Blue
6238,2,Green
6238,4,Red
6238,14,Yellow
6238,15,White
62386,0,Black
62386,4,Red
62386,15,White
62386,19,Tan
62386,25,Orange
62386,72,Dark_Bluish_Gray
62386,191,Bright_Light_Orange
62386,272,Dark_Blue
6238a,0,Black
6238a,1,Blue
6238a,2,Green
6238a,4,Red
6238a,14,Yellow
6238a,15,White
6238b,0,Black
6238b,1,Blue
6238b,2,Green
6238b,4,Red
6238b,14,Yellow
6238b,15,White
6239,0,Black
6239,1,Blue
6239,2,Green
6239,3,Dark_Turquoise
6239,4,Red
6239,5,Dark_Pink
6239,14,Yellow
6239,15,White
6239,19,Tan
6239,25,Orange
6239,27,Lime
6239,28,Dark_Tan
6239,72,Dark_Bluish_Gray
6239,73,Medium_Blue
6239,191,Bright_Light_Orange
6239,272,Dark_Blue
6239,320,Dark_Red
6239,322,Medium_Azure
6239,378,Sand_Green
6239,379,Sand_Blue
6239,484,Dark_Orange
62462,0,Black
62462,1,Blue
62462,3,Dark_Turquoise
62462,4,Red
62462,5,Dark_Pink
62462,10,Bright_Green
62462,14,Yellow
62462,15,White
62462,19,Tan
62462,25,Orange
62462,26,Magenta
62462,27,Lime
62462,28,Dark_Tan
62462,29,Bright_Pink
62462,70,Reddish_Brown
62462,71,Light_Bluish_Gray
62462,288,Dark_Green
62462,320,Dark_Red
62462,322,Medium_Azure
62462,330,Olive_Green
6247,0,Black
6247,1,Blue
6247,14,Yellow
6248,4,Red
6248,7,Light_Gray
6248,14,Yellow
6248,15,White
6248,85,Dark_Purple
6249,4,Red
6249,7,Light_Gray
6249,8,Dark_Gray
6249,14,Yellow
6249,15,White
6249,25,Orange
6249,71,Light_Bluish_Gray
6249,72,Dark_Bluish_Gray
6251,0,Black
6251,7,Light_Gray
6251,15,White
6251,28,Dark_Tan
6251,68,Very_Light_Orange
6251,151,Very_Light_Bluish_Gray
6251,308,Dark_Brown
62519,71,Light_Bluish_Gray
6252,1,Blue
6252,13,Pink
6252,14,Yellow
6252,351,Medium_Dark_Pink
62520,71,Light_Bluish_Gray
6253,1,Blue
6253,14,Yellow
6253,15,White
62531,0,Black
62531,1,Blue
62531,4,Red
62531,10,Bright_Green
62531,14,Yellow
62531,15,White
62531,25,Orange
62531,27,Lime
62531,71,Light_Bluish_Gray
62531,72,Dark_Bluish_Gray
62531,85,Dark_Purple
62531,191,Bright_Light_Orange
62531,272,Dark_Blue
62531,288,Dark_Green
62531,321,Dark_Azure
62531,330,Olive_Green
6254,0,Black
6254,2,Green
6254,4,Red
6254,12,Salmon
6254,13,Pink
6254,14,Yellow
6254,15,White
6254,17,Light_Green
6254,18,Light_Yellow
6254,26,Magenta
6254,27,Lime
6254,29,Bright_Pink
6254,70,Reddish_Brown
6254,72,Dark_Bluish_Gray
6254,74,Medium_Green
6254,85,Dark_Purple
6254,191,Bright_Light_Orange
6254,226,Bright_Light_Yellow
6254,272,Dark_Blue
6254,288,Dark_Green
6254,321,Dark_Azure
6255,2,Green
6255,10,Bright_Green
6256,0,Black
6256,1,Blue
6256,5,Dark_Pink
6256,7,Light_Gray
6256,13,Pink
6256,14,Yellow
6256,15,White
6256,18,Light_Yellow
6256,19,Tan
6256,20,Light_Violet
6256,25,Orange
6256,29,Bright_Pink
6256,71,Light_Bluish_Gray
6256,191,Bright_Light_Orange
6256,351,Medium_Dark_Pink
6256,484,Dark_Orange
62576,0,Black
62576,15,White
6259,0,Black
6259,1,Blue
6259,2,Green
6259,4,Red
6259,6,Brown
6259,7,Light_Gray
6259,8,Dark_Gray
6259,14,Yellow
6259,15,White
6259,19,Tan
6259,31,Lavender
6259,70,Reddish_Brown
6259,71,Light_Bluish_Gray
6259,72,Dark_Bluish_Gray
6259,73,Medium_Blue
6259,191,Bright_Light_Orange
6259,308,Dark_Brown
6259,320,Dark_Red
6259,335,Sand_Red
6259,484,Dark_Orange
6260,0,Black
6260,15,White
6260,19,Tan
6260,378,Sand_Green
62622,6,Brown
62622,7,Light_Gray
62623,0,Black
62623,6,Brown
62623,19,Tan
62623,27,Lime
62623,30,Medium_Lavender
62623,70,Reddish_Brown
62623,72,Dark_Bluish_Gray
6264,0,Black
6264,1,Blue
6264,2,Green
6264,4,Red
6264,5,Dark_Pink
6264,6,Brown
6264,7,Light_Gray
6264,8,Dark_Gray
6264,10,Bright_Green
6264,13,Pink
6264,14,Yellow
6264,15,White
6264,19,Tan
6264,20,Light_Violet
6264,77,Light_Pink
6264,351,Medium_Dark_Pink
6265,0,Black
6265,15,White
6265,19,Tan
6265,378,Sand_Green
6266,0,Black
6266,4,Red
6266,15,White
6266,19,Tan
6266,70,Reddish_Brown
6266,71,Light_Bluish_Gray
6268,0,Black
6268,1,Blue
6268,2,Green
6268,4,Red
6268,7,Light_Gray
6268,14,Yellow
6268,15,White
6268,19,Tan
6268,70,Reddish_Brown
6268,71,Light_Bluish_Gray
6268a,0,Black
6268a,1,Blue
6268a,4,Red
6268a,7,Light_Gray
6268a,14,Yellow
6268a,15,White
6268b,0,Black
6268b,1,Blue
6268b,2,Green
6268b,4,Red
6268b,7,Light_Gray
6268b,14,Yellow
6268b,15,White
6268b,19,Tan
6268b,70,Reddish_Brown
6268b,71,Light_Bluish_Gray
6269,0,Black
6269,1,Blue
6269,2,Green
6269,4,Red
6269,6,Brown
6269,7,Light_Gray
6269,8,Dark_Gray
6269,14,Yellow
6269,15,White
6269,19,Tan
6269,27,Lime
6269,71,Light_Bluish_Gray
6269,351,Medium_Dark_Pink
6269,484,Dark_Orange
62691,0,Black
62691,14,Yellow
62691,71,Light_Bluish_Gray
62696,0,Black
62696,19,Tan
62696,26,Magenta
62696,28,Dark_Tan
62696,29,Bright_Pink
62696,70,Reddish_Brown
62696,226,Bright_Light_Yellow
62696,288,Dark_Green
62696,308,Dark_Brown
62696,320,Dark_Red
62696,322,Medium_Azure
62696,484,Dark_Orange
62698-f2,0,Black
62698-f2,15,White
62698-f2,26,Magenta
62698-f2,72,Dark_Bluish_Gray
62698-f2,85,Dark_Purple
62699,71,Light_Bluish_Gray
62701,0,Black
62701,4,Red
62701,15,White
62701,19,Tan
62701,321,Dark_Azure
62711,0,Black
62711,4,Red
62711,15,White
62711,25,Orange
62711,28,Dark_Tan
62711,226,Bright_Light_Yellow
62711,272,Dark_Blue
62711,308,Dark_Brown
62711,321,Dark_Azure
62711,484,Dark_Orange
62712,0,Black
62712,15,White
62712,72,Dark_Bluish_Gray
62712,85,Dark_Purple
62712,151,Very_Light_Bluish_Gray
62743,0,Black
62743,5,Dark_Pink
62743,15,White
62743,71,Light_Bluish_Gray
62743,72,Dark_Bluish_Gray
62743,73,Medium_Blue
62743,191,Bright_Light_Orange
62791,0,Black
62791,2,Green
62791,4,Red
62791,15,White
62791,25,Orange
62791,330,Olive_Green
62792p01,0,Black
62792p01,2,Green
62792p01,4,Red
62792p01,15,White
62792p01,25,Orange
62792p01,330,Olive_Green
62808,0,Black
62808,7,Light_Gray
62808,72,Dark_Bluish_Gray
62808,326,Yellowish_Green
62810,0,Black
62810,14,Yellow
62810,19,Tan
62810,28,Dark_Tan
62810,70,Reddish_Brown
62810,71,Light_Bluish_Gray
62810,308,Dark_Brown
62810,484,Dark_Orange
62812,0,Black
62812,1,Blue
62812,4,Red
62812,10,Bright_Green
62812,15,White
62812,25,Orange
62812,272,Dark_Blue
62812,320,Dark_Red
62821,72,Dark_Bluish_Gray
62821b,72,Dark_Bluish_Gray
6282c01,0,Black
62885,0,Black
62885,19,Tan
62931,72,Dark_Bluish_Gray
630,4,Red
630,14,Yellow
63082,0,Black
63082,71,Light_Bluish_Gray
6309,15,White
6320,0,Black
6320,71,Light_Bluish_Gray
63278,0,Black
63278,1,Blue
63278,2,Green
63278,3,Dark_Turquoise
63278,4,Red
63278,5,Dark_Pink
63278,10,Bright_Green
63278,14,Yellow
63278,15,White
63278,19,Tan
63278,25,Orange
63278,26,Magenta
63278,27,Lime
63278,28,Dark_Tan
63278,29,Bright_Pink
63278,30,Medium_Lavender
63278,31,Lavender
63278,70,Reddish_Brown
63278,71,Light_Bluish_Gray
63278,72,Dark_Bluish_Gray
63278,73,Medium_Blue
63278,85,Dark_Purple
63278,89,Blue_Violet
63278,191,Bright_Light_Orange
63278,212,Bright_Light_Blue
63278,226,Bright_Light_Yellow
63278,272,Dark_Blue
63278,288,Dark_Green
63278,308,Dark_Brown
63278,320,Dark_Red
63278,321,Dark_Azure
63278,322,Medium_Azure
63278,323,Light_Aqua
63278,326,Yellowish_Green
63278,378,Sand_Green
63278,379,Sand_Blue
63286,0,Black
63286,1,Blue
63286,2,Green
63286,3,Dark_Turquoise
63286,4,Red
63286,5,Dark_Pink
63286,6,Brown
63286,7,Light_Gray
63286,8,Dark_Gray
63286,10,Bright_Green
63286,13,Pink
63286,14,Yellow
63286,15,White
63286,19,Tan
63286,22,Purple
63286,25,Orange
63286,26,Magenta
63286,27,Lime
63286,28,Dark_Tan
63286,29,Bright_Pink
63286,30,Medium_Lavender
63286,31,Lavender
63286,68,Very_Light_Orange
63286,70,Reddish_Brown
63286,71,Light_Bluish_Gray
63286,72,Dark_Bluish_Gray
63286,73,Medium_Blue
63286,77,Light_Pink
63286,85,Dark_Purple
63286,89,Blue_Violet
63286,191,Bright_Light_Orange
63286,212,Bright_Light_Blue
63286,226,Bright_Light_Yellow
63286,232,Sky_Blue
63286,272,Dark_Blue
63286,288,Dark_Green
63286,308,Dark_Brown
63286,313,Maersk_Blue
63286,320,Dark_Red
63286,321,Dark_Azure
63286,322,Medium_Azure
63286,323,Light_Aqua
63286,326,Yellowish_Green
63286,330,Olive_Green
63286,378,Sand_Green
63286,379,Sand_Blue
63286,484,Dark_Orange
63290,0,Black
63290,1,Blue
63290,2,Green
63290,3,Dark_Turquoise
63290,4,Red
63290,5,Dark_Pink
63290,10,Bright_Green
63290,14,Yellow
63290,15,White
63290,19,Tan
63290,25,Orange
63290,26,Magenta
63290,27,Lime
63290,28,Dark_Tan
63290,29,Bright_Pink
63290,30,Medium_Lavender
63290,31,Lavender
63290,70,Reddish_Brown
63290,71,Light_Bluish_Gray
63290,72,Dark_Bluish_Gray
63290,73,Medium_Blue
63290,85,Dark_Purple
63290,191,Bright_Light_Orange
63290,212,Bright_Light_Blue
63290,216,Rust
63290,226,Bright_Light_Yellow
63290,272,Dark_Blue
63290,288,Dark_Green
63290,308,Dark_Brown
63290,320,Dark_Red
63290,321,Dark_Azure
63290,322,Medium_Azure
63290,323,Light_Aqua
63290,326,Yellowish_Green
63290,330,Olive_Green
63290,378,Sand_Green
63290,379,Sand_Blue
63290,484,Dark_Orange
6331,0,Black
6331,10,Bright_Green
6331,31,Lavender
6331,288,Dark_Green
63322,0,Black
63322,1,Blue
63322,2,Green
63322,3,Dark_Turquoise
63322,4,Red
63322,5,Dark_Pink
63322,6,Brown
63322,7,Light_Gray
63322,8,Dark_Gray
63322,9,Light_Blue
63322,14,Yellow
63322,15,White
63322,19,Tan
63322,25,Orange
63322,26,Magenta
63322,27,Lime
63322,28,Dark_Tan
63322,30,Medium_Lavender
63322,31,Lavender
63322,68,Very_Light_Orange
63322,70,Reddish_Brown
63322,71,Light_Bluish_Gray
63322,72,Dark_Bluish_Gray
63322,73,Medium_Blue
63322,85,Dark_Purple
63322,110,Violet
63322,125,Light_Orange
63322,212,Bright_Light_Blue
63322,226,Bright_Light_Yellow
63322,272,Dark_Blue
63322,288,Dark_Green
63322,308,Dark_Brown
63322,320,Dark_Red
63322,321,Dark_Azure
63322,323,Light_Aqua
63322,330,Olive_Green
63322,351,Medium_Dark_Pink
63322,378,Sand_Green
63322,484,Dark_Orange
63324,0,Black
63324,1,Blue
63324,2,Green
63324,3,Dark_Turquoise
63324,4,Red
63324,5,Dark_Pink
63324,6,Brown
63324,7,Light_Gray
63324,8,Dark_Gray
63324,10,Bright_Green
63324,11,Light_Turquoise
63324,14,Yellow
63324,15,White
63324,19,Tan
63324,25,Orange
63324,26,Magenta
63324,27,Lime
63324,28,Dark_Tan
63324,29,Bright_Pink
63324,30,Medium_Lavender
63324,31,Lavender
63324,70,Reddish_Brown
63324,71,Light_Bluish_Gray
63324,72,Dark_Bluish_Gray
63324,73,Medium_Blue
63324,85,Dark_Purple
63324,89,Blue_Violet
63324,151,Very_Light_Bluish_Gray
63324,191,Bright_Light_Orange
63324,226,Bright_Light_Yellow
63324,272,Dark_Blue
63324,288,Dark_Green
63324,308,Dark_Brown
63324,313,Maersk_Blue
63324,320,Dark_Red
63324,321,Dark_Azure
63324,322,Medium_Azure
63324,330,Olive_Green
63324,335,Sand_Red
63324,378,Sand_Green
63324,379,Sand_Blue
63324,462,Medium_Orange
63324,484,Dark_Orange
63325,0,Black
63325,1,Blue
63325,2,Green
63325,3,Dark_Turquoise
63325,4,Red
63325,6,Brown
63325,7,Light_Gray
63325,8,Dark_Gray
63325,14,Yellow
63325,15,White
63325,19,Tan
63325,25,Orange
63325,26,Magenta
63325,27,Lime
63325,28,Dark_Tan
63325,30,Medium_Lavender
63325,31,Lavender
63325,70,Reddish_Brown
63325,71,Light_Bluish_Gray
63325,72,Dark_Bluish_Gray
63325,73,Medium_Blue
63325,85,Dark_Purple
63325,191,Bright_Light_Orange
63325,272,Dark_Blue
63325,288,Dark_Green
63325,308,Dark_Brown
63325,320,Dark_Red
63325,321,Dark_Azure
63325,322,Medium_Azure
63325,330,Olive_Green
63325,351,Medium_Dark_Pink
63325,378,Sand_Green
63325,379,Sand_Blue
63325,462,Medium_Orange
63325,484,Dark_Orange
63326,0,Black
63326,1,Blue
63326,2,Green
63326,3,Dark_Turquoise
63326,4,Red
63326,5,Dark_Pink
63326,6,Brown
63326,7,Light_Gray
63326,8,Dark_Gray
63326,10,Bright_Green
63326,13,Pink
63326,14,Yellow
63326,15,White
63326,18,Light_Yellow
63326,19,Tan
63326,22,Purple
63326,25,Orange
63326,26,Magenta
63326,27,Lime
63326,28,Dark_Tan
63326,29,Bright_Pink
63326,30,Medium_Lavender
63326,31,Lavender
63326,68,Very_Light_Orange
63326,70,Reddish_Brown
63326,71,Light_Bluish_Gray
63326,72,Dark_Bluish_Gray
63326,73,Medium_Blue
63326,77,Light_Pink
63326,85,Dark_Purple
63326,89,Blue_Violet
63326,125,Light_Orange
63326,151,Very_Light_Bluish_Gray
63326,191,Bright_Light_Orange
63326,212,Bright_Light_Blue
63326,226,Bright_Light_Yellow
63326,272,Dark_Blue
63326,288,Dark_Green
63326,308,Dark_Brown
63326,313,Maersk_Blue
63326,320,Dark_Red
63326,321,Dark_Azure
63326,322,Medium_Azure
63326,323,Light_Aqua
63326,326,Yellowish_Green
63326,330,Olive_Green
63326,351,Medium_Dark_Pink
63326,378,Sand_Green
63326,379,Sand_Blue
63326,462,Medium_Orange
63326,484,Dark_Orange
63326,503,Very_Light_Gray
63327,0,Black
63327,1,Blue
63327,2,Green
63327,3,Dark_Turquoise
63327,4,Red
63327,5,Dark_Pink
63327,6,Brown
63327,7,Light_Gray
63327,8,Dark_Gray
63327,10,Bright_Green
63327,13,Pink
63327,14,Yellow
63327,15,White
63327,18,Light_Yellow
63327,19,Tan
63327,25,Orange
63327,26,Magenta
63327,27,Lime
63327,28,Dark_Tan
63327,29,Bright_Pink
63327,30,Medium_Lavender
63327,31,Lavender
63327,70,Reddish_Brown
63327,71,Light_Bluish_Gray
63327,72,Dark_Bluish_Gray
63327,73,Medium_Blue
63327,77,Light_Pink
63327,85,Dark_Purple
63327,118,Aqua
63327,191,Bright_Light_Orange
63327,212,Bright_Light_Blue
63327,226,Bright_Light_Yellow
63327,232,Sky_Blue
63327,272,Dark_Blue
63327,288,Dark_Green
63327,308,Dark_Brown
63327,320,Dark_Red
63327,321,Dark_Azure
63327,322,Medium_Azure
63327,323,Light_Aqua
63327,326,Yellowish_Green
63327,378,Sand_Green
63327,379,Sand_Blue
63327,484,Dark_Orange
63330,0,Black
63330,1,Blue
63330,2,Green
63330,4,Red
63330,5,Dark_Pink
63330,7,Light_Gray
63330,8,Dark_Gray
63330,10,Bright_Green
63330,14,Yellow
63330,15,White
63330,19,Tan
63330,25,Orange
63330,27,Lime
63330,28,Dark_Tan
63330,29,Bright_Pink
63330,70,Reddish_Brown
63330,71,Light_Bluish_Gray
63330,72,Dark_Bluish_Gray
63330,73,Medium_Blue
63330,85,Dark_Purple
63330,191,Bright_Light_Orange
63330,212,Bright_Light_Blue
63330,226,Bright_Light_Yellow
63330,272,Dark_Blue
63330,288,Dark_Green
63330,320,Dark_Red
63330,321,Dark_Azure
63330,322,Medium_Azure
63330,323,Light_Aqua
63330,330,Olive_Green
63330,378,Sand_Green
63330,379,Sand_Blue
63330,462,Medium_Orange
63330,484,Dark_Orange
63333,0,Black
63333,1,Blue
63333,2,Green
63333,4,Red
63333,5,Dark_Pink
63333,7,Light_Gray
63333,8,Dark_Gray
63333,14,Yellow
63333,15,White
63333,19,Tan
63333,25,Orange
63333,26,Magenta
63333,27,Lime
63333,28,Dark_Tan
63333,29,Bright_Pink
63333,70,Reddish_Brown
63333,71,Light_Bluish_Gray
63333,72,Dark_Bluish_Gray
63333,73,Medium_Blue
63333,85,Dark_Purple
63333,191,Bright_Light_Orange
63333,212,Bright_Light_Blue
63333,226,Bright_Light_Yellow
63333,272,Dark_Blue
63333,288,Dark_Green
63333,320,Dark_Red
63333,321,Dark_Azure
63333,322,Medium_Azure
63333,323,Light_Aqua
63333,330,Olive_Green
63333,378,Sand_Green
63333,379,Sand_Blue
63333,462,Medium_Orange
63333,484,Dark_Orange
63341,0,Black
63341,1,Blue
63341,2,Green
63341,3,Dark_Turquoise
63341,4,Red
63341,6,Brown
63341,7,Light_Gray
63341,8,Dark_Gray
63341,14,Yellow
63341,15,White
63341,19,Tan
63341,22,Purple
63341,25,Orange
63341,26,Magenta
63341,27,Lime
63341,28,Dark_Tan
63341,29,Bright_Pink
63341,30,Medium_Lavender
63341,31,Lavender
63341,69,Light_Purple
63341,70,Reddish_Brown
63341,71,Light_Bluish_Gray
63341,72,Dark_Bluish_Gray
63341,73,Medium_Blue
63341,85,Dark_Purple
63341,191,Bright_Light_Orange
63341,212,Bright_Light_Blue
63341,272,Dark_Blue
63341,288,Dark_Green
63341,313,Maersk_Blue
63341,320,Dark_Red
63341,321,Dark_Azure
63341,322,Medium_Azure
63341,323,Light_Aqua
63341,330,Olive_Green
63341,335,Sand_Red
63341,378,Sand_Green
63341,379,Sand_Blue
63341,484,Dark_Orange
63417,0,Black
63417,4,Red
63417,7,Light_Gray
63417,14,Yellow
63417,15,White
6348,191,Bright_Light_Orange
63585,0,Black
63585,72,Dark_Bluish_Gray
63586,0,Black
63586,1,Blue
63586,25,Orange
63586,72,Dark_Bluish_Gray
63586,320,Dark_Red
6377,8,Dark_Gray
6377,71,Light_Bluish_Gray
6377,72,Dark_Bluish_Gray
63864,0,Black
63864,1,Blue
63864,2,Green
63864,3,Dark_Turquoise
63864,4,Red
63864,5,Dark_Pink
63864,10,Bright_Green
63864,14,Yellow
63864,15,White
63864,19,Tan
63864,25,Orange
63864,26,Magenta
63864,27,Lime
63864,28,Dark_Tan
63864,29,Bright_Pink
63864,30,Medium_Lavender
63864,31,Lavender
63864,70,Reddish_Brown
63864,71,Light_Bluish_Gray
63864,72,Dark_Bluish_Gray
63864,73,Medium_Blue
63864,85,Dark_Purple
63864,151,Very_Light_Bluish_Gray
63864,191,Bright_Light_Orange
63864,212,Bright_Light_Blue
63864,226,Bright_Light_Yellow
63864,272,Dark_Blue
63864,288,Dark_Green
63864,308,Dark_Brown
63864,320,Dark_Red
63864,321,Dark_Azure
63864,322,Medium_Azure
63864,323,Light_Aqua
63864,330,Olive_Green
63864,378,Sand_Green
63864,379,Sand_Blue
63864,484,Dark_Orange
63868,0,Black
63868,1,Blue
63868,2,Green
63868,4,Red
63868,14,Yellow
63868,15,White
63868,19,Tan
63868,27,Lime
63868,28,Dark_Tan
63868,29,Bright_Pink
63868,70,Reddish_Brown
63868,71,Light_Bluish_Gray
63868,72,Dark_Bluish_Gray
63868,191,Bright_Light_Orange
63868,308,Dark_Brown
63868,321,Dark_Azure
63868,322,Medium_Azure
63868,326,Yellowish_Green
63868,378,Sand_Green
63868,379,Sand_Blue
63869,0,Black
63869,4,Red
63869,14,Yellow
63869,15,White
63869,27,Lime
63869,70,Reddish_Brown
63869,71,Light_Bluish_Gray
63871,0,Black
63871,4,Red
63871,14,Yellow
63871,15,White
63871,322,Medium_Azure
6391,8,Dark_Gray
6391,71,Light_Bluish_Gray
6391,72,Dark_Bluish_Gray
6394,0,Black
6394,1,Blue
6394,2,Green
6394,4,Red
6394,10,Bright_Green
6394,14,Yellow
6394,15,White
6394,71,Light_Bluish_Gray
6394,212,Bright_Light_Blue
6394,320,Dark_Red
6394,484,Dark_Orange
63965,0,Black
63965,4,Red
63965,5,Dark_Pink
63965,10,Bright_Green
63965,14,Yellow
63965,15,White
63965,19,Tan
63965,25,Orange
63965,28,Dark_Tan
63965,70,Reddish_Brown
63965,71,Light_Bluish_Gray
63965,72,Dark_Bluish_Gray
63965,378,Sand_Green
63971,0,Black
63971,1,Blue
63971,2,Green
63971,4,Red
63971,14,Yellow
63971,15,White
63971,19,Tan
63971,25,Orange
63971,27,Lime
63971,70,Reddish_Brown
63971,71,Light_Bluish_Gray
63971,72,Dark_Bluish_Gray
63971,73,Medium_Blue
63971,151,Very_Light_Bluish_Gray
63971,191,Bright_Light_Orange
63971,272,Dark_Blue
63971,308,Dark_Brown
63971,320,Dark_Red
63971,323,Light_Aqua
63971,330,Olive_Green
63971,378,Sand_Green
63971,484,Dark_Orange
64,0,Black
64,4,Red
64000,0,Black
64000,5,Dark_Pink
64000,15,White
64022,72,Dark_Bluish_Gray
6405,0,Black
6405,14,Yellow
641,15,White
6413,0,Black
6413,1,Blue
6413,2,Green
6413,4,Red
6413,8,Dark_Gray
6413,9,Light_Blue
6413,11,Light_Turquoise
6413,14,Yellow
6413,15,White
6413,19,Tan
6413,28,Dark_Tan
6413,70,Reddish_Brown
6413,71,Light_Bluish_Gray
6413,72,Dark_Bluish_Gray
6413,77,Light_Pink
6413,320,Dark_Red
6413,351,Medium_Dark_Pink
6413,462,Medium_Orange
64178,71,Light_Bluish_Gray
64179,0,Black
64179,2,Green
64179,4,Red
64179,14,Yellow
64179,15,White
64179,25,Orange
64179,70,Reddish_Brown
64179,71,Light_Bluish_Gray
64179,322,Medium_Azure
642,14,Yellow
64225,0,Black
64225,1,Blue
64225,2,Green
64225,4,Red
64225,5,Dark_Pink
64225,10,Bright_Green
64225,14,Yellow
64225,15,White
64225,19,Tan
64225,25,Orange
64225,27,Lime
64225,28,Dark_Tan
64225,29,Bright_Pink
64225,30,Medium_Lavender
64225,70,Reddish_Brown
64225,71,Light_Bluish_Gray
64225,72,Dark_Bluish_Gray
64225,85,Dark_Purple
64225,151,Very_Light_Bluish_Gray
64225,191,Bright_Light_Orange
64225,212,Bright_Light_Blue
64225,272,Dark_Blue
64225,288,Dark_Green
64225,308,Dark_Brown
64225,320,Dark_Red
64225,321,Dark_Azure
64225,322,Medium_Azure
64225,323,Light_Aqua
64225,378,Sand_Green
64225,484,Dark_Orange
64227,71,Light_Bluish_Gray
64228,71,Light_Bluish_Gray
64251,0,Black
64251,1,Blue
64251,4,Red
64251,15,White
64251,19,Tan
64251,25,Orange
64251,27,Lime
64251,71,Light_Bluish_Gray
64251,72,Dark_Bluish_Gray
64251,73,Medium_Blue
64251,151,Very_Light_Bluish_Gray
64251,191,Bright_Light_Orange
64251,288,Dark_Green
64251,320,Dark_Red
64272,0,Black
64272,25,Orange
64272,28,Dark_Tan
64272,85,Dark_Purple
64272,320,Dark_Red
64275,0,Black
64275,25,Orange
64275c01,0,Black
64275c01,25,Orange
64276,0,Black
64276,72,Dark_Bluish_Gray
64276,484,Dark_Orange
64289,0,Black
64289,1,Blue
64289,2,Green
64289,3,Dark_Turquoise
64289,4,Red
64289,7,Light_Gray
64289,8,Dark_Gray
64289,10,Bright_Green
64289,14,Yellow
64289,15,White
64289,19,Tan
64289,25,Orange
64289,27,Lime
64289,28,Dark_Tan
64289,71,Light_Bluish_Gray
64289,72,Dark_Bluish_Gray
64289,151,Very_Light_Bluish_Gray
64289,272,Dark_Blue
64289,320,Dark_Red
64289,321,Dark_Azure
64289,322,Medium_Azure
64289,378,Sand_Green
64290,0,Black
64290,1,Blue
64290,2,Green
64290,3,Dark_Turquoise
64290,4,Red
64290,6,Brown
64290,8,Dark_Gray
64290,10,Bright_Green
64290,14,Yellow
64290,15,White
64290,19,Tan
64290,25,Orange
64290,26,Magenta
64290,27,Lime
64290,70,Reddish_Brown
64290,71,Light_Bluish_Gray
64290,72,Dark_Bluish_Gray
64290,73,Medium_Blue
64290,85,Dark_Purple
64290,151,Very_Light_Bluish_Gray
64290,191,Bright_Light_Orange
64290,272,Dark_Blue
64290,321,Dark_Azure
64290,330,Olive_Green
64292,4,Red
64292,14,Yellow
64292,25,Orange
64292,191,Bright_Light_Orange
64296,0,Black
64296,14,Yellow
64296,272,Dark_Blue
64299,191,Bright_Light_Orange
643,1,Blue
64305,0,Black
64311,0,Black
64311,73,Medium_Blue
64311,191,Bright_Light_Orange
64311,288,Dark_Green
64321,15,White
64328,25,Orange
64328,320,Dark_Red
64330,1,Blue
64330,320,Dark_Red
64390,3,Dark_Turquoise
64390,26,Magenta
64390,30,Medium_Lavender
64390,70,Reddish_Brown
64390,308,Dark_Brown
64391,0,Black
64391,1,Blue
64391,2,Green
64391,4,Red
64391,10,Bright_Green
64391,14,Yellow
64391,15,White
64391,25,Orange
64391,27,Lime
64391,70,Reddish_Brown
64391,71,Light_Bluish_Gray
64391,72,Dark_Bluish_Gray
64391,73,Medium_Blue
64391,191,Bright_Light_Orange
64391,321,Dark_Azure
64391,322,Medium_Azure
64392,0,Black
64392,1,Blue
64392,4,Red
64392,14,Yellow
64392,15,White
64392,25,Orange
64392,27,Lime
64392,28,Dark_Tan
64392,71,Light_Bluish_Gray
64392,72,Dark_Bluish_Gray
64392,73,Medium_Blue
64392,191,Bright_Light_Orange
64392,272,Dark_Blue
64392,288,Dark_Green
64392,321,Dark_Azure
64392,379,Sand_Blue
64392,484,Dark_Orange
64393,0,Black
64393,1,Blue
64393,2,Green
64393,4,Red
64393,10,Bright_Green
64393,14,Yellow
64393,15,White
64393,19,Tan
64393,25,Orange
64393,26,Magenta
64393,27,Lime
64393,71,Light_Bluish_Gray
64393,72,Dark_Bluish_Gray
64393,73,Medium_Blue
64393,85,Dark_Purple
64393,191,Bright_Light_Orange
64393,272,Dark_Blue
64393,321,Dark_Azure
64393,322,Medium_Azure
64393,379,Sand_Blue
64394,0,Black
64394,1,Blue
64394,4,Red
64394,14,Yellow
64394,15,White
64394,25,Orange
64394,26,Magenta
64394,27,Lime
64394,71,Light_Bluish_Gray
64394,73,Medium_Blue
64394,191,Bright_Light_Orange
64394,272,Dark_Blue
64394,288,Dark_Green
64394,321,Dark_Azure
644,4,Red
64414,0,Black
64415,0,Black
64422,0,Black
64422,71,Light_Bluish_Gray
64424,0,Black
64424,71,Light_Bluish_Gray
64448,0,Black
64448,1,Blue
64448,4,Red
64448,5,Dark_Pink
64448,14,Yellow
64448,15,White
64448,19,Tan
64448,26,Magenta
64448,27,Lime
64448,70,Reddish_Brown
64448,71,Light_Bluish_Gray
64448,72,Dark_Bluish_Gray
64448,272,Dark_Blue
64448,321,Dark_Azure
64448,484,Dark_Orange
64449,0,Black
64449,3,Dark_Turquoise
64449,14,Yellow
64449,15,White
64449,70,Reddish_Brown
64449,72,Dark_Bluish_Gray
64449,85,Dark_Purple
64449,288,Dark_Green
64449,321,Dark_Azure
64449,322,Medium_Azure
64450,0,Black
64450,3,Dark_Turquoise
64450,15,White
64450,25,Orange
64450,71,Light_Bluish_Gray
64451,0,Black
64451,4,Red
64451,25,Orange
64451,27,Lime
64451,70,Reddish_Brown
64451,71,Light_Bluish_Gray
64451,72,Dark_Bluish_Gray
64451,272,Dark_Blue
64451,320,Dark_Red
64453,0,Black
64453,4,Red
64453,15,White
64453,272,Dark_Blue
64453,321,Dark_Azure
64454,5,Dark_Pink
64454,15,White
64454,27,Lime
64454,29,Bright_Pink
64454,30,Medium_Lavender
64454,31,Lavender
64454,73,Medium_Blue
64454,191,Bright_Light_Orange
64454,226,Bright_Light_Yellow
64454,322,Medium_Azure
64454,323,Light_Aqua
645,4,Red
645,15,White
64566,0,Black
64566,14,Yellow
64566,308,Dark_Brown
64567a,0,Black
64567a,4,Red
64567a,7,Light_Gray
64567a,15,White
64567a,71,Light_Bluish_Gray
64567a,191,Bright_Light_Orange
64567a,272,Dark_Blue
64567a,308,Dark_Brown
64567b,0,Black
64567b,4,Red
64567b,7,Light_Gray
64567b,15,White
64567b,71,Light_Bluish_Gray
64567b,191,Bright_Light_Orange
64567b,272,Dark_Blue
64567b,308,Dark_Brown
64570,0,Black
64570,15,White
64570,19,Tan
64570,27,Lime
64570,29,Bright_Pink
64570,31,Lavender
64570,71,Light_Bluish_Gray
64570,323,Light_Aqua
645a,4,Red
645ac01,4,Red
645ac01,15,White
645b,4,Red
645b,15,White
645bc01,4,Red
645bc01,15,White
645cc01,4,Red
645cc01,15,White
646,4,Red
646,15,White
64644,0,Black
64644,1,Blue
64644,4,Red
64644,10,Bright_Green
64644,15,White
64644,19,Tan
64644,25,Orange
64644,70,Reddish_Brown
64644,71,Light_Bluish_Gray
64644,72,Dark_Bluish_Gray
64644,308,Dark_Brown
64644,378,Sand_Green
64644,484,Dark_Orange
64645,0,Black
64645,15,White
64645,70,Reddish_Brown
64645,308,Dark_Brown
64647,0,Black
64647,1,Blue
64647,4,Red
64647,5,Dark_Pink
64647,14,Yellow
64647,15,White
64647,27,Lime
64647,70,Reddish_Brown
64647,272,Dark_Blue
64647,288,Dark_Green
64647,320,Dark_Red
64648,0,Black
64648,4,Red
64648,25,Orange
64648,26,Magenta
64648,212,Bright_Light_Blue
64648,322,Medium_Azure
64648,326,Yellowish_Green
64648,378,Sand_Green
64649,19,Tan
64651,0,Black
64651,15,White
64651,70,Reddish_Brown
64651,72,Dark_Bluish_Gray
64651,308,Dark_Brown
64680,0,Black
64680,1,Blue
64680,4,Red
64680,14,Yellow
64680,15,White
64680,25,Orange
64680,26,Magenta
64680,27,Lime
64680,71,Light_Bluish_Gray
64680,73,Medium_Blue
64680,191,Bright_Light_Orange
64680,272,Dark_Blue
64680,288,Dark_Green
64680,321,Dark_Azure
64681,0,Black
64681,1,Blue
64681,2,Green
64681,4,Red
64681,10,Bright_Green
64681,14,Yellow
64681,15,White
64681,19,Tan
64681,25,Orange
64681,26,Magenta
64681,27,Lime
64681,71,Light_Bluish_Gray
64681,72,Dark_Bluish_Gray
64681,73,Medium_Blue
64681,85,Dark_Purple
64681,191,Bright_Light_Orange
64681,272,Dark_Blue
64681,321,Dark_Azure
64681,322,Medium_Azure
64681,379,Sand_Blue
64682,0,Black
64682,1,Blue
64682,4,Red
64682,14,Yellow
64682,15,White
64682,25,Orange
64682,27,Lime
64682,28,Dark_Tan
64682,71,Light_Bluish_Gray
64682,72,Dark_Bluish_Gray
64682,73,Medium_Blue
64682,191,Bright_Light_Orange
64682,272,Dark_Blue
64682,288,Dark_Green
64682,321,Dark_Azure
64682,379,Sand_Blue
64682,484,Dark_Orange
64683,0,Black
64683,1,Blue
64683,2,Green
64683,4,Red
64683,10,Bright_Green
64683,14,Yellow
64683,15,White
64683,25,Orange
64683,27,Lime
64683,70,Reddish_Brown
64683,71,Light_Bluish_Gray
64683,72,Dark_Bluish_Gray
64683,73,Medium_Blue
64683,191,Bright_Light_Orange
64683,321,Dark_Azure
64683,322,Medium_Azure
646a,4,Red
646ac01,4,Red
646ac01,15,White
646bc01,4,Red
646bc01,15,White
646cc01,4,Red
646cc01,15,White
64711,0,Black
64711,25,Orange
64711,72,Dark_Bluish_Gray
64712,0,Black
64712,4,Red
64712,25,Orange
64712,72,Dark_Bluish_Gray
64712,191,Bright_Light_Orange
64712,330,Olive_Green
64713,1,Blue
64713,14,Yellow
64713,19,Tan
64713,25,Orange
64713,71,Light_Bluish_Gray
64727,0,Black
64727,1,Blue
64727,2,Green
64727,4,Red
64727,14,Yellow
64727,15,White
64727,19,Tan
64727,25,Orange
64727,27,Lime
64727,71,Light_Bluish_Gray
64727,85,Dark_Purple
64727,191,Bright_Light_Orange
64727,272,Dark_Blue
64727,321,Dark_Azure
64727,322,Medium_Azure
64728,4,Red
6474,0,Black
6474,1,Blue
6474,2,Green
6474,4,Red
6474,8,Dark_Gray
6474,10,Bright_Green
6474,14,Yellow
6474,15,White
6474,25,Orange
6474,27,Lime
6474,28,Dark_Tan
6474,29,Bright_Pink
6474,31,Lavender
6474,70,Reddish_Brown
6474,71,Light_Bluish_Gray
6474,72,Dark_Bluish_Gray
6474,85,Dark_Purple
6474,320,Dark_Red
6474,322,Medium_Azure
6474,484,Dark_Orange
6475,2,Green
6475,7,Light_Gray
6475,71,Light_Bluish_Gray
64781,0,Black
64782,0,Black
64782,1,Blue
64782,2,Green
64782,4,Red
64782,14,Yellow
64782,15,White
64782,25,Orange
64782,70,Reddish_Brown
64782,71,Light_Bluish_Gray
64782,72,Dark_Bluish_Gray
64782,73,Medium_Blue
64782,191,Bright_Light_Orange
64782,272,Dark_Blue
64782,288,Dark_Green
64782,321,Dark_Azure
64782,330,Olive_Green
64798,0,Black
64798,2,Green
64798,15,White
64798,19,Tan
64798,27,Lime
64798,70,Reddish_Brown
64798,71,Light_Bluish_Gray
64798,72,Dark_Bluish_Gray
64798,288,Dark_Green
64799,0,Black
64799,1,Blue
64799,4,Red
64799,14,Yellow
64799,15,White
64799,19,Tan
64799,70,Reddish_Brown
64799,71,Light_Bluish_Gray
64799,72,Dark_Bluish_Gray
64799,321,Dark_Azure
64799,322,Medium_Azure
64799,378,Sand_Green
648,2,Green
64802,1,Blue
64802,15,White
64802,72,Dark_Bluish_Gray
64802,378,Sand_Green
64807,0,Black
64807,15,White
64807,28,Dark_Tan
64807,70,Reddish_Brown
64807,71,Light_Bluish_Gray
64807,89,Blue_Violet
64807,226,Bright_Light_Yellow
64807,308,Dark_Brown
64847,0,Black
64847,4,Red
64847,14,Yellow
64847,15,White
64847,19,Tan
64847,25,Orange
64847,26,Magenta
64847,27,Lime
64847,28,Dark_Tan
64847,72,Dark_Bluish_Gray
64847,379,Sand_Blue
64867,15,White
64867,28,Dark_Tan
64867,70,Reddish_Brown
64867,72,Dark_Bluish_Gray
64867,85,Dark_Purple
64867,321,Dark_Azure
64867,330,Olive_Green
64871,0,Black
64871,1,Blue
64871,2,Green
64871,3,Dark_Turquoise
64871,4,Red
64871,6,Brown
64871,7,Light_Gray
64871,8,Dark_Gray
64871,10,Bright_Green
64871,14,Yellow
64871,15,White
64871,19,Tan
64871,25,Orange
64871,27,Lime
64871,70,Reddish_Brown
64871,71,Light_Bluish_Gray
64871,72,Dark_Bluish_Gray
64871,151,Very_Light_Bluish_Gray
64871,191,Bright_Light_Orange
64871,272,Dark_Blue
64871,320,Dark_Red
64871,321,Dark_Azure
64871,322,Medium_Azure
64871,330,Olive_Green
64892,151,Very_Light_Bluish_Gray
6490,0,Black
6490,1,Blue
6490,2,Green
6490,4,Red
6490,8,Dark_Gray
6490,10,Bright_Green
6490,14,Yellow
6490,15,White
6490,19,Tan
6490,25,Orange
6490,27,Lime
6490,28,Dark_Tan
6490,29,Bright_Pink
6490,70,Reddish_Brown
6490,71,Light_Bluish_Gray
6490,72,Dark_Bluish_Gray
6490,85,Dark_Purple
6490,120,Light_Lime
6490,212,Bright_Light_Blue
6490,226,Bright_Light_Yellow
6490,326,Yellowish_Green
64951,2,Green
64951,4,Red
64951,15,White
64951,28,Dark_Tan
64951,30,Medium_Lavender
64951,31,Lavender
64951,70,Reddish_Brown
64951,71,Light_Bluish_Gray
64951,73,Medium_Blue
64951,288,Dark_Green
64951,484,Dark_Orange
64954,15,White
64954,70,Reddish_Brown
64954,72,Dark_Bluish_Gray
65,0,Black
65,4,Red
650,15,White
65066,28,Dark_Tan
65066,72,Dark_Bluish_Gray
65067,1,Blue
65067,2,Green
65067,4,Red
65068,72,Dark_Bluish_Gray
65068,484,Dark_Orange
65098,0,Black
65098,71,Light_Bluish_Gray
65129,15,White
65129,27,Lime
65129,29,Bright_Pink
65129,85,Dark_Purple
65132,0,Black
65132,3,Dark_Turquoise
65132,14,Yellow
65132,15,White
65133,3,Dark_Turquoise
65133,15,White
65133,323,Light_Aqua
65133,326,Yellowish_Green
65138,0,Black
65138,3,Dark_Turquoise
65138,4,Red
65138,10,Bright_Green
65138,14,Yellow
65138,19,Tan
65138,26,Magenta
65138,27,Lime
65138,28,Dark_Tan
65138,71,Light_Bluish_Gray
65138,72,Dark_Bluish_Gray
65138,212,Bright_Light_Blue
65138,272,Dark_Blue
65138,320,Dark_Red
65138,323,Light_Aqua
65138,484,Dark_Orange
65140,0,Black
65140,2,Green
65140,3,Dark_Turquoise
65140,4,Red
65140,323,Light_Aqua
65146,15,White
65151c02,0,Black
65151c02,71,Light_Bluish_Gray
65186,2,Green
65186,4,Red
65186,15,White
65186,72,Dark_Bluish_Gray
65186,320,Dark_Red
65196,15,White
65196,31,Lavender
65196,226,Bright_Light_Yellow
65196,321,Dark_Azure
65196,322,Medium_Azure
65200,3,Dark_Turquoise
65200,26,Magenta
65200,29,Bright_Pink
65200,191,Bright_Light_Orange
65200,321,Dark_Azure
65200,323,Light_Aqua
65202,0,Black
65249,15,White
65249,71,Light_Bluish_Gray
6536,0,Black
6536,1,Blue
6536,2,Green
6536,3,Dark_Turquoise
6536,4,Red
6536,6,Brown
6536,7,Light_Gray
6536,8,Dark_Gray
6536,10,Bright_Green
6536,14,Yellow
6536,15,White
6536,19,Tan
6536,22,Purple
6536,25,Orange
6536,27,Lime
6536,71,Light_Bluish_Gray
6536,72,Dark_Bluish_Gray
6536,73,Medium_Blue
6536,85,Dark_Purple
6536,110,Violet
6536,191,Bright_Light_Orange
6536,272,Dark_Blue
6536,308,Dark_Brown
6536,321,Dark_Azure
6536,484,Dark_Orange
6538,7,Light_Gray
65384c01,0,Black
65384c01,72,Dark_Bluish_Gray
65384c01,308,Dark_Brown
65384c01,330,Olive_Green
6538a,7,Light_Gray
6538b,0,Black
6538b,1,Blue
6538b,2,Green
6538b,3,Dark_Turquoise
6538b,4,Red
6538b,6,Brown
6538b,7,Light_Gray
6538b,8,Dark_Gray
6538b,14,Yellow
6538b,15,White
6538b,19,Tan
6538b,25,Orange
6538b,27,Lime
6538b,70,Reddish_Brown
6538b,71,Light_Bluish_Gray
6538b,72,Dark_Bluish_Gray
6539,4,Red
6539,7,Light_Gray
6540,7,Light_Gray
6540,15,White
6540a,7,Light_Gray
6540a,15,White
6540b,7,Light_Gray
6540b,15,White
6541,0,Black
6541,1,Blue
6541,2,Green
6541,4,Red
6541,5,Dark_Pink
6541,6,Brown
6541,7,Light_Gray
6541,8,Dark_Gray
6541,14,Yellow
6541,15,White
6541,19,Tan
6541,22,Purple
6541,25,Orange
6541,27,Lime
6541,29,Bright_Pink
6541,31,Lavender
6541,70,Reddish_Brown
6541,71,Light_Bluish_Gray
6541,72,Dark_Bluish_Gray
6541,73,Medium_Blue
6541,85,Dark_Purple
6541,191,Bright_Light_Orange
6541,226,Bright_Light_Yellow
6541,272,Dark_Blue
6541,288,Dark_Green
6541,308,Dark_Brown
6541,320,Dark_Red
6541,321,Dark_Azure
6541,322,Medium_Azure
6541,378,Sand_Green
6541,379,Sand_Blue
6541,462,Medium_Orange
65413,4,Red
65414,71,Light_Bluish_Gray
65416,71,Light_Bluish_Gray
65422,0,Black
65422,4,Red
65422,15,White
65422,27,Lime
65422,272,Dark_Blue
65426,0,Black
65426,1,Blue
65426,2,Green
65426,4,Red
65426,10,Bright_Green
65426,14,Yellow
65426,15,White
65426,19,Tan
65426,25,Orange
65426,27,Lime
65426,28,Dark_Tan
65426,70,Reddish_Brown
65426,71,Light_Bluish_Gray
65426,72,Dark_Bluish_Gray
65426,191,Bright_Light_Orange
65426,212,Bright_Light_Blue
65426,272,Dark_Blue
65426,288,Dark_Green
65426,321,Dark_Azure
65426,322,Medium_Azure
65426,326,Yellowish_Green
65426,330,Olive_Green
65429,0,Black
65429,1,Blue
65429,4,Red
65429,10,Bright_Green
65429,14,Yellow
65429,15,White
65429,19,Tan
65429,25,Orange
65429,27,Lime
65429,28,Dark_Tan
65429,70,Reddish_Brown
65429,71,Light_Bluish_Gray
65429,72,Dark_Bluish_Gray
65429,191,Bright_Light_Orange
65429,212,Bright_Light_Blue
65429,272,Dark_Blue
65429,288,Dark_Green
65429,321,Dark_Azure
65429,322,Medium_Azure
65429,326,Yellowish_Green
65429,330,Olive_Green
6542a,0,Black
6542a,7,Light_Gray
6542a,8,Dark_Gray
6542a,72,Dark_Bluish_Gray
6542b,72,Dark_Bluish_Gray
6543,15,White
6546,0,Black
6546,1,Blue
6546,2,Green
6546,4,Red
6546,6,Brown
6546,7,Light_Gray
6546,8,Dark_Gray
6546,14,Yellow
6546,15,White
6546,19,Tan
6546,71,Light_Bluish_Gray
6546,72,Dark_Bluish_Gray
6546,118,Aqua
65468d,14,Yellow
65468d,322,Medium_Azure
65473,0,Black
65473,3,Dark_Turquoise
65473,4,Red
65473,5,Dark_Pink
65473,14,Yellow
65473,15,White
65473,19,Tan
65473,25,Orange
65473,27,Lime
65473,70,Reddish_Brown
65473,191,Bright_Light_Orange
65473,272,Dark_Blue
65473,322,Medium_Azure
65473,326,Yellowish_Green
65473,330,Olive_Green
65474,0,Black
65474,1,Blue
65474,323,Light_Aqua
65486,15,White
6549,0,Black
65509,0,Black
65509,3,Dark_Turquoise
65509,4,Red
65509,10,Bright_Green
65509,14,Yellow
65509,15,White
65509,19,Tan
65509,31,Lavender
65509,70,Reddish_Brown
65509,71,Light_Bluish_Gray
65509,72,Dark_Bluish_Gray
65509,191,Bright_Light_Orange
65509,272,Dark_Blue
65509,288,Dark_Green
65509,322,Medium_Azure
65509,484,Dark_Orange
65521,4,Red
65521,272,Dark_Blue
65521,378,Sand_Green
65521,484,Dark_Orange
6553,0,Black
6553,1,Blue
6553,2,Green
6553,3,Dark_Turquoise
6553,4,Red
6553,6,Brown
6553,7,Light_Gray
6553,8,Dark_Gray
6553,14,Yellow
6553,15,White
6553,19,Tan
6553,22,Purple
6553,25,Orange
6553,27,Lime
6553,71,Light_Bluish_Gray
6553,72,Dark_Bluish_Gray
6553,73,Medium_Blue
6553,191,Bright_Light_Orange
6556,0,Black
6556,1,Blue
6556,2,Green
6556,4,Red
6556,6,Brown
6556,7,Light_Gray
6556,8,Dark_Gray
6556,14,Yellow
6556,15,White
6556,19,Tan
6556,70,Reddish_Brown
6556,71,Light_Bluish_Gray
6556,72,Dark_Bluish_Gray
6556,85,Dark_Purple
65578,0,Black
65578,2,Green
65578,14,Yellow
65578,15,White
65578,71,Light_Bluish_Gray
65578,272,Dark_Blue
65578,320,Dark_Red
6558,0,Black
6558,1,Blue
6558,15,White
65581,10,Bright_Green
65581,14,Yellow
65617,0,Black
65617,1,Blue
65617,4,Red
65617,5,Dark_Pink
65617,10,Bright_Green
65617,14,Yellow
65617,15,White
65617,19,Tan
65617,25,Orange
65617,29,Bright_Pink
65617,31,Lavender
65617,70,Reddish_Brown
65617,71,Light_Bluish_Gray
65617,85,Dark_Purple
65617,191,Bright_Light_Orange
65617,272,Dark_Blue
65617,288,Dark_Green
65617,320,Dark_Red
65617,321,Dark_Azure
65617,379,Sand_Blue
6562,0,Black
6562,1,Blue
6562,7,Light_Gray
6562,15,White
6562,19,Tan
6562,71,Light_Bluish_Gray
6562,212,Bright_Light_Blue
65634,0,Black
65635,72,Dark_Bluish_Gray
6564,0,Black
6564,1,Blue
6564,2,Green
6564,4,Red
6564,6,Brown
6564,7,Light_Gray
6564,8,Dark_Gray
6564,14,Yellow
6564,15,White
6564,19,Tan
6564,25,Orange
6564,71,Light_Bluish_Gray
6564,72,Dark_Bluish_Gray
6564,73,Medium_Blue
6564,85,Dark_Purple
6564,212,Bright_Light_Blue
6564,288,Dark_Green
6564,320,Dark_Red
6565,0,Black
6565,1,Blue
6565,2,Green
6565,4,Red
6565,6,Brown
6565,7,Light_Gray
6565,8,Dark_Gray
6565,14,Yellow
6565,15,White
6565,19,Tan
6565,25,Orange
6565,71,Light_Bluish_Gray
6565,72,Dark_Bluish_Gray
6565,73,Medium_Blue
6565,85,Dark_Purple
6565,212,Bright_Light_Blue
6565,288,Dark_Green
6565,320,Dark_Red
65676,0,Black
65676,1,Blue
65676,14,Yellow
65676,15,White
65676,25,Orange
65676,26,Magenta
65676,28,Dark_Tan
65676,70,Reddish_Brown
65676,71,Light_Bluish_Gray
6567c01,0,Black
6567c01,4,Red
6567c02,2,Green
6567c02,4,Red
6567c02,8,Dark_Gray
6567c03,15,White
6567c03,272,Dark_Blue
65702,4,Red
65702,15,White
65702,70,Reddish_Brown
65702,323,Light_Aqua
6571,0,Black
6571,1,Blue
6571,2,Green
6571,4,Red
6571,7,Light_Gray
6571,14,Yellow
6571,15,White
6571,19,Tan
6571,25,Orange
6572,0,Black
6572,1,Blue
6572,4,Red
6572,7,Light_Gray
6572,14,Yellow
6572,15,White
6572,19,Tan
6572,25,Orange
6572,71,Light_Bluish_Gray
6573,0,Black
6573,1,Blue
6573,2,Green
6573,4,Red
6573,8,Dark_Gray
6573,14,Yellow
6573,15,White
6573,19,Tan
6573,25,Orange
6573,72,Dark_Bluish_Gray
65734,0,Black
65734,4,Red
65734,14,Yellow
65734,15,White
65734,19,Tan
65734,25,Orange
65734,26,Magenta
65734,29,Bright_Pink
65734,70,Reddish_Brown
65734,71,Light_Bluish_Gray
65734,323,Light_Aqua
65734,378,Sand_Green
65735,70,Reddish_Brown
6574,0,Black
6574,1,Blue
6574,4,Red
6574,7,Light_Gray
6574,14,Yellow
6574,15,White
6574,19,Tan
6574,25,Orange
6574,71,Light_Bluish_Gray
6575,0,Black
6575,1,Blue
6575,6,Brown
6575,7,Light_Gray
6575,8,Dark_Gray
6575,14,Yellow
6575,15,White
6575,19,Tan
6575,70,Reddish_Brown
6575,71,Light_Bluish_Gray
6575,72,Dark_Bluish_Gray
6575,73,Medium_Blue
6575,272,Dark_Blue
6575,321,Dark_Azure
6575,484,Dark_Orange
65753,0,Black
65753,3,Dark_Turquoise
65753,4,Red
65753,5,Dark_Pink
65753,10,Bright_Green
65753,14,Yellow
65753,15,White
65753,19,Tan
65753,27,Lime
65753,30,Medium_Lavender
65753,73,Medium_Blue
65753,85,Dark_Purple
65753,272,Dark_Blue
65753,320,Dark_Red
65753,379,Sand_Blue
6576,0,Black
6576,1,Blue
6576,2,Green
6576,4,Red
6576,7,Light_Gray
6576,14,Yellow
6576,15,White
6576,71,Light_Bluish_Gray
6576,74,Medium_Green
65766,0,Black
65768,0,Black
65768,27,Lime
6577,7,Light_Gray
6578,0,Black
65783,5,Dark_Pink
65783,15,White
65783,29,Bright_Pink
65783,226,Bright_Light_Yellow
65783,322,Medium_Azure
6579,0,Black
6580,4,Red
6580,7,Light_Gray
6580,14,Yellow
6580,15,White
6580,27,Lime
6580,71,Light_Bluish_Gray
6580,72,Dark_Bluish_Gray
65803,0,Black
65803,15,White
65803,31,Lavender
65803,72,Dark_Bluish_Gray
65803,330,Olive_Green
6580a,14,Yellow
6580a,15,White
6581,0,Black
65817,26,Magenta
6582,3,Dark_Turquoise
6582,7,Light_Gray
6582,14,Yellow
6582,15,White
6582,22,Purple
6582,71,Light_Bluish_Gray
6582,462,Medium_Orange
65826,10,Bright_Green
6583,0,Black
6583,1,Blue
6583,2,Green
6583,4,Red
6583,6,Brown
6583,7,Light_Gray
6583,8,Dark_Gray
6583,14,Yellow
6583,15,White
6583,19,Tan
6583,25,Orange
6583,28,Dark_Tan
6583,70,Reddish_Brown
6583,71,Light_Bluish_Gray
6583,72,Dark_Bluish_Gray
6583,272,Dark_Blue
6583,320,Dark_Red
6584,0,Black
6584,1,Blue
6584,4,Red
6584,8,Dark_Gray
6584,15,White
6584,72,Dark_Bluish_Gray
6587,8,Dark_Gray
6587,14,Yellow
6587,15,White
6587,28,Dark_Tan
6587,72,Dark_Bluish_Gray
6588,0,Black
6588,1,Blue
6588,4,Red
6588,7,Light_Gray
6588,14,Yellow
6588,15,White
6588,19,Tan
6588,25,Orange
6589,0,Black
6589,4,Red
6589,7,Light_Gray
6589,14,Yellow
6589,15,White
6589,19,Tan
6589,71,Light_Bluish_Gray
6590,0,Black
6590,1,Blue
6590,4,Red
6590,7,Light_Gray
6590,14,Yellow
6590,15,White
6590,25,Orange
6590,71,Light_Bluish_Gray
6592,0,Black
6592,1,Blue
6592,2,Green
6592,4,Red
6592,7,Light_Gray
6592,14,Yellow
6592,15,White
6592,19,Tan
6592,25,Orange
6592,71,Light_Bluish_Gray
6594,0,Black
6595,7,Light_Gray
6595,8,Dark_Gray
6595,14,Yellow
6595,15,White
6596,0,Black
6606,0,Black
6606,4,Red
6606,25,Orange
6607,71,Light_Bluish_Gray
6608,71,Light_Bluish_Gray
6609,0,Black
6609,4,Red
6609,25,Orange
6610,0,Black
6610,71,Light_Bluish_Gray
6611,71,Light_Bluish_Gray
6612,0,Black
6612,1,Blue
6612,4,Red
6612,15,White
6612,71,Light_Bluish_Gray
6613,0,Black
6613,14,Yellow
6614,71,Light_Bluish_Gray
6615,0,Black
6615,72,Dark_Bluish_Gray
66155,10,Bright_Green
6617,0,Black
6618,0,Black
6618,4,Red
6618,10,Bright_Green
66252,0,Black
66252,15,White
66252,72,Dark_Bluish_Gray
6628,0,Black
6628,4,Red
6628,71,Light_Bluish_Gray
6628b,0,Black
6629,0,Black
6629,1,Blue
6629,2,Green
6629,3,Dark_Turquoise
6629,4,Red
6629,6,Brown
6629,7,Light_Gray
6629,8,Dark_Gray
6629,10,Bright_Green
6629,14,Yellow
6629,15,White
6629,19,Tan
6629,22,Purple
6629,25,Orange
6629,71,Light_Bluish_Gray
6629,72,Dark_Bluish_Gray
6629,191,Bright_Light_Orange
6629,272,Dark_Blue
6630,0,Black
6630,1,Blue
6630,4,Red
6630,7,Light_Gray
6630,14,Yellow
6630,15,White
6630,19,Tan
6630,25,Orange
6630,71,Light_Bluish_Gray
6630,72,Dark_Bluish_Gray
6631,0,Black
6631,7,Light_Gray
6632,0,Black
6632,1,Blue
6632,2,Green
6632,3,Dark_Turquoise
6632,4,Red
6632,6,Brown
6632,7,Light_Gray
6632,8,Dark_Gray
6632,10,Bright_Green
6632,14,Yellow
6632,15,White
6632,19,Tan
6632,22,Purple
6632,25,Orange
6632,27,Lime
6632,71,Light_Bluish_Gray
6632,72,Dark_Bluish_Gray
6632,73,Medium_Blue
6632,191,Bright_Light_Orange
6632,272,Dark_Blue
6632,320,Dark_Red
6632,484,Dark_Orange
6636,0,Black
6636,1,Blue
6636,2,Green
6636,3,Dark_Turquoise
6636,4,Red
6636,5,Dark_Pink
6636,6,Brown
6636,7,Light_Gray
6636,8,Dark_Gray
6636,10,Bright_Green
6636,11,Light_Turquoise
6636,14,Yellow
6636,15,White
6636,19,Tan
6636,25,Orange
6636,26,Magenta
6636,27,Lime
6636,28,Dark_Tan
6636,29,Bright_Pink
6636,30,Medium_Lavender
6636,31,Lavender
6636,70,Reddish_Brown
6636,71,Light_Bluish_Gray
6636,72,Dark_Bluish_Gray
6636,73,Medium_Blue
6636,85,Dark_Purple
6636,89,Blue_Violet
6636,151,Very_Light_Bluish_Gray
6636,191,Bright_Light_Orange
6636,226,Bright_Light_Yellow
6636,272,Dark_Blue
6636,288,Dark_Green
6636,308,Dark_Brown
6636,313,Maersk_Blue
6636,320,Dark_Red
6636,321,Dark_Azure
6636,322,Medium_Azure
6636,330,Olive_Green
6636,335,Sand_Red
6636,378,Sand_Green
6636,379,Sand_Blue
6636,462,Medium_Orange
6636,484,Dark_Orange
663626,0,Black
663626,1,Blue
663626,2,Green
663626,3,Dark_Turquoise
663626,4,Red
663626,5,Dark_Pink
663626,6,Brown
663626,7,Light_Gray
663626,8,Dark_Gray
663626,10,Bright_Green
663626,11,Light_Turquoise
663626,14,Yellow
663626,15,White
663626,19,Tan
663626,25,Orange
663626,26,Magenta
663626,27,Lime
663626,28,Dark_Tan
663626,29,Bright_Pink
663626,30,Medium_Lavender
663626,31,Lavender
663626,70,Reddish_Brown
663626,71,Light_Bluish_Gray
663626,72,Dark_Bluish_Gray
663626,73,Medium_Blue
663626,85,Dark_Purple
663626,89,Blue_Violet
663626,151,Very_Light_Bluish_Gray
663626,191,Bright_Light_Orange
663626,226,Bright_Light_Yellow
663626,272,Dark_Blue
663626,288,Dark_Green
663626,308,Dark_Brown
663626,313,Maersk_Blue
663626,320,Dark_Red
663626,321,Dark_Azure
663626,322,Medium_Azure
663626,330,Olive_Green
663626,335,Sand_Red
663626,378,Sand_Green
663626,379,Sand_Blue
663626,462,Medium_Orange
663626,484,Dark_Orange
6637,7,Light_Gray
6641,0,Black
6641,4,Red
6641,6,Brown
6641,7,Light_Gray
6641,15,White
6641,19,Tan
6641,25,Orange
6641,71,Light_Bluish_Gray
6642,8,Dark_Gray
6643,6,Brown
6643,8,Dark_Gray
6644,0,Black
6644,6,Brown
6644a,0,Black
6644a,6,Brown
6647,19,Tan
6667,0,Black
66727,0,Black
66727,4,Red
66727,15,White
66727,72,Dark_Bluish_Gray
66727,85,Dark_Purple
66757,14,Yellow
66787,0,Black
66787,10,Bright_Green
66787,14,Yellow
66788,1,Blue
66788,4,Red
66788,5,Dark_Pink
66788,14,Yellow
66788,15,White
66788,27,Lime
66788,29,Bright_Pink
66788,321,Dark_Azure
66788,323,Light_Aqua
66789,1,Blue
66789,4,Red
66789,10,Bright_Green
66789,14,Yellow
66789,15,White
66789,19,Tan
66789,27,Lime
66789,70,Reddish_Brown
66789,71,Light_Bluish_Gray
66789,85,Dark_Purple
66789,321,Dark_Azure
66789,322,Medium_Azure
66789,484,Dark_Orange
66790,1,Blue
66790,2,Green
66790,4,Red
66790,10,Bright_Green
66790,14,Yellow
66790,15,White
66790,25,Orange
66790,27,Lime
66790,73,Medium_Blue
66790,85,Dark_Purple
66790,484,Dark_Orange
66792,0,Black
66792,1,Blue
66792,4,Red
66792,10,Bright_Green
66792,14,Yellow
66792,15,White
66792,19,Tan
66792,25,Orange
66792,70,Reddish_Brown
66792,71,Light_Bluish_Gray
66792,85,Dark_Purple
66792,191,Bright_Light_Orange
66792,272,Dark_Blue
66792,321,Dark_Azure
66792,322,Medium_Azure
66792,484,Dark_Orange
6682,0,Black
6682,4,Red
6682,10,Bright_Green
6682,26,Magenta
6682,71,Light_Bluish_Gray
66821,0,Black
66821,1,Blue
66821,3,Dark_Turquoise
66821,4,Red
66821,5,Dark_Pink
66821,15,White
66821,26,Magenta
66821,29,Bright_Pink
66821,30,Medium_Lavender
66821,31,Lavender
66821,85,Dark_Purple
66821,191,Bright_Light_Orange
66821,226,Bright_Light_Yellow
66821,322,Medium_Azure
66821,323,Light_Aqua
66821,326,Yellowish_Green
66855,72,Dark_Bluish_Gray
66857,0,Black
66857,2,Green
66857,3,Dark_Turquoise
66857,4,Red
66857,14,Yellow
66857,15,White
66857,19,Tan
66857,29,Bright_Pink
66857,70,Reddish_Brown
66857,71,Light_Bluish_Gray
66857,72,Dark_Bluish_Gray
66857,191,Bright_Light_Orange
66857,226,Bright_Light_Yellow
66857,378,Sand_Green
66857,484,Dark_Orange
66858,0,Black
66858,1,Blue
66858,2,Green
66858,3,Dark_Turquoise
66858,4,Red
66858,5,Dark_Pink
66858,14,Yellow
66858,15,White
66858,25,Orange
66858,26,Magenta
66858,29,Bright_Pink
66858,70,Reddish_Brown
66858,85,Dark_Purple
66858,321,Dark_Azure
66858,323,Light_Aqua
66859,1,Blue
66859,2,Green
66859,5,Dark_Pink
66859,14,Yellow
66859,25,Orange
66859,26,Magenta
66859,70,Reddish_Brown
66859,85,Dark_Purple
66859,191,Bright_Light_Orange
6686,0,Black
66909,0,Black
66909,4,Red
66909,10,Bright_Green
66909,19,Tan
66909,28,Dark_Tan
66909,71,Light_Bluish_Gray
66909,72,Dark_Bluish_Gray
66909,378,Sand_Green
66913,0,Black
66913,3,Dark_Turquoise
66913,4,Red
66913,27,Lime
66913,28,Dark_Tan
66913,31,Lavender
66956,0,Black
66956,1,Blue
66956,3,Dark_Turquoise
66956,4,Red
66956,10,Bright_Green
66956,14,Yellow
66956,15,White
66956,25,Orange
66956,27,Lime
66956,28,Dark_Tan
66956,29,Bright_Pink
66956,30,Medium_Lavender
66956,70,Reddish_Brown
66956,71,Light_Bluish_Gray
66956,85,Dark_Purple
66956,191,Bright_Light_Orange
66956,226,Bright_Light_Yellow
66956,308,Dark_Brown
66956,320,Dark_Red
66956,321,Dark_Azure
66956,330,Olive_Green
66956,378,Sand_Green
66961,0,Black
66965,19,Tan
66967,15,White
670,6,Brown
670,14,Yellow
67075,0,Black
67075,15,White
67075,226,Bright_Light_Yellow
67095,0,Black
67095,2,Green
67095,4,Red
67095,14,Yellow
67095,15,White
67095,19,Tan
67095,28,Dark_Tan
67095,30,Medium_Lavender
67095,70,Reddish_Brown
67095,71,Light_Bluish_Gray
67095,72,Dark_Bluish_Gray
67095,85,Dark_Purple
67095,191,Bright_Light_Orange
67095,272,Dark_Blue
67095,320,Dark_Red
67095,321,Dark_Azure
67095,322,Medium_Azure
67095,484,Dark_Orange
671,4,Red
6712,15,White
67138,4,Red
67138,15,White
67140,0,Black
67141,4,Red
67141,27,Lime
67142,0,Black
67142,1,Blue
67142,4,Red
67142,27,Lime
67142,72,Dark_Bluish_Gray
67142,191,Bright_Light_Orange
67142,272,Dark_Blue
67196,1,Blue
67196,3,Dark_Turquoise
67196,25,Orange
67196,26,Magenta
67196,29,Bright_Pink
67196,30,Medium_Lavender
67196,31,Lavender
67196,85,Dark_Purple
67196,226,Bright_Light_Yellow
67196,272,Dark_Blue
67196,322,Medium_Azure
67196,323,Light_Aqua
67245,14,Yellow
67245,15,White
67245,191,Bright_Light_Orange
67245,272,Dark_Blue
67329,0,Black
67329,1,Blue
67329,2,Green
67329,4,Red
67329,5,Dark_Pink
67329,14,Yellow
67329,15,White
67329,29,Bright_Pink
67329,71,Light_Bluish_Gray
67329,72,Dark_Bluish_Gray
67329,226,Bright_Light_Yellow
67329,272,Dark_Blue
67329,484,Dark_Orange
67337,379,Sand_Blue
67338,15,White
67338,19,Tan
67338,31,Lavender
67338,191,Bright_Light_Orange
67338,484,Dark_Orange
67440,0,Black
67440,1,Blue
67440,4,Red
67440,15,White
67440,72,Dark_Bluish_Gray
67440,320,Dark_Red
67440,323,Light_Aqua
67446,71,Light_Bluish_Gray
67446,72,Dark_Bluish_Gray
67491,0,Black
67491,2,Green
67491,14,Yellow
67491,71,Light_Bluish_Gray
67491,72,Dark_Bluish_Gray
67631,70,Reddish_Brown
67632,19,Tan
67632,484,Dark_Orange
67695,0,Black
67695,4,Red
67695,15,White
67695,70,Reddish_Brown
67695,72,Dark_Bluish_Gray
67695,272,Dark_Blue
67695,288,Dark_Green
67696,0,Black
67696,1,Blue
67696,2,Green
67696,4,Red
67696,14,Yellow
67696,15,White
67696,19,Tan
67696,25,Orange
67696,29,Bright_Pink
67696,70,Reddish_Brown
67696,72,Dark_Bluish_Gray
67696,85,Dark_Purple
67696,272,Dark_Blue
67696,288,Dark_Green
67696,308,Dark_Brown
67696,320,Dark_Red
67696,321,Dark_Azure
67704,3,Dark_Turquoise
67737,0,Black
678,4,Red
67810,0,Black
67810,2,Green
67810,3,Dark_Turquoise
67810,4,Red
67810,10,Bright_Green
67810,14,Yellow
67810,15,White
67810,19,Tan
67810,29,Bright_Pink
67810,30,Medium_Lavender
67810,70,Reddish_Brown
67810,71,Light_Bluish_Gray
67810,72,Dark_Bluish_Gray
67810,85,Dark_Purple
67810,191,Bright_Light_Orange
67810,320,Dark_Red
67810,322,Medium_Azure
67810,323,Light_Aqua
67810,378,Sand_Green
67811,0,Black
67811,14,Yellow
67811,15,White
67811,288,Dark_Green
679,6,Brown
67928,15,White
6797,7,Light_Gray
6797,17,Light_Green
6798,0,Black
6798,2,Green
6798,15,White
6798,85,Dark_Purple
6801,0,Black
6801,1,Blue
6801,4,Red
6801,5,Dark_Pink
6801,10,Bright_Green
6801,14,Yellow
6801,15,White
6801,19,Tan
6801,25,Orange
6801,70,Reddish_Brown
6801,71,Light_Bluish_Gray
6801,72,Dark_Bluish_Gray
6801,212,Bright_Light_Blue
6801,288,Dark_Green
6801,322,Medium_Azure
68013,0,Black
68013,4,Red
68013,10,Bright_Green
68013,14,Yellow
68013,15,White
68013,19,Tan
68013,27,Lime
68013,70,Reddish_Brown
68013,71,Light_Bluish_Gray
68013,272,Dark_Blue
68013,322,Medium_Azure
68013,323,Light_Aqua
68013,379,Sand_Blue
6805,15,White
6806,0,Black
6806,10,Bright_Green
6806,15,White
6806,19,Tan
6806,25,Orange
6806,71,Light_Bluish_Gray
6806,72,Dark_Bluish_Gray
6813,0,Black
68196,0,Black
68196,1,Blue
68196,4,Red
68196,27,Lime
68196,72,Dark_Bluish_Gray
68196,191,Bright_Light_Orange
68196,272,Dark_Blue
68211,0,Black
68211,10,Bright_Green
68211,19,Tan
68211,70,Reddish_Brown
68211,323,Light_Aqua
6822,0,Black
6822,15,White
6822,27,Lime
6822,29,Bright_Pink
6822,191,Bright_Light_Orange
6822,272,Dark_Blue
6822,288,Dark_Green
6822,322,Medium_Azure
6823,0,Black
6823,15,White
6823,27,Lime
6823,29,Bright_Pink
6823,191,Bright_Light_Orange
6823,272,Dark_Blue
6823,288,Dark_Green
6823,322,Medium_Azure
6826,5,Dark_Pink
6826,15,White
68297,0,Black
68297,15,White
68297,28,Dark_Tan
68297,31,Lavender
68297,72,Dark_Bluish_Gray
68297,85,Dark_Purple
68297,320,Dark_Red
68297,330,Olive_Green
68325,0,Black
68325,3,Dark_Turquoise
68325,4,Red
68325,15,White
68325,19,Tan
68325,26,Magenta
68325,30,Medium_Lavender
68325,70,Reddish_Brown
68325,71,Light_Bluish_Gray
68325,226,Bright_Light_Yellow
68325,320,Dark_Red
68327,0,Black
68327,1,Blue
68327,4,Red
68327,14,Yellow
68327,15,White
68327,71,Light_Bluish_Gray
68327,72,Dark_Bluish_Gray
68327,378,Sand_Green
68327,379,Sand_Blue
68327,484,Dark_Orange
68382,71,Light_Bluish_Gray
685,14,Yellow
6851,1,Blue
6851,2,Green
6851,7,Light_Gray
6851,14,Yellow
6851,15,White
6851,71,Light_Bluish_Gray
68547,15,White
68547,25,Orange
68547,71,Light_Bluish_Gray
68547,191,Bright_Light_Orange
68568,0,Black
68568,1,Blue
68568,2,Green
68568,3,Dark_Turquoise
68568,4,Red
68568,14,Yellow
68568,15,White
68568,19,Tan
68568,25,Orange
68568,28,Dark_Tan
68568,31,Lavender
68568,70,Reddish_Brown
68568,71,Light_Bluish_Gray
68568,72,Dark_Bluish_Gray
68568,85,Dark_Purple
68568,191,Bright_Light_Orange
68568,212,Bright_Light_Blue
68568,272,Dark_Blue
68568,288,Dark_Green
68568,320,Dark_Red
68568,321,Dark_Azure
68568,322,Medium_Azure
68568,323,Light_Aqua
68568,484,Dark_Orange
688,2,Green
6881a,503,Very_Light_Gray
6881b,1,Blue
6881b,12,Salmon
6881b,15,White
6881b,71,Light_Bluish_Gray
6881b,115,Medium_Lime
6881b,118,Aqua
6881b,288,Dark_Green
68869,15,White
68869,71,Light_Bluish_Gray
68869,191,Bright_Light_Orange
68869,226,Bright_Light_Yellow
68869,322,Medium_Azure
68888,10,Bright_Green
68888,70,Reddish_Brown
68888,72,Dark_Bluish_Gray
6899,0,Black
6899,27,Lime
6900,5,Dark_Pink
6900,226,Bright_Light_Yellow
6901,3,Dark_Turquoise
6901,14,Yellow
6901,15,White
6901,19,Tan
6901,25,Orange
6901,26,Magenta
6901,29,Bright_Pink
6901,30,Medium_Lavender
6901,70,Reddish_Brown
6901,89,Blue_Violet
6901,212,Bright_Light_Blue
6901,326,Yellowish_Green
69060,1,Blue
69060,4,Red
69060,27,Lime
69066,0,Black
69066,308,Dark_Brown
6908,0,Black
6908,1,Blue
6908,4,Red
6908,5,Dark_Pink
6908,15,White
6908,27,Lime
6908,28,Dark_Tan
6908,308,Dark_Brown
6920,0,Black
6923,18,Light_Yellow
6923,125,Light_Orange
6923,462,Medium_Orange
6923,503,Very_Light_Gray
6929,0,Black
6929,2,Green
6929,4,Red
6929,14,Yellow
6929,15,White
6929,72,Dark_Bluish_Gray
6929,272,Dark_Blue
6929,288,Dark_Green
6930,0,Black
6930,2,Green
6930,4,Red
6930,14,Yellow
6930,15,White
6930,72,Dark_Bluish_Gray
6930,272,Dark_Blue
6930,288,Dark_Green
6934,15,White
6934,25,Orange
6934,115,Medium_Lime
6934,503,Very_Light_Gray
6936,14,Yellow
6936,15,White
6936,71,Light_Bluish_Gray
6940,12,Salmon
6940,25,Orange
6940,115,Medium_Lime
6940,118,Aqua
6940,462,Medium_Orange
6942,0,Black
6942,4,Red
6942,12,Salmon
6942,14,Yellow
6942,15,White
6942,25,Orange
6942,26,Magenta
6942,71,Light_Bluish_Gray
6942,72,Dark_Bluish_Gray
6942,74,Medium_Green
6957,3,Dark_Turquoise
6957,4,Red
6957,15,White
6957,226,Bright_Light_Yellow
69636,0,Black
69636,71,Light_Bluish_Gray
6965,12,Salmon
6965,14,Yellow
6965,100,Light_Salmon
6965,120,Light_Lime
6965,462,Medium_Orange
6969,15,White
6969,18,Light_Yellow
6969,25,Orange
6969,100,Light_Salmon
6970,0,Black
6970,3,Dark_Turquoise
6970,4,Red
6970,27,Lime
69729,0,Black
69729,1,Blue
69729,2,Green
69729,3,Dark_Turquoise
69729,4,Red
69729,5,Dark_Pink
69729,10,Bright_Green
69729,14,Yellow
69729,15,White
69729,19,Tan
69729,25,Orange
69729,27,Lime
69729,28,Dark_Tan
69729,30,Medium_Lavender
69729,31,Lavender
69729,70,Reddish_Brown
69729,71,Light_Bluish_Gray
69729,72,Dark_Bluish_Gray
69729,85,Dark_Purple
69729,191,Bright_Light_Orange
69729,212,Bright_Light_Blue
69729,272,Dark_Blue
69729,288,Dark_Green
69729,320,Dark_Red
69729,321,Dark_Azure
69729,322,Medium_Azure
69729,323,Light_Aqua
69729,326,Yellowish_Green
69729,378,Sand_Green
69729,484,Dark_Orange
69754,29,Bright_Pink
69754,71,Light_Bluish_Gray
69755,72,Dark_Bluish_Gray
69761,14,Yellow
69762,14,Yellow
69762,25,Orange
69762,484,Dark_Orange
69767,0,Black
69767,15,White
69778,1,Blue
69779,321,Dark_Azure
69787,19,Tan
69787,72,Dark_Bluish_Gray
69788,71,Light_Bluish_Gray
69789,71,Light_Bluish_Gray
69790,71,Light_Bluish_Gray
6981-f1,72,Dark_Bluish_Gray
69819,0,Black
69819,2,Green
69819,4,Red
69819,14,Yellow
69819,15,White
69819,25,Orange
69819,71,Light_Bluish_Gray
69819,72,Dark_Bluish_Gray
69819,272,Dark_Blue
69858,0,Black
69858,320,Dark_Red
69858,323,Light_Aqua
6986,4,Red
6986,19,Tan
6986,29,Bright_Pink
6986,226,Bright_Light_Yellow
6987,0,Black
69900,71,Light_Bluish_Gray
69906,0,Black
69906,3,Dark_Turquoise
69906,4,Red
69906,14,Yellow
69906,29,Bright_Pink
69906,30,Medium_Lavender
69906,85,Dark_Purple
69906,191,Bright_Light_Orange
69906,272,Dark_Blue
69906,321,Dark_Azure
69909,0,Black
6991,71,Light_Bluish_Gray
69910,14,Yellow
69911,0,Black
69911,4,Red
69911,72,Dark_Bluish_Gray
69912,0,Black
69934,0,Black
69934,28,Dark_Tan
69934,85,Dark_Purple
69934,378,Sand_Green
69934,379,Sand_Blue
69934,484,Dark_Orange
69945,25,Orange
69947,484,Dark_Orange
69948,30,Medium_Lavender
69949,73,Medium_Blue
69958,72,Dark_Bluish_Gray
69958,272,Dark_Blue
69958,330,Olive_Green
69963,72,Dark_Bluish_Gray
69964,0,Black
69984,0,Black
69984,5,Dark_Pink
69c01,1,Blue
69c01,14,Yellow
69c01,15,White
7,0,Black
7,15,White
7,118,Aqua
70022,0,Black
70026,7,Light_Gray
700a,7,Light_Gray
700a,14,Yellow
700b,1,Blue
700b,2,Green
700b,4,Red
700b,7,Light_Gray
700b,14,Yellow
700b,15,White
70162,0,Black
70162,14,Yellow
70162,322,Medium_Azure
70163,0,Black
702,0,Black
702,1,Blue
702,4,Red
702,14,Yellow
702,15,White
7026c,4,Red
70278,0,Black
7035,0,Black
70358,0,Black
7037,10,Bright_Green
7037,15,White
7037,19,Tan
7037,28,Dark_Tan
7037,70,Reddish_Brown
7037,71,Light_Bluish_Gray
7037,191,Bright_Light_Orange
7039,4,Red
70490,0,Black
70496,0,Black
7049a,15,White
7062,15,White
7064,0,Black
7064,3,Dark_Turquoise
70646,0,Black
70646,15,White
7065,15,White
7068,0,Black
7068,14,Yellow
7068,15,White
7068,19,Tan
7068,26,Magenta
7068,321,Dark_Azure
70681,0,Black
70681,1,Blue
70681,2,Green
70681,3,Dark_Turquoise
70681,4,Red
70681,10,Bright_Green
70681,14,Yellow
70681,15,White
70681,19,Tan
70681,25,Orange
70681,26,Magenta
70681,28,Dark_Tan
70681,29,Bright_Pink
70681,30,Medium_Lavender
70681,31,Lavender
70681,70,Reddish_Brown
70681,71,Light_Bluish_Gray
70681,72,Dark_Bluish_Gray
70681,85,Dark_Purple
70681,89,Blue_Violet
70681,191,Bright_Light_Orange
70681,212,Bright_Light_Blue
70681,272,Dark_Blue
70681,288,Dark_Green
70681,308,Dark_Brown
70681,320,Dark_Red
70681,322,Medium_Azure
70681,378,Sand_Green
70681,379,Sand_Blue
70681,484,Dark_Orange
70688,71,Light_Bluish_Gray
70695,0,Black
70695,71,Light_Bluish_Gray
7077,0,Black
7077,484,Dark_Orange
7078,0,Black
7078,27,Lime
7078,70,Reddish_Brown
7078,72,Dark_Bluish_Gray
708,0,Black
708,1,Blue
708,4,Red
708,7,Light_Gray
708,14,Yellow
708,15,White
70823,4,Red
70880,72,Dark_Bluish_Gray
70880,272,Dark_Blue
709,0,Black
709,1,Blue
709,4,Red
709,14,Yellow
7095,15,White
7096,2,Green
7096,5,Dark_Pink
7096,10,Bright_Green
7096,15,White
7096,25,Orange
7096,26,Magenta
7096,85,Dark_Purple
7096,89,Blue_Violet
70961,0,Black
70962,0,Black
70973,1,Blue
70973,5,Dark_Pink
70973,351,Medium_Dark_Pink
70978,8,Dark_Gray
70978,14,Yellow
70978,15,White
70978,71,Light_Bluish_Gray
710,15,White
7101,0,Black
7101,2,Green
7101,3,Dark_Turquoise
7101,4,Red
7101,10,Bright_Green
7101,14,Yellow
7101,25,Orange
7101,27,Lime
7101,71,Light_Bluish_Gray
7101,272,Dark_Blue
7101,321,Dark_Azure
71015,19,Tan
71015,70,Reddish_Brown
71015,378,Sand_Green
71075,7,Light_Gray
71075a,7,Light_Gray
71076,7,Light_Gray
71076a,7,Light_Gray
711,0,Black
711,1,Blue
711,4,Red
711,14,Yellow
71175,0,Black
71175,2,Green
71175,4,Red
71175,8,Dark_Gray
71175,14,Yellow
71175,15,White
71175,70,Reddish_Brown
71175,71,Light_Bluish_Gray
71175,72,Dark_Bluish_Gray
71177,0,Black
71177,4,Red
71177,8,Dark_Gray
71177,70,Reddish_Brown
71177,71,Light_Bluish_Gray
71177,72,Dark_Bluish_Gray
71177,320,Dark_Red
71192,0,Black
71192,8,Dark_Gray
71192,14,Yellow
71192,15,White
71192,19,Tan
71192,22,Purple
71192,70,Reddish_Brown
71192,71,Light_Bluish_Gray
71194,0,Black
71194,1,Blue
71194,8,Dark_Gray
71194,14,Yellow
712,15,White
7126,0,Black
7126,1,Blue
7126,4,Red
7126,10,Bright_Green
7126,14,Yellow
7126,15,White
7126,19,Tan
7126,25,Orange
7126,27,Lime
7126,29,Bright_Pink
7126,71,Light_Bluish_Gray
7126,191,Bright_Light_Orange
7126,272,Dark_Blue
7126,288,Dark_Green
7126,321,Dark_Azure
7126,322,Medium_Azure
712a,4,Red
712a,15,White
712b,15,White
713,15,White
713a,4,Red
713a,15,White
713b,15,White
71427,7,Light_Gray
71427c01,7,Light_Gray
71505,0,Black
71505,1,Blue
71505,4,Red
71505,8,Dark_Gray
71505,14,Yellow
71505,19,Tan
71505,25,Orange
71505,70,Reddish_Brown
71505,71,Light_Bluish_Gray
71551,0,Black
71551,1,Blue
71551,2,Green
71551,8,Dark_Gray
71551,15,White
71551,70,Reddish_Brown
71551,71,Light_Bluish_Gray
71582,0,Black
71582,1,Blue
71582,4,Red
71582,8,Dark_Gray
71582,15,White
71582,70,Reddish_Brown
716,15,White
71603,8,Dark_Gray
71682,0,Black
71682,1,Blue
71682,2,Green
71682,3,Dark_Turquoise
71682,4,Red
71682,14,Yellow
71682,15,White
71682,25,Orange
71682,27,Lime
71682,28,Dark_Tan
71682,71,Light_Bluish_Gray
71682,72,Dark_Bluish_Gray
71682,73,Medium_Blue
71682,191,Bright_Light_Orange
71682,272,Dark_Blue
71682,321,Dark_Azure
71689,0,Black
71689,4,Red
71689,71,Light_Bluish_Gray
71689,272,Dark_Blue
71708,0,Black
71708,2,Green
71708,4,Red
71708,10,Bright_Green
71708,14,Yellow
71708,15,White
71708,25,Orange
71708,27,Lime
71708,28,Dark_Tan
71708,71,Light_Bluish_Gray
71708,72,Dark_Bluish_Gray
71708,73,Medium_Blue
71708,191,Bright_Light_Orange
71708,272,Dark_Blue
71708,321,Dark_Azure
71708,379,Sand_Blue
71709,0,Black
71709,1,Blue
71709,2,Green
71709,3,Dark_Turquoise
71709,4,Red
71709,10,Bright_Green
71709,14,Yellow
71709,15,White
71709,25,Orange
71709,72,Dark_Bluish_Gray
71709,191,Bright_Light_Orange
71709,272,Dark_Blue
71709,321,Dark_Azure
71710,0,Black
71710,4,Red
71710,15,White
71710,72,Dark_Bluish_Gray
71720,0,Black
71720,1,Blue
71721,0,Black
71722,0,Black
71752,0,Black
71752,19,Tan
71752,71,Light_Bluish_Gray
71771,4,Red
71771,72,Dark_Bluish_Gray
71771,321,Dark_Azure
71772,25,Orange
71772,27,Lime
71772,28,Dark_Tan
71772,72,Dark_Bluish_Gray
71772,321,Dark_Azure
71819,0,Black
71819,1,Blue
71819,3,Dark_Turquoise
71819,4,Red
71819,14,Yellow
71819,15,White
71819,22,Purple
71819,25,Orange
71861,1,Blue
71861,14,Yellow
71861,191,Bright_Light_Orange
71861,351,Medium_Dark_Pink
71874,0,Black
71874,1,Blue
71874,2,Green
71874,4,Red
71874,5,Dark_Pink
71874,6,Brown
71874,7,Light_Gray
71874,8,Dark_Gray
71874,13,Pink
71874,14,Yellow
71874,15,White
71874,18,Light_Yellow
71874,19,Tan
71874,25,Orange
71874,27,Lime
71874,28,Dark_Tan
71874,29,Bright_Pink
71874,70,Reddish_Brown
71874,71,Light_Bluish_Gray
71874,72,Dark_Bluish_Gray
71874,89,Blue_Violet
71874,191,Bright_Light_Orange
71874,320,Dark_Red
71874,323,Light_Aqua
71874,351,Medium_Dark_Pink
71874,378,Sand_Green
71874,379,Sand_Blue
71917,0,Black
71917,3,Dark_Turquoise
71917,4,Red
71917,14,Yellow
71917,22,Purple
71923,0,Black
71923,1,Blue
71923,2,Green
71923,3,Dark_Turquoise
71923,4,Red
71923,14,Yellow
71923,15,White
71923,272,Dark_Blue
71945,0,Black
71945,6,Brown
71946,0,Black
71947,7,Light_Gray
71947,22,Purple
71949,0,Black
71949,1,Blue
71949,14,Yellow
71949,27,Lime
71951,0,Black
71951,1,Blue
71951,3,Dark_Turquoise
71951,7,Light_Gray
71951,15,White
71951,22,Purple
71952,0,Black
71952,1,Blue
71952,3,Dark_Turquoise
71952,4,Red
71952,6,Brown
71952,7,Light_Gray
71952,15,White
71952,19,Tan
71952,22,Purple
71958,4,Red
7196,28,Dark_Tan
71965-f1,0,Black
71986,0,Black
71986,1,Blue
71986,4,Red
71986,15,White
71986,22,Purple
720,4,Red
720,15,White
72008,0,Black
72008,4,Red
72008,15,White
7202,4,Red
7202,71,Light_Bluish_Gray
7202,226,Bright_Light_Yellow
7202,320,Dark_Red
72024,1,Blue
72024,29,Bright_Pink
72024,226,Bright_Light_Yellow
72024,323,Light_Aqua
72039,0,Black
72039,1,Blue
72039,6,Brown
7205,0,Black
7205,4,Red
7205,5,Dark_Pink
7205,14,Yellow
7205,15,White
7205,25,Orange
7205,89,Blue_Violet
7205,272,Dark_Blue
7205,288,Dark_Green
7206,0,Black
7206,4,Red
7206,5,Dark_Pink
7206,14,Yellow
7206,15,White
7206,25,Orange
7206,89,Blue_Violet
7206,272,Dark_Blue
7206,288,Dark_Green
721,7,Light_Gray
7211,0,Black
7212,4,Red
7212,15,White
7212,89,Blue_Violet
7212,322,Medium_Azure
72156,15,White
7217,0,Black
7217,4,Red
7217,15,White
7217,71,Light_Bluish_Gray
7217,272,Dark_Blue
7217,320,Dark_Red
7217,322,Medium_Azure
7218,71,Light_Bluish_Gray
722,7,Light_Gray
72206,0,Black
72206,4,Red
72206,14,Yellow
72206,26,Magenta
72206,27,Lime
72206,72,Dark_Bluish_Gray
7221,15,White
7221,19,Tan
7221,321,Dark_Azure
72210a,0,Black
72210b,0,Black
7229,0,Black
7229,2,Green
7229,3,Dark_Turquoise
7229,10,Bright_Green
7229,15,White
7229,71,Light_Bluish_Gray
7230,15,White
72326,0,Black
72326,4,Red
72326,10,Bright_Green
72326,15,White
72326,27,Lime
72326,72,Dark_Bluish_Gray
72326,191,Bright_Light_Orange
72326,272,Dark_Blue
7236,0,Black
7236,15,White
7236,71,Light_Bluish_Gray
7244,0,Black
7244,4,Red
7244,25,Orange
72454,0,Black
72454,2,Green
72454,4,Red
72454,14,Yellow
72454,15,White
72454,25,Orange
72454,70,Reddish_Brown
72454,72,Dark_Bluish_Gray
72454,272,Dark_Blue
72475,4,Red
7249,15,White
7249,71,Light_Bluish_Gray
7249,85,Dark_Purple
7249,191,Bright_Light_Orange
7249,272,Dark_Blue
7249,322,Medium_Azure
7249,378,Sand_Green
72490c01,7,Light_Gray
72504,0,Black
72504,1,Blue
72504,4,Red
72504,14,Yellow
72504,15,White
72504,22,Purple
72504,73,Medium_Blue
727,1,Blue
727,4,Red
727,14,Yellow
72706,0,Black
72706,1,Blue
72706,2,Green
72706,4,Red
72706,7,Light_Gray
72706,14,Yellow
72706,15,White
7276,1,Blue
7276,288,Dark_Green
728,7,Light_Gray
72824,15,White
72824,23,Dark_Blue_Violet
72824,25,Orange
72853,0,Black
72853,1,Blue
72853,14,Yellow
72853,25,Orange
72869,0,Black
72869,25,Orange
72869,85,Dark_Purple
72869,288,Dark_Green
72892,15,White
7301,71,Light_Bluish_Gray
7302,0,Black
7302,1,Blue
7302,2,Green
7302,3,Dark_Turquoise
7302,4,Red
7302,14,Yellow
7302,15,White
7302,25,Orange
7302,27,Lime
7302,70,Reddish_Brown
7302,288,Dark_Green
7302,321,Dark_Azure
7302,326,Yellowish_Green
73037,0,Black
73037,1,Blue
73037,4,Red
73037,7,Light_Gray
73037,14,Yellow
73071,7,Light_Gray
73081,0,Black
73081,1,Blue
73081,4,Red
73081,7,Light_Gray
73081,14,Yellow
73081,15,White
73081,71,Light_Bluish_Gray
73090,0,Black
73090,1,Blue
73090,4,Red
73090a,0,Black
73090a,1,Blue
73090a,4,Red
73090b,0,Black
73090b,4,Red
73092,0,Black
73109,0,Black
73109,1,Blue
73109,4,Red
73109,15,White
73109,70,Reddish_Brown
73109,71,Light_Bluish_Gray
73109,89,Blue_Violet
73110,71,Light_Bluish_Gray
73111,0,Black
73111,3,Dark_Turquoise
73111,14,Yellow
73111,15,White
73111,27,Lime
73111,70,Reddish_Brown
73111,71,Light_Bluish_Gray
73111,72,Dark_Bluish_Gray
73111,85,Dark_Purple
73111,272,Dark_Blue
73112,7,Light_Gray
73194c01,0,Black
73194c01,1,Blue
73194c01,4,Red
73194c01,7,Light_Gray
73194c01,14,Yellow
73194c01,15,White
73194c01,71,Light_Bluish_Gray
7323,10,Bright_Green
7323,15,White
7323,19,Tan
7323,25,Orange
7323,73,Medium_Blue
7323,226,Bright_Light_Yellow
73230,0,Black
73230,1,Blue
73230,3,Dark_Turquoise
73230,4,Red
73230,14,Yellow
73230,15,White
73230,19,Tan
73230,25,Orange
73230,70,Reddish_Brown
73230,71,Light_Bluish_Gray
73230,72,Dark_Bluish_Gray
73230,85,Dark_Purple
73230,212,Bright_Light_Blue
73230,321,Dark_Azure
73230,378,Sand_Green
7324,0,Black
7324,10,Bright_Green
7324,15,White
7324,19,Tan
7324,25,Orange
7324,28,Dark_Tan
7324,29,Bright_Pink
7324,30,Medium_Lavender
7324,70,Reddish_Brown
7324,71,Light_Bluish_Gray
7324,288,Dark_Green
73261,7,Light_Gray
73264,7,Light_Gray
73264c01,7,Light_Gray
73272,0,Black
73272,29,Bright_Pink
7329,0,Black
7329,10,Bright_Green
7329,15,White
7329,19,Tan
7329,28,Dark_Tan
7329,70,Reddish_Brown
733,0,Black
733,4,Red
733,7,Light_Gray
733,14,Yellow
73312,0,Black
73312,1,Blue
73312,4,Red
73312,15,White
73313,14,Yellow
7335,0,Black
7345,15,White
7345,484,Dark_Orange
73485,0,Black
735,1,Blue
735,4,Red
73507,0,Black
73507,71,Light_Bluish_Gray
73507,72,Dark_Bluish_Gray
73507,191,Bright_Light_Orange
73538,71,Light_Bluish_Gray
73562,0,Black
73562,4,Red
73562,5,Dark_Pink
73562,15,White
73562,19,Tan
73562,25,Orange
73562,29,Bright_Pink
73562,71,Light_Bluish_Gray
73562,72,Dark_Bluish_Gray
73562,212,Bright_Light_Blue
73562,272,Dark_Blue
73562,322,Medium_Azure
73562,378,Sand_Green
73590,0,Black
73590,7,Light_Gray
73590,14,Yellow
73590,15,White
73590a,0,Black
73590a,10,Bright_Green
73590b,0,Black
73590b,7,Light_Gray
73590b,14,Yellow
73590b,15,White
73590c02b,14,Yellow
73590c03b,14,Yellow
73593,1,Blue
73593,14,Yellow
73593,15,White
73603,0,Black
73603,1,Blue
73603,4,Red
73603,7,Light_Gray
73603,15,White
73603,71,Light_Bluish_Gray
73666,15,White
73682,0,Black
73682,1,Blue
73682,30,Medium_Lavender
73682,212,Bright_Light_Blue
73682,288,Dark_Green
73682,320,Dark_Red
73682,378,Sand_Green
73696,7,Light_Gray
73697c00,7,Light_Gray
736c02,0,Black
737,4,Red
73740,0,Black
73740,15,White
73741,0,Black
73741,1,Blue
73741,4,Red
73764,0,Black
73764,71,Light_Bluish_Gray
73825,0,Black
73825,1,Blue
73825,2,Green
73825,3,Dark_Turquoise
73825,4,Red
73825,5,Dark_Pink
73825,10,Bright_Green
73825,14,Yellow
73825,15,White
73825,19,Tan
73825,25,Orange
73825,26,Magenta
73825,28,Dark_Tan
73825,29,Bright_Pink
73825,70,Reddish_Brown
73825,71,Light_Bluish_Gray
73825,72,Dark_Bluish_Gray
73825,85,Dark_Purple
73825,191,Bright_Light_Orange
73825,212,Bright_Light_Blue
73825,226,Bright_Light_Yellow
73825,272,Dark_Blue
73825,288,Dark_Green
73825,320,Dark_Red
73825,321,Dark_Azure
73825,322,Medium_Azure
73825,378,Sand_Green
73825,379,Sand_Blue
73825,484,Dark_Orange
73828,2,Green
73831,0,Black
73831,1,Blue
73831,4,Red
73831,5,Dark_Pink
73831,10,Bright_Green
73831,19,Tan
73831,71,Light_Bluish_Gray
73831,308,Dark_Brown
73831,378,Sand_Green
73832,1,Blue
73832,4,Red
73832,10,Bright_Green
73832,71,Light_Bluish_Gray
73832,85,Dark_Purple
73832,321,Dark_Azure
73832,323,Light_Aqua
73839,0,Black
73878,0,Black
73878,10,Bright_Green
73878,14,Yellow
73878,15,White
73878,25,Orange
73878,29,Bright_Pink
73878,30,Medium_Lavender
73878,70,Reddish_Brown
73878,71,Light_Bluish_Gray
73878,272,Dark_Blue
73878,378,Sand_Green
73878,379,Sand_Blue
741,15,White
74166,15,White
74166,27,Lime
74166,71,Light_Bluish_Gray
74166,226,Bright_Light_Yellow
74166,323,Light_Aqua
74166,379,Sand_Blue
74169,0,Black
742,14,Yellow
74214,15,White
74214,71,Light_Bluish_Gray
74261,72,Dark_Bluish_Gray
743,1,Blue
744,4,Red
7452,0,Black
7452,14,Yellow
7452,71,Light_Bluish_Gray
7452,72,Dark_Bluish_Gray
74569p01,7,Light_Gray
74573,0,Black
74573,4,Red
74573,7,Light_Gray
74611,0,Black
74611,2,Green
74611,4,Red
74611,15,White
74611,19,Tan
74611,29,Bright_Pink
74611,31,Lavender
74611,70,Reddish_Brown
74611,71,Light_Bluish_Gray
74611,308,Dark_Brown
74611,321,Dark_Azure
74611,322,Medium_Azure
74611,323,Light_Aqua
74650,7,Light_Gray
74650,15,White
74650c02,0,Black
74650c02,14,Yellow
74650c03,14,Yellow
7469,15,White
74695,0,Black
74695,1,Blue
74695,2,Green
74695,3,Dark_Turquoise
74695,4,Red
74695,10,Bright_Green
74695,14,Yellow
74695,15,White
74695,25,Orange
74695,27,Lime
74695,28,Dark_Tan
74695,71,Light_Bluish_Gray
74695,72,Dark_Bluish_Gray
74695,73,Medium_Blue
74695,272,Dark_Blue
74695,321,Dark_Azure
74695,322,Medium_Azure
74695,330,Olive_Green
74698,0,Black
74698,72,Dark_Bluish_Gray
74699,0,Black
74741-f1,0,Black
74741-f1,8,Dark_Gray
74746,8,Dark_Gray
74746,72,Dark_Bluish_Gray
74747,8,Dark_Gray
74747,72,Dark_Bluish_Gray
749,0,Black
749,15,White
749,366,Earth_Orange
74967,0,Black
74967,4,Red
74967,10,Bright_Green
74967,14,Yellow
74967,15,White
74967,70,Reddish_Brown
74967,71,Light_Bluish_Gray
75,1,Blue
7508,19,Tan
75174,0,Black
75174,2,Green
7519,3,Dark_Turquoise
7519,25,Orange
7519,226,Bright_Light_Yellow
7520,3,Dark_Turquoise
7520,25,Orange
7520,226,Bright_Light_Yellow
75214,7,Light_Gray
7527,5,Dark_Pink
7527,10,Bright_Green
7527,15,White
7527,27,Lime
7527,29,Bright_Pink
7527,85,Dark_Purple
7527,272,Dark_Blue
7527,288,Dark_Green
7527,322,Medium_Azure
7527,330,Olive_Green
753,4,Red
7531,0,Black
7531,14,Yellow
7531,15,White
7531,25,Orange
7531,29,Bright_Pink
7531,71,Light_Bluish_Gray
7531,72,Dark_Bluish_Gray
7531,212,Bright_Light_Blue
7531,272,Dark_Blue
7531,322,Medium_Azure
7531,326,Yellowish_Green
7532,0,Black
7532,4,Red
7532,14,Yellow
7532,15,White
7532,19,Tan
7532,25,Orange
7532,29,Bright_Pink
7532,71,Light_Bluish_Gray
7532,212,Bright_Light_Blue
7532,272,Dark_Blue
7532,288,Dark_Green
7532,322,Medium_Azure
7532,326,Yellowish_Green
753c01,4,Red
753c02,4,Red
7547,4,Red
7547,15,White
7547,191,Bright_Light_Orange
75512,0,Black
75512,25,Orange
75512,72,Dark_Bluish_Gray
75512,85,Dark_Purple
75535,0,Black
75535,1,Blue
75535,3,Dark_Turquoise
75535,4,Red
75535,6,Brown
75535,7,Light_Gray
75535,14,Yellow
75535,15,White
75535,19,Tan
75535,22,Purple
75535,25,Orange
75535,71,Light_Bluish_Gray
75535,72,Dark_Bluish_Gray
75535,85,Dark_Purple
75535,320,Dark_Red
75535,378,Sand_Green
75538,14,Yellow
75538,25,Orange
75538,27,Lime
75538,72,Dark_Bluish_Gray
75538,85,Dark_Purple
75538,322,Medium_Azure
75539,25,Orange
75539,27,Lime
75539,72,Dark_Bluish_Gray
75541,8,Dark_Gray
75541,72,Dark_Bluish_Gray
75542,8,Dark_Gray
75542,72,Dark_Bluish_Gray
7571,288,Dark_Green
75902,0,Black
75902,4,Red
75902,72,Dark_Bluish_Gray
75902,288,Dark_Green
75902,308,Dark_Brown
75902,320,Dark_Red
75904,2,Green
75904,71,Light_Bluish_Gray
75937,0,Black
75937,2,Green
75937,15,White
75937,19,Tan
75937,26,Magenta
75937,71,Light_Bluish_Gray
75937,226,Bright_Light_Yellow
75937,320,Dark_Red
75937,378,Sand_Green
75973,7,Light_Gray
75973,71,Light_Bluish_Gray
75974,1,Blue
75974,15,White
75977,0,Black
75977,14,Yellow
75977,25,Orange
75977,26,Magenta
75977,30,Medium_Lavender
75977,72,Dark_Bluish_Gray
75977,226,Bright_Light_Yellow
75977,272,Dark_Blue
75977,330,Olive_Green
75977,351,Medium_Dark_Pink
75979,14,Yellow
75979,15,White
75979bp01,14,Yellow
75979bp01,15,White
75979bp02,7,Light_Gray
76019,15,White
76116,0,Black
76116,1,Blue
76116,4,Red
76116,14,Yellow
76116,15,White
76116,19,Tan
76116,25,Orange
76116,26,Magenta
76116,28,Dark_Tan
76116,70,Reddish_Brown
76116,72,Dark_Bluish_Gray
76116,212,Bright_Light_Blue
76116,272,Dark_Blue
76116,288,Dark_Green
76116,320,Dark_Red
76116,322,Medium_Azure
76116,330,Olive_Green
76138,1,Blue
76138,3,Dark_Turquoise
76138,4,Red
76138,7,Light_Gray
76138,8,Dark_Gray
76138,71,Light_Bluish_Gray
7616,0,Black
76244,7,Light_Gray
76244,15,White
76250,0,Black
76250,1,Blue
76250,4,Red
76250,8,Dark_Gray
76250,15,White
76252,0,Black
76252,8,Dark_Gray
76252,14,Yellow
76252,15,White
76252,72,Dark_Bluish_Gray
76254,4,Red
76254,14,Yellow
76254,72,Dark_Bluish_Gray
76260,0,Black
76260,4,Red
76260,8,Dark_Gray
76260,14,Yellow
76260,25,Orange
76260,71,Light_Bluish_Gray
76260,272,Dark_Blue
76260,320,Dark_Red
76263,4,Red
76263,8,Dark_Gray
76263,14,Yellow
76263,70,Reddish_Brown
76263,71,Light_Bluish_Gray
76270,1,Blue
76270,4,Red
76270,8,Dark_Gray
76276,1,Blue
76276,4,Red
76276,7,Light_Gray
76276,8,Dark_Gray
76276,10,Bright_Green
76276,14,Yellow
76276,25,Orange
76276,28,Dark_Tan
76276,70,Reddish_Brown
76276,71,Light_Bluish_Gray
76277,0,Black
76277,15,White
76277,70,Reddish_Brown
76279,1,Blue
76280,14,Yellow
76280,70,Reddish_Brown
76281,14,Yellow
76282,0,Black
76282,1,Blue
76282,8,Dark_Gray
76282,70,Reddish_Brown
76283,1,Blue
76283,4,Red
76289,0,Black
76289,1,Blue
76289,4,Red
76289,7,Light_Gray
76289,8,Dark_Gray
76289,15,White
76289,25,Orange
76289,70,Reddish_Brown
76289,71,Light_Bluish_Gray
76289,72,Dark_Bluish_Gray
76307,0,Black
76307,1,Blue
76307,4,Red
76307,8,Dark_Gray
76307,14,Yellow
76307,25,Orange
76307,72,Dark_Bluish_Gray
76324,0,Black
76324,2,Green
76324,7,Light_Gray
76324,8,Dark_Gray
76324,15,White
76324,25,Orange
76324,71,Light_Bluish_Gray
76324,191,Bright_Light_Orange
76348,0,Black
76348,4,Red
76348,8,Dark_Gray
76348,10,Bright_Green
76348,14,Yellow
76348,15,White
76348,19,Tan
76348,71,Light_Bluish_Gray
76385,0,Black
76385,4,Red
76385,6,Brown
76385,8,Dark_Gray
76385,14,Yellow
76385,15,White
76385,72,Dark_Bluish_Gray
76389,0,Black
76389,3,Dark_Turquoise
76389,7,Light_Gray
76389,8,Dark_Gray
76389,71,Light_Bluish_Gray
76454c01,14,Yellow
76454c02,14,Yellow
7652,2,Green
7652,14,Yellow
7652,19,Tan
76537,4,Red
76537,14,Yellow
76537,15,White
76543a,15,White
76543a,373,Sand_Purple
765c01,7,Light_Gray
76607c01,15,White
7664,70,Reddish_Brown
766c01,7,Light_Gray
767,8,Dark_Gray
76700,4,Red
76700,25,Orange
76764,484,Dark_Orange
76766,0,Black
76766,1,Blue
76766,4,Red
76766,14,Yellow
76766,15,White
76766,25,Orange
76766,71,Light_Bluish_Gray
76766,72,Dark_Bluish_Gray
76766,288,Dark_Green
76766,320,Dark_Red
76766,484,Dark_Orange
76768,0,Black
76768,4,Red
76768,19,Tan
76768,28,Dark_Tan
76768,30,Medium_Lavender
76768,70,Reddish_Brown
76768,71,Light_Bluish_Gray
76768,72,Dark_Bluish_Gray
76768,308,Dark_Brown
76776,15,White
76776,70,Reddish_Brown
76776,191,Bright_Light_Orange
76776,378,Sand_Green
76795,0,Black
76795,4,Red
76795,14,Yellow
76795,15,White
76795,28,Dark_Tan
76795,29,Bright_Pink
76795,71,Light_Bluish_Gray
76795,226,Bright_Light_Yellow
76795,288,Dark_Green
76795,320,Dark_Red
76797,0,Black
76797,1,Blue
76797,2,Green
76797,3,Dark_Turquoise
76797,4,Red
76797,5,Dark_Pink
76797,10,Bright_Green
76797,14,Yellow
76797,15,White
76797,19,Tan
76797,25,Orange
76797,28,Dark_Tan
76797,29,Bright_Pink
76797,70,Reddish_Brown
76797,71,Light_Bluish_Gray
76797,72,Dark_Bluish_Gray
76797,89,Blue_Violet
76797,191,Bright_Light_Orange
76797,212,Bright_Light_Blue
76797,272,Dark_Blue
76797,288,Dark_Green
76797,320,Dark_Red
76797,321,Dark_Azure
76797,322,Medium_Azure
76797,323,Light_Aqua
76797,484,Dark_Orange
76798,15,White
768,7,Light_Gray
76959,0,Black
76959,3,Dark_Turquoise
76959,15,White
76959,19,Tan
76959,70,Reddish_Brown
76959,71,Light_Bluish_Gray
76959,72,Dark_Bluish_Gray
76959,226,Bright_Light_Yellow
76959,378,Sand_Green
770,0,Black
770,6,Brown
770,7,Light_Gray
770,8,Dark_Gray
770,14,Yellow
770,15,White
770,19,Tan
770,22,Purple
770,26,Magenta
770,28,Dark_Tan
770,29,Bright_Pink
770,31,Lavender
770,70,Reddish_Brown
770,71,Light_Bluish_Gray
770,85,Dark_Purple
770,320,Dark_Red
770,378,Sand_Green
77107,14,Yellow
77107,15,White
77107,72,Dark_Bluish_Gray
77107,191,Bright_Light_Orange
77107,226,Bright_Light_Yellow
77107,322,Medium_Azure
77108,0,Black
77108,85,Dark_Purple
77127,10,Bright_Green
77180,0,Black
77180,1,Blue
77180,4,Red
77180,14,Yellow
77180,15,White
77180,25,Orange
77180,27,Lime
77180,72,Dark_Bluish_Gray
77180,212,Bright_Light_Blue
77180,288,Dark_Green
77180,320,Dark_Red
77180,378,Sand_Green
77180,484,Dark_Orange
77182,0,Black
77182,1,Blue
77182,4,Red
77182,14,Yellow
77182,15,White
77182,25,Orange
77182,27,Lime
77182,72,Dark_Bluish_Gray
77182,212,Bright_Light_Blue
77182,288,Dark_Green
77182,320,Dark_Red
77182,378,Sand_Green
77182,484,Dark_Orange
772,15,White
77263,25,Orange
77263,73,Medium_Blue
77263,322,Medium_Azure
7727,10,Bright_Green
7729,0,Black
7729,5,Dark_Pink
7729,10,Bright_Green
7729,25,Orange
77309,1,Blue
774,0,Black
774,7,Light_Gray
774,71,Light_Bluish_Gray
77590,71,Light_Bluish_Gray
77598,72,Dark_Bluish_Gray
7768,0,Black
7769,322,Medium_Azure
77765,71,Light_Bluish_Gray
77808,0,Black
77808,3,Dark_Turquoise
77808,14,Yellow
77808,27,Lime
77808,72,Dark_Bluish_Gray
77808,322,Medium_Azure
77808,484,Dark_Orange
77813,0,Black
77813,4,Red
77813,14,Yellow
77813,25,Orange
77813,71,Light_Bluish_Gray
77813,322,Medium_Azure
77813,323,Light_Aqua
77822,27,Lime
77822,70,Reddish_Brown
77823,70,Reddish_Brown
77842,15,White
77844,0,Black
77844,1,Blue
77844,4,Red
77844,14,Yellow
77844,15,White
77844,19,Tan
77844,25,Orange
77844,71,Light_Bluish_Gray
77844,72,Dark_Bluish_Gray
77844,272,Dark_Blue
77844,308,Dark_Brown
77844,320,Dark_Red
77844,330,Olive_Green
77845,0,Black
77845,4,Red
77845,5,Dark_Pink
77845,14,Yellow
77845,15,White
77845,25,Orange
77845,29,Bright_Pink
77845,70,Reddish_Brown
77845,71,Light_Bluish_Gray
77845,72,Dark_Bluish_Gray
77845,212,Bright_Light_Blue
77850,0,Black
77850,1,Blue
77850,4,Red
77850,5,Dark_Pink
77850,10,Bright_Green
77850,14,Yellow
77850,15,White
77850,25,Orange
77850,28,Dark_Tan
77850,70,Reddish_Brown
77850,71,Light_Bluish_Gray
77850,72,Dark_Bluish_Gray
77850,272,Dark_Blue
7796,71,Light_Bluish_Gray
7797,0,Black
7797,15,White
7798,0,Black
780,4,Red
7808,0,Black
781,4,Red
781,15,White
78168,0,Black
78168,15,White
78168,321,Dark_Azure
78168,323,Light_Aqua
78168,378,Sand_Green
7818,0,Black
7818,72,Dark_Bluish_Gray
782,7,Light_Gray
7821,0,Black
7821,71,Light_Bluish_Gray
7825,0,Black
7825,15,White
7825,25,Orange
7825,71,Light_Bluish_Gray
7825,322,Medium_Azure
78256,0,Black
78256,2,Green
78256,4,Red
78256,5,Dark_Pink
78256,15,White
78256,19,Tan
78256,28,Dark_Tan
78256,70,Reddish_Brown
78256,71,Light_Bluish_Gray
78256,322,Medium_Azure
78257,0,Black
78257,4,Red
78257,15,White
78257,19,Tan
78257,26,Magenta
78257,70,Reddish_Brown
78257,71,Light_Bluish_Gray
78257,72,Dark_Bluish_Gray
78257,308,Dark_Brown
78258,0,Black
78258,4,Red
78258,10,Bright_Green
78258,15,White
78258,19,Tan
78258,70,Reddish_Brown
78258,71,Light_Bluish_Gray
78258,72,Dark_Bluish_Gray
78258,191,Bright_Light_Orange
78258,321,Dark_Azure
78258,378,Sand_Green
7827,0,Black
7827,4,Red
7827,25,Orange
7828,0,Black
7828,1,Blue
7828,4,Red
7828,14,Yellow
7828,15,White
7828,19,Tan
7828,25,Orange
7828,26,Magenta
7828,72,Dark_Bluish_Gray
7828,272,Dark_Blue
7828,321,Dark_Azure
7829,0,Black
7829,1,Blue
7829,4,Red
7829,14,Yellow
7829,15,White
7829,19,Tan
7829,25,Orange
7829,26,Magenta
7829,72,Dark_Bluish_Gray
7829,272,Dark_Blue
7829,321,Dark_Azure
782h,7,Light_Gray
78329,0,Black
78329,4,Red
78329,5,Dark_Pink
78329,10,Bright_Green
78329,14,Yellow
78329,15,White
78329,19,Tan
78329,31,Lavender
78329,70,Reddish_Brown
78329,71,Light_Bluish_Gray
78329,72,Dark_Bluish_Gray
78329,191,Bright_Light_Orange
78329,272,Dark_Blue
78329,321,Dark_Azure
78329,323,Light_Aqua
7835,0,Black
7835,4,Red
7835,19,Tan
7835,71,Light_Bluish_Gray
7835,72,Dark_Bluish_Gray
784,0,Black
784,1,Blue
784,4,Red
784,14,Yellow
78442,0,Black
78442,28,Dark_Tan
78442,71,Light_Bluish_Gray
78443,0,Black
78443,1,Blue
78443,2,Green
78443,4,Red
78443,10,Bright_Green
78443,14,Yellow
78443,15,White
78443,25,Orange
78443,28,Dark_Tan
78443,70,Reddish_Brown
78443,71,Light_Bluish_Gray
78443,72,Dark_Bluish_Gray
78443,272,Dark_Blue
78443,308,Dark_Brown
78443,321,Dark_Azure
78443,323,Light_Aqua
78443,379,Sand_Blue
78443,484,Dark_Orange
78444,0,Black
78444,1,Blue
78444,2,Green
78444,4,Red
78444,10,Bright_Green
78444,14,Yellow
78444,15,White
78444,28,Dark_Tan
78444,70,Reddish_Brown
78444,71,Light_Bluish_Gray
78444,72,Dark_Bluish_Gray
78444,272,Dark_Blue
78444,308,Dark_Brown
78444,321,Dark_Azure
78444,323,Light_Aqua
78444,484,Dark_Orange
785,1,Blue
785,4,Red
78522,0,Black
78522,2,Green
78522,14,Yellow
78522,15,White
78522,70,Reddish_Brown
78522,71,Light_Bluish_Gray
78522,72,Dark_Bluish_Gray
78522,191,Bright_Light_Orange
78522,321,Dark_Azure
7853,0,Black
7853,321,Dark_Azure
78532,27,Lime
78594,15,White
78594,19,Tan
78594,70,Reddish_Brown
78594,71,Light_Bluish_Gray
78594,226,Bright_Light_Yellow
78594,288,Dark_Green
78594,378,Sand_Green
7860,0,Black
7860,15,White
7863,0,Black
7864,0,Black
7864,14,Yellow
7864,15,White
78666,0,Black
78666,1,Blue
78666,2,Green
78666,3,Dark_Turquoise
78666,4,Red
78666,10,Bright_Green
78666,14,Yellow
78666,15,White
78666,19,Tan
78666,25,Orange
78666,70,Reddish_Brown
78666,71,Light_Bluish_Gray
78666,72,Dark_Bluish_Gray
78666,191,Bright_Light_Orange
78666,212,Bright_Light_Blue
78666,226,Bright_Light_Yellow
78666,272,Dark_Blue
78666,320,Dark_Red
78666,322,Medium_Azure
78666,323,Light_Aqua
78666,378,Sand_Green
78666,484,Dark_Orange
787,1,Blue
787,4,Red
787,14,Yellow
7877,0,Black
787c01,1,Blue
787c01,14,Yellow
787c02,4,Red
788,2,Green
788,4,Red
788,7,Light_Gray
78801,30,Medium_Lavender
78801,378,Sand_Green
7885,72,Dark_Bluish_Gray
78886,0,Black
78886,3,Dark_Turquoise
78886,212,Bright_Light_Blue
78886,320,Dark_Red
78886,322,Medium_Azure
789,2,Green
789,4,Red
7891,70,Reddish_Brown
7896,15,White
7896,30,Medium_Lavender
790,1,Blue
7904,0,Black
7904,14,Yellow
7904,15,White
7904,19,Tan
7904,25,Orange
7904,70,Reddish_Brown
7904,71,Light_Bluish_Gray
7904,212,Bright_Light_Blue
7904,226,Bright_Light_Yellow
7904,272,Dark_Blue
7904,322,Medium_Azure
7904,323,Light_Aqua
7904,378,Sand_Green
791,1,Blue
791,2,Green
791,7,Light_Gray
79180,0,Black
79180,70,Reddish_Brown
79180,71,Light_Bluish_Gray
79194,0,Black
79194,3,Dark_Turquoise
79194,15,White
79194,19,Tan
79194,71,Light_Bluish_Gray
79194,72,Dark_Bluish_Gray
79230,0,Black
792c01,1,Blue
792c01,7,Light_Gray
792c01,15,White
792c02,1,Blue
792c02,7,Light_Gray
792c02,15,White
792c03,0,Black
792c03,1,Blue
792c03,4,Red
792c03,14,Yellow
792c03,15,White
7930,1,Blue
7930,4,Red
7930,14,Yellow
7930,15,White
7930c01,1,Blue
7930c01,4,Red
7930c01,14,Yellow
7930c01,15,White
79387,0,Black
79387,4,Red
79387,10,Bright_Green
79387,14,Yellow
79387,15,White
79387,28,Dark_Tan
79387,72,Dark_Bluish_Gray
79387,484,Dark_Orange
79389,0,Black
79389,1,Blue
79389,2,Green
79389,4,Red
79389,10,Bright_Green
79389,14,Yellow
79389,15,White
79389,19,Tan
79389,25,Orange
79389,70,Reddish_Brown
79389,71,Light_Bluish_Gray
79389,72,Dark_Bluish_Gray
79389,191,Bright_Light_Orange
79389,212,Bright_Light_Blue
79389,272,Dark_Blue
79389,378,Sand_Green
79389,484,Dark_Orange
79393,0,Black
79393,1,Blue
79393,2,Green
79393,4,Red
79393,10,Bright_Green
79393,14,Yellow
79393,15,White
79393,19,Tan
79393,25,Orange
79393,26,Magenta
79393,27,Lime
79393,28,Dark_Tan
79393,29,Bright_Pink
79393,30,Medium_Lavender
79393,31,Lavender
79393,70,Reddish_Brown
79393,71,Light_Bluish_Gray
79393,72,Dark_Bluish_Gray
79393,85,Dark_Purple
79393,191,Bright_Light_Orange
79393,212,Bright_Light_Blue
79393,226,Bright_Light_Yellow
79393,272,Dark_Blue
79393,288,Dark_Green
79393,320,Dark_Red
79393,321,Dark_Azure
79393,322,Medium_Azure
79393,323,Light_Aqua
79393,326,Yellowish_Green
79393,330,Olive_Green
79393,378,Sand_Green
79393,379,Sand_Blue
79393,484,Dark_Orange
7940,14,Yellow
79491,0,Black
79491,1,Blue
79491,4,Red
79491,14,Yellow
79491,15,White
79491,19,Tan
79491,25,Orange
79491,26,Magenta
79491,28,Dark_Tan
79491,29,Bright_Pink
79491,70,Reddish_Brown
79491,71,Light_Bluish_Gray
79491,72,Dark_Bluish_Gray
79491,85,Dark_Purple
79491,191,Bright_Light_Orange
79491,212,Bright_Light_Blue
79491,226,Bright_Light_Yellow
79491,272,Dark_Blue
79491,288,Dark_Green
79491,320,Dark_Red
79491,322,Medium_Azure
79505,0,Black
79505,71,Light_Bluish_Gray
7961,0,Black
7961,4,Red
7961,15,White
7961,19,Tan
7961,71,Light_Bluish_Gray
79730,5,Dark_Pink
79730,15,White
79730,85,Dark_Purple
79730,89,Blue_Violet
79730,226,Bright_Light_Yellow
79735,28,Dark_Tan
79736,27,Lime
79743,4,Red
79743,14,Yellow
79743,25,Orange
79743,27,Lime
79743,71,Light_Bluish_Gray
79743,323,Light_Aqua
7975,0,Black
7975,71,Light_Bluish_Gray
7975,72,Dark_Bluish_Gray
7975,212,Bright_Light_Blue
7975,272,Dark_Blue
79756,0,Black
79756,4,Red
79756,10,Bright_Green
79756,15,White
79756,19,Tan
79756,25,Orange
79756,71,Light_Bluish_Gray
79756,72,Dark_Bluish_Gray
79756,89,Blue_Violet
79756,191,Bright_Light_Orange
79756,212,Bright_Light_Blue
79756,226,Bright_Light_Yellow
79756,288,Dark_Green
79756,321,Dark_Azure
79756,378,Sand_Green
79756,484,Dark_Orange
79757,0,Black
79757,4,Red
79757,15,White
79757,19,Tan
79757,70,Reddish_Brown
79757,71,Light_Bluish_Gray
79757,72,Dark_Bluish_Gray
79757,89,Blue_Violet
79757,321,Dark_Azure
79757,484,Dark_Orange
79766,14,Yellow
79767,14,Yellow
79768,0,Black
79768,70,Reddish_Brown
79768,72,Dark_Bluish_Gray
79816,15,White
79846,0,Black
79846,1,Blue
79846,2,Green
79846,4,Red
79846,10,Bright_Green
79846,14,Yellow
79846,15,White
79846,19,Tan
79846,25,Orange
79846,71,Light_Bluish_Gray
79846,72,Dark_Bluish_Gray
79846,85,Dark_Purple
79846,191,Bright_Light_Orange
79846,212,Bright_Light_Blue
79846,288,Dark_Green
79846,321,Dark_Azure
79850,3,Dark_Turquoise
79850,14,Yellow
79850,15,White
79850,19,Tan
79850,25,Orange
79850,29,Bright_Pink
79850,71,Light_Bluish_Gray
79850,72,Dark_Bluish_Gray
79850,191,Bright_Light_Orange
79850,272,Dark_Blue
79851,0,Black
79851,25,Orange
79895,3,Dark_Turquoise
79896,0,Black
79896,4,Red
79896,15,White
79896,72,Dark_Bluish_Gray
79896,191,Bright_Light_Orange
79896,272,Dark_Blue
79896,379,Sand_Blue
79897,0,Black
79897,4,Red
79897,15,White
79897,29,Bright_Pink
79897,71,Light_Bluish_Gray
79897,191,Bright_Light_Orange
79897,272,Dark_Blue
79897,288,Dark_Green
79897,320,Dark_Red
79987,72,Dark_Bluish_Gray
79996,3,Dark_Turquoise
79996,4,Red
79996,85,Dark_Purple
79996,322,Medium_Azure
8,1,Blue
8,4,Red
8,7,Light_Gray
8,15,White
80015,0,Black
80015,1,Blue
80015,3,Dark_Turquoise
80015,4,Red
80015,5,Dark_Pink
80015,14,Yellow
80015,15,White
80015,19,Tan
80015,25,Orange
80015,26,Magenta
80015,27,Lime
80015,31,Lavender
80015,70,Reddish_Brown
80015,71,Light_Bluish_Gray
80015,191,Bright_Light_Orange
80015,212,Bright_Light_Blue
80015,272,Dark_Blue
80015,288,Dark_Green
80015,321,Dark_Azure
80015,323,Light_Aqua
80015,330,Olive_Green
80015,378,Sand_Green
80015,484,Dark_Orange
80029,30,Medium_Lavender
80029,89,Blue_Violet
80031,2,Green
80031,14,Yellow
80031,15,White
80031,19,Tan
80031,27,Lime
80031,28,Dark_Tan
80031,31,Lavender
80031,70,Reddish_Brown
80031,191,Bright_Light_Orange
80031,288,Dark_Green
80031,321,Dark_Azure
80031,322,Medium_Azure
80031,323,Light_Aqua
80039,15,White
80045,15,White
8005,15,White
8008,0,Black
8008,4,Red
8008,14,Yellow
8008,25,Orange
8009,272,Dark_Blue
800c01,0,Black
801,1,Blue
801,4,Red
801,14,Yellow
8010,70,Reddish_Brown
8011,0,Black
8011,320,Dark_Red
80177,0,Black
80177,1,Blue
80177,3,Dark_Turquoise
80177,4,Red
80177,5,Dark_Pink
80177,10,Bright_Green
80177,14,Yellow
80177,15,White
80177,19,Tan
80177,25,Orange
80177,26,Magenta
80177,27,Lime
80177,28,Dark_Tan
80177,29,Bright_Pink
80177,70,Reddish_Brown
80177,71,Light_Bluish_Gray
80177,72,Dark_Bluish_Gray
80177,85,Dark_Purple
80177,191,Bright_Light_Orange
80177,212,Bright_Light_Blue
80177,226,Bright_Light_Yellow
80177,272,Dark_Blue
80177,288,Dark_Green
80177,320,Dark_Red
80177,321,Dark_Azure
80177,322,Medium_Azure
80177,323,Light_Aqua
80177,330,Olive_Green
80177,378,Sand_Green
80177,484,Dark_Orange
80178,0,Black
80178,1,Blue
80178,3,Dark_Turquoise
80178,4,Red
80178,5,Dark_Pink
80178,10,Bright_Green
80178,14,Yellow
80178,15,White
80178,19,Tan
80178,25,Orange
80178,26,Magenta
80178,27,Lime
80178,28,Dark_Tan
80178,29,Bright_Pink
80178,70,Reddish_Brown
80178,71,Light_Bluish_Gray
80178,72,Dark_Bluish_Gray
80178,85,Dark_Purple
80178,191,Bright_Light_Orange
80178,212,Bright_Light_Blue
80178,226,Bright_Light_Yellow
80178,272,Dark_Blue
80178,288,Dark_Green
80178,320,Dark_Red
80178,321,Dark_Azure
80178,322,Medium_Azure
80178,323,Light_Aqua
80178,330,Olive_Green
80178,378,Sand_Green
80178,484,Dark_Orange
80179,0,Black
80179,4,Red
802,1,Blue
802,4,Red
802,14,Yellow
80222,0,Black
80222,71,Light_Bluish_Gray
80267,0,Black
80267,4,Red
80267,15,White
80267,27,Lime
80267,71,Light_Bluish_Gray
80267,72,Dark_Bluish_Gray
80267,85,Dark_Purple
80267,191,Bright_Light_Orange
80267,272,Dark_Blue
80268,0,Black
80268,4,Red
80268,15,White
80268,27,Lime
80268,71,Light_Bluish_Gray
80268,72,Dark_Bluish_Gray
80268,85,Dark_Purple
80268,191,Bright_Light_Orange
80268,272,Dark_Blue
80271,0,Black
80271,25,Orange
80272,0,Black
80272,25,Orange
80273,71,Light_Bluish_Gray
80274,0,Black
80274,4,Red
80274,10,Bright_Green
80274,15,White
80274,25,Orange
80274,27,Lime
80274,71,Light_Bluish_Gray
80274,72,Dark_Bluish_Gray
80274,191,Bright_Light_Orange
80274,321,Dark_Azure
80278,0,Black
80278,4,Red
80278,10,Bright_Green
80278,25,Orange
80278,27,Lime
80278,71,Light_Bluish_Gray
80278,72,Dark_Bluish_Gray
80278,191,Bright_Light_Orange
80278,321,Dark_Azure
80279,0,Black
80284,0,Black
80284,4,Red
80284,191,Bright_Light_Orange
80285,0,Black
80285,4,Red
80285,10,Bright_Green
80285,15,White
80285,28,Dark_Tan
80285,71,Light_Bluish_Gray
80285,72,Dark_Bluish_Gray
80285,191,Bright_Light_Orange
80286,0,Black
80286,1,Blue
80286,2,Green
80286,4,Red
80286,10,Bright_Green
80286,14,Yellow
80286,15,White
80286,25,Orange
80286,27,Lime
80286,28,Dark_Tan
80286,71,Light_Bluish_Gray
80286,72,Dark_Bluish_Gray
80286,272,Dark_Blue
80295,15,White
803,0,Black
803,7,Light_Gray
80324,0,Black
80324,1,Blue
80324,4,Red
80324,14,Yellow
80324,15,White
80324,25,Orange
80324,27,Lime
80324,71,Light_Bluish_Gray
80324,72,Dark_Bluish_Gray
80324,85,Dark_Purple
80324,191,Bright_Light_Orange
80324,272,Dark_Blue
80324,320,Dark_Red
80324,322,Medium_Azure
80324,378,Sand_Green
80324,379,Sand_Blue
80326,0,Black
80326,1,Blue
80326,4,Red
80326,14,Yellow
80326,15,White
80326,28,Dark_Tan
80326,71,Light_Bluish_Gray
80326,72,Dark_Bluish_Gray
80326,378,Sand_Green
80390,15,White
80390,226,Bright_Light_Yellow
80394,4,Red
80394,14,Yellow
80394,71,Light_Bluish_Gray
80394a,4,Red
80394a,14,Yellow
80394a,71,Light_Bluish_Gray
804,0,Black
804,7,Light_Gray
80400,1,Blue
80400,3,Dark_Turquoise
80400,4,Red
80400,14,Yellow
80400,15,White
80400,19,Tan
80400,30,Medium_Lavender
80400,70,Reddish_Brown
80400,71,Light_Bluish_Gray
80400,212,Bright_Light_Blue
80400,226,Bright_Light_Yellow
80400,323,Light_Aqua
80400a,1,Blue
80400a,3,Dark_Turquoise
80400a,4,Red
80400a,14,Yellow
80400a,15,White
80400a,19,Tan
80400a,30,Medium_Lavender
80400a,70,Reddish_Brown
80400a,71,Light_Bluish_Gray
80400a,212,Bright_Light_Blue
80400a,226,Bright_Light_Yellow
80400a,323,Light_Aqua
8041,4,Red
80428,71,Light_Bluish_Gray
8043,15,White
80431,0,Black
80431,4,Red
80431,72,Dark_Bluish_Gray
80431,272,Dark_Blue
80431,288,Dark_Green
80477,72,Dark_Bluish_Gray
80497,0,Black
80497,4,Red
80497,5,Dark_Pink
80497,15,White
80497,25,Orange
80497,27,Lime
80497,70,Reddish_Brown
80497,71,Light_Bluish_Gray
80497,212,Bright_Light_Blue
80497,226,Bright_Light_Yellow
80497,308,Dark_Brown
80497,323,Light_Aqua
80497,330,Olive_Green
805,0,Black
805,7,Light_Gray
80514,14,Yellow
80542,0,Black
80543,0,Black
80543,4,Red
80543,5,Dark_Pink
80543,15,White
80543,19,Tan
80543,70,Reddish_Brown
80543,71,Light_Bluish_Gray
80543,72,Dark_Bluish_Gray
80543,212,Bright_Light_Blue
80543,226,Bright_Light_Yellow
80543,330,Olive_Green
80543,484,Dark_Orange
80545,0,Black
80545,71,Light_Bluish_Gray
80545,72,Dark_Bluish_Gray
80545,288,Dark_Green
80562,0,Black
80562,70,Reddish_Brown
80562,89,Blue_Violet
80562,191,Bright_Light_Orange
80563,72,Dark_Bluish_Gray
80563,272,Dark_Blue
80563,320,Dark_Red
80567,0,Black
80567,27,Lime
806,4,Red
80623,15,White
80623,70,Reddish_Brown
80677,0,Black
80677,5,Dark_Pink
80677,15,White
80677,27,Lime
80677,29,Bright_Pink
80677,322,Medium_Azure
80683,3,Dark_Turquoise
80683,15,White
80683,70,Reddish_Brown
80683,308,Dark_Brown
80686,0,Black
80686,15,White
80686,72,Dark_Bluish_Gray
80792,0,Black
80796,0,Black
80796,15,White
80796,30,Medium_Lavender
80796,72,Dark_Bluish_Gray
80796,322,Medium_Azure
8083,0,Black
8083,15,White
8083,323,Light_Aqua
8083,484,Dark_Orange
80835,0,Black
80835,15,White
80835,70,Reddish_Brown
809,2,Green
80910,15,White
80910,28,Dark_Tan
8096,191,Bright_Light_Orange
8097,4,Red
810,0,Black
810,1,Blue
810,2,Green
810,4,Red
810,14,Yellow
810,15,White
811,2,Green
812,7,Light_Gray
813,7,Light_Gray
81346,2,Green
8165,0,Black
8165,71,Light_Bluish_Gray
817c03,1,Blue
817c04,1,Blue
818,1,Blue
818,14,Yellow
81911,0,Black
81911,308,Dark_Brown
81911,320,Dark_Red
8193,1,Blue
8193,25,Orange
8193,71,Light_Bluish_Gray
820,4,Red
820,7,Light_Gray
820,15,White
821,4,Red
821,7,Light_Gray
821,15,White
822,4,Red
822,15,White
822b,4,Red
8235,0,Black
824,15,White
827,14,Yellow
828,4,Red
829,14,Yellow
83496,0,Black
83496,15,White
83496,71,Light_Bluish_Gray
83496,72,Dark_Bluish_Gray
83496,272,Dark_Blue
83496,320,Dark_Red
83496,323,Light_Aqua
83496,484,Dark_Orange
83497,0,Black
837,1,Blue
837,4,Red
837,15,White
838,1,Blue
838,4,Red
838,14,Yellow
838,15,White
839,15,White
841,15,White
842,15,White
843,4,Red
843,15,White
84599,71,Light_Bluish_Gray
84772,72,Dark_Bluish_Gray
84867,15,White
84867,25,Orange
84868,71,Light_Bluish_Gray
84954,272,Dark_Blue
850,14,Yellow
85080,0,Black
85080,1,Blue
85080,2,Green
85080,3,Dark_Turquoise
85080,4,Red
85080,5,Dark_Pink
85080,10,Bright_Green
85080,14,Yellow
85080,15,White
85080,19,Tan
85080,25,Orange
85080,26,Magenta
85080,27,Lime
85080,28,Dark_Tan
85080,29,Bright_Pink
85080,30,Medium_Lavender
85080,70,Reddish_Brown
85080,71,Light_Bluish_Gray
85080,72,Dark_Bluish_Gray
85080,85,Dark_Purple
85080,191,Bright_Light_Orange
85080,212,Bright_Light_Blue
85080,226,Bright_Light_Yellow
85080,272,Dark_Blue
85080,288,Dark_Green
85080,320,Dark_Red
85080,322,Medium_Azure
85080,323,Light_Aqua
85080,326,Yellowish_Green
85080,330,Olive_Green
85080,378,Sand_Green
851,14,Yellow
852,14,Yellow
85543,15,White
85544,0,Black
85544,1,Blue
85544,2,Green
85544,4,Red
85544,7,Light_Gray
85544,10,Bright_Green
85544,15,White
85544,71,Light_Bluish_Gray
85545,0,Black
85545,1,Blue
85545,2,Green
85545,4,Red
85545,14,Yellow
85545,15,White
85546,0,Black
85546,14,Yellow
85546,15,White
85614,72,Dark_Bluish_Gray
85824,71,Light_Bluish_Gray
85825,71,Light_Bluish_Gray
85834,0,Black
85834,4,Red
85834,29,Bright_Pink
85834,320,Dark_Red
85861,0,Black
85861,1,Blue
85861,2,Green
85861,4,Red
85861,5,Dark_Pink
85861,14,Yellow
85861,15,White
85861,19,Tan
85861,25,Orange
85861,27,Lime
85861,28,Dark_Tan
85861,70,Reddish_Brown
85861,71,Light_Bluish_Gray
85861,72,Dark_Bluish_Gray
85861,212,Bright_Light_Blue
85861,288,Dark_Green
85861,320,Dark_Red
85861,326,Yellowish_Green
85863,0,Black
85863,1,Blue
85863,2,Green
85863,4,Red
85863,14,Yellow
85863,15,White
85863,19,Tan
85863,25,Orange
85863,26,Magenta
85863,27,Lime
85863,28,Dark_Tan
85863,29,Bright_Pink
85863,70,Reddish_Brown
85863,71,Light_Bluish_Gray
85863,72,Dark_Bluish_Gray
85863,85,Dark_Purple
85863,212,Bright_Light_Blue
85863,272,Dark_Blue
85863,288,Dark_Green
85863,320,Dark_Red
85863,378,Sand_Green
85863,484,Dark_Orange
85940,0,Black
85940,2,Green
85941,0,Black
85941,4,Red
85941,15,White
85941,19,Tan
85941,71,Light_Bluish_Gray
85941,72,Dark_Bluish_Gray
85941,85,Dark_Purple
85941,191,Bright_Light_Orange
85941,288,Dark_Green
85941,323,Light_Aqua
85943,0,Black
85943,4,Red
85943,15,White
85943,70,Reddish_Brown
85943,72,Dark_Bluish_Gray
85943,272,Dark_Blue
85945,71,Light_Bluish_Gray
85945,320,Dark_Red
85961,71,Light_Bluish_Gray
85961,72,Dark_Bluish_Gray
85969,0,Black
85970,0,Black
85970,1,Blue
85970,4,Red
85970,14,Yellow
85970,15,White
85970,19,Tan
85970,71,Light_Bluish_Gray
85970,72,Dark_Bluish_Gray
85970,320,Dark_Red
85970,330,Olive_Green
85970,378,Sand_Green
85974,0,Black
85974,4,Red
85974,10,Bright_Green
85974,15,White
85974,19,Tan
85974,31,Lavender
85974,70,Reddish_Brown
85974,226,Bright_Light_Yellow
85974,308,Dark_Brown
85974,484,Dark_Orange
85975,0,Black
85975,1,Blue
85975,4,Red
85975,15,White
85975,70,Reddish_Brown
85975,71,Light_Bluish_Gray
85975,72,Dark_Bluish_Gray
85975,191,Bright_Light_Orange
85975,320,Dark_Red
85976,0,Black
85976,72,Dark_Bluish_Gray
85976,322,Medium_Azure
85977,0,Black
85977,72,Dark_Bluish_Gray
85983,0,Black
85983,4,Red
85983,15,White
85983,71,Light_Bluish_Gray
85983,288,Dark_Green
85983,320,Dark_Red
85983,322,Medium_Azure
85984,0,Black
85984,1,Blue
85984,2,Green
85984,3,Dark_Turquoise
85984,4,Red
85984,5,Dark_Pink
85984,10,Bright_Green
85984,14,Yellow
85984,15,White
85984,19,Tan
85984,25,Orange
85984,26,Magenta
85984,27,Lime
85984,28,Dark_Tan
85984,29,Bright_Pink
85984,30,Medium_Lavender
85984,31,Lavender
85984,70,Reddish_Brown
85984,71,Light_Bluish_Gray
85984,72,Dark_Bluish_Gray
85984,73,Medium_Blue
85984,85,Dark_Purple
85984,89,Blue_Violet
85984,151,Very_Light_Bluish_Gray
85984,191,Bright_Light_Orange
85984,212,Bright_Light_Blue
85984,226,Bright_Light_Yellow
85984,272,Dark_Blue
85984,288,Dark_Green
85984,308,Dark_Brown
85984,320,Dark_Red
85984,321,Dark_Azure
85984,322,Medium_Azure
85984,323,Light_Aqua
85984,326,Yellowish_Green
85984,330,Olive_Green
85984,378,Sand_Green
85984,484,Dark_Orange
860,1,Blue
860,2,Green
860,7,Light_Gray
860,8,Dark_Gray
860,15,White
860,72,Dark_Bluish_Gray
86024,0,Black
86024,1,Blue
86024,2,Green
86024,3,Dark_Turquoise
86024,4,Red
86024,7,Light_Gray
86024,8,Dark_Gray
86024,15,White
86024,19,Tan
86024,28,Dark_Tan
86024,71,Light_Bluish_Gray
86024,72,Dark_Bluish_Gray
86024,74,Medium_Green
86024,85,Dark_Purple
86024,272,Dark_Blue
86024,308,Dark_Brown
86024,335,Sand_Red
86024,379,Sand_Blue
86024,484,Dark_Orange
86025,0,Black
86025,8,Dark_Gray
86025,15,White
86025,19,Tan
86025,71,Light_Bluish_Gray
86025,72,Dark_Bluish_Gray
86025,335,Sand_Red
86025,484,Dark_Orange
86035,0,Black
86035,1,Blue
86035,4,Red
86035,15,White
86035,25,Orange
86035,27,Lime
86035,71,Light_Bluish_Gray
86035,320,Dark_Red
86038,0,Black
86038,15,White
86038,25,Orange
86038,70,Reddish_Brown
86038,320,Dark_Red
86057,19,Tan
86057,72,Dark_Bluish_Gray
86058,19,Tan
86058,72,Dark_Bluish_Gray
861,1,Blue
861,7,Light_Gray
86148,191,Bright_Light_Orange
86208,0,Black
86208,15,White
86208,70,Reddish_Brown
86208,71,Light_Bluish_Gray
86208,72,Dark_Bluish_Gray
86208,308,Dark_Brown
86209,1,Blue
86209,15,White
86209,19,Tan
86209,27,Lime
86209,71,Light_Bluish_Gray
86209,272,Dark_Blue
86209,288,Dark_Green
86209,308,Dark_Brown
86210,0,Black
86210,71,Light_Bluish_Gray
86210,378,Sand_Green
86500,0,Black
86500,4,Red
86500,14,Yellow
86500,15,White
86500,28,Dark_Tan
86500,71,Light_Bluish_Gray
86500,85,Dark_Purple
86500,191,Bright_Light_Orange
86500,288,Dark_Green
86500,320,Dark_Red
86500,322,Medium_Azure
86501,72,Dark_Bluish_Gray
86644,0,Black
86644,1,Blue
86644,2,Green
86644,3,Dark_Turquoise
86644,4,Red
86644,7,Light_Gray
86644,8,Dark_Gray
86644,10,Bright_Green
86644,14,Yellow
86644,15,White
86644,19,Tan
86644,25,Orange
86644,26,Magenta
86644,27,Lime
86644,28,Dark_Tan
86644,29,Bright_Pink
86644,30,Medium_Lavender
86644,70,Reddish_Brown
86644,71,Light_Bluish_Gray
86644,72,Dark_Bluish_Gray
86644,73,Medium_Blue
86644,85,Dark_Purple
86644,191,Bright_Light_Orange
86644,212,Bright_Light_Blue
86644,226,Bright_Light_Yellow
86644,272,Dark_Blue
86644,288,Dark_Green
86644,320,Dark_Red
86644,321,Dark_Azure
86644,322,Medium_Azure
86644,323,Light_Aqua
86644,330,Olive_Green
86644,378,Sand_Green
86644,379,Sand_Blue
86644,484,Dark_Orange
86652,4,Red
86652,14,Yellow
86652,71,Light_Bluish_Gray
86652,378,Sand_Green
86849,0,Black
86849,1,Blue
86849,3,Dark_Turquoise
86849,4,Red
86849,5,Dark_Pink
86849,10,Bright_Green
86849,14,Yellow
86849,15,White
86849,19,Tan
86849,25,Orange
86849,26,Magenta
86849,27,Lime
86849,28,Dark_Tan
86849,29,Bright_Pink
86849,70,Reddish_Brown
86849,71,Light_Bluish_Gray
86849,288,Dark_Green
86849,320,Dark_Red
86849,322,Medium_Azure
86849,330,Olive_Green
86876,0,Black
86876,2,Green
86876,3,Dark_Turquoise
86876,4,Red
86876,10,Bright_Green
86876,15,White
86876,19,Tan
86876,25,Orange
86876,27,Lime
86876,29,Bright_Pink
86876,30,Medium_Lavender
86876,70,Reddish_Brown
86876,71,Light_Bluish_Gray
86876,72,Dark_Bluish_Gray
86876,85,Dark_Purple
86876,191,Bright_Light_Orange
86876,212,Bright_Light_Blue
86876,320,Dark_Red
86876,379,Sand_Blue
86876,484,Dark_Orange
86879,29,Bright_Pink
86879,73,Medium_Blue
86879,191,Bright_Light_Orange
86879,323,Light_Aqua
86996,0,Black
86996,1,Blue
86996,4,Red
86996,5,Dark_Pink
86996,15,White
86996,19,Tan
86996,25,Orange
86996,27,Lime
86996,28,Dark_Tan
86996,70,Reddish_Brown
86996,71,Light_Bluish_Gray
86996,72,Dark_Bluish_Gray
86996,272,Dark_Blue
86996,288,Dark_Green
86996,320,Dark_Red
86996,322,Medium_Azure
86996,323,Light_Aqua
86996,326,Yellowish_Green
86996,330,Olive_Green
86996,484,Dark_Orange
87058,15,White
87058,71,Light_Bluish_Gray
87058,72,Dark_Bluish_Gray
87079,0,Black
87079,1,Blue
87079,2,Green
87079,3,Dark_Turquoise
87079,4,Red
87079,5,Dark_Pink
87079,10,Bright_Green
87079,14,Yellow
87079,15,White
87079,19,Tan
87079,25,Orange
87079,26,Magenta
87079,27,Lime
87079,28,Dark_Tan
87079,29,Bright_Pink
87079,30,Medium_Lavender
87079,31,Lavender
87079,70,Reddish_Brown
87079,71,Light_Bluish_Gray
87079,72,Dark_Bluish_Gray
87079,73,Medium_Blue
87079,85,Dark_Purple
87079,89,Blue_Violet
87079,191,Bright_Light_Orange
87079,212,Bright_Light_Blue
87079,226,Bright_Light_Yellow
87079,272,Dark_Blue
87079,288,Dark_Green
87079,308,Dark_Brown
87079,320,Dark_Red
87079,321,Dark_Azure
87079,322,Medium_Azure
87079,323,Light_Aqua
87079,326,Yellowish_Green
87079,330,Olive_Green
87079,378,Sand_Green
87079,379,Sand_Blue
87079,484,Dark_Orange
87080,0,Black
87080,1,Blue
87080,2,Green
87080,4,Red
87080,10,Bright_Green
87080,14,Yellow
87080,15,White
87080,25,Orange
87080,27,Lime
87080,70,Reddish_Brown
87080,71,Light_Bluish_Gray
87080,72,Dark_Bluish_Gray
87080,73,Medium_Blue
87080,85,Dark_Purple
87080,191,Bright_Light_Orange
87080,272,Dark_Blue
87080,321,Dark_Azure
87081,0,Black
87081,1,Blue
87081,2,Green
87081,4,Red
87081,5,Dark_Pink
87081,14,Yellow
87081,15,White
87081,19,Tan
87081,26,Magenta
87081,30,Medium_Lavender
87081,31,Lavender
87081,70,Reddish_Brown
87081,72,Dark_Bluish_Gray
87081,191,Bright_Light_Orange
87081,212,Bright_Light_Blue
87081,226,Bright_Light_Yellow
87081,320,Dark_Red
87082,0,Black
87082,4,Red
87082,27,Lime
87082,71,Light_Bluish_Gray
87083,72,Dark_Bluish_Gray
87084,4,Red
87084,10,Bright_Green
87084,14,Yellow
87084,15,White
87084,71,Light_Bluish_Gray
87084,72,Dark_Bluish_Gray
87084,73,Medium_Blue
87084,322,Medium_Azure
87084,323,Light_Aqua
87084,484,Dark_Orange
87086,0,Black
87086,1,Blue
87086,2,Green
87086,4,Red
87086,10,Bright_Green
87086,14,Yellow
87086,15,White
87086,25,Orange
87086,27,Lime
87086,70,Reddish_Brown
87086,71,Light_Bluish_Gray
87086,72,Dark_Bluish_Gray
87086,73,Medium_Blue
87086,85,Dark_Purple
87086,191,Bright_Light_Orange
87086,272,Dark_Blue
87086,321,Dark_Azure
87087,0,Black
87087,1,Blue
87087,2,Green
87087,3,Dark_Turquoise
87087,4,Red
87087,5,Dark_Pink
87087,10,Bright_Green
87087,14,Yellow
87087,15,White
87087,19,Tan
87087,25,Orange
87087,26,Magenta
87087,27,Lime
87087,28,Dark_Tan
87087,29,Bright_Pink
87087,30,Medium_Lavender
87087,70,Reddish_Brown
87087,71,Light_Bluish_Gray
87087,72,Dark_Bluish_Gray
87087,73,Medium_Blue
87087,85,Dark_Purple
87087,89,Blue_Violet
87087,191,Bright_Light_Orange
87087,212,Bright_Light_Blue
87087,226,Bright_Light_Yellow
87087,272,Dark_Blue
87087,288,Dark_Green
87087,308,Dark_Brown
87087,320,Dark_Red
87087,321,Dark_Azure
87087,322,Medium_Azure
87087,323,Light_Aqua
87087,330,Olive_Green
87087,378,Sand_Green
87087,379,Sand_Blue
87087,484,Dark_Orange
871,0,Black
87375,15,White
87375,191,Bright_Light_Orange
87407,71,Light_Bluish_Gray
87408,0,Black
87408,28,Dark_Tan
87414,0,Black
87421,0,Black
87421,14,Yellow
87421,15,White
87421,19,Tan
87421,28,Dark_Tan
87421,30,Medium_Lavender
87421,70,Reddish_Brown
87421,71,Light_Bluish_Gray
87421,72,Dark_Bluish_Gray
87421,191,Bright_Light_Orange
87421,272,Dark_Blue
87421,320,Dark_Red
87544,0,Black
87544,2,Green
87544,3,Dark_Turquoise
87544,4,Red
87544,10,Bright_Green
87544,15,White
87544,19,Tan
87544,25,Orange
87544,27,Lime
87544,70,Reddish_Brown
87544,71,Light_Bluish_Gray
87544,191,Bright_Light_Orange
87544,212,Bright_Light_Blue
87544,272,Dark_Blue
87544,322,Medium_Azure
87552,0,Black
87552,1,Blue
87552,4,Red
87552,14,Yellow
87552,15,White
87552,19,Tan
87552,27,Lime
87552,70,Reddish_Brown
87552,71,Light_Bluish_Gray
87552,320,Dark_Red
87552,322,Medium_Azure
87552,323,Light_Aqua
87552,484,Dark_Orange
87559,0,Black
87559,4,Red
87559,5,Dark_Pink
87559,14,Yellow
87559,15,White
87559,19,Tan
87559,30,Medium_Lavender
87559,72,Dark_Bluish_Gray
87559,85,Dark_Purple
87559,191,Bright_Light_Orange
87559,272,Dark_Blue
87559,288,Dark_Green
87559,308,Dark_Brown
87559,320,Dark_Red
87559,378,Sand_Green
87574,0,Black
87576,71,Light_Bluish_Gray
87577,71,Light_Bluish_Gray
87580,0,Black
87580,1,Blue
87580,2,Green
87580,3,Dark_Turquoise
87580,4,Red
87580,5,Dark_Pink
87580,10,Bright_Green
87580,14,Yellow
87580,15,White
87580,19,Tan
87580,25,Orange
87580,26,Magenta
87580,27,Lime
87580,28,Dark_Tan
87580,29,Bright_Pink
87580,30,Medium_Lavender
87580,31,Lavender
87580,70,Reddish_Brown
87580,71,Light_Bluish_Gray
87580,72,Dark_Bluish_Gray
87580,73,Medium_Blue
87580,85,Dark_Purple
87580,191,Bright_Light_Orange
87580,212,Bright_Light_Blue
87580,226,Bright_Light_Yellow
87580,272,Dark_Blue
87580,288,Dark_Green
87580,320,Dark_Red
87580,321,Dark_Azure
87580,322,Medium_Azure
87580,323,Light_Aqua
87580,330,Olive_Green
87580,378,Sand_Green
87580,379,Sand_Blue
87580,484,Dark_Orange
87585,15,White
87585,31,Lavender
87585,70,Reddish_Brown
87587,15,White
87587,72,Dark_Bluish_Gray
87601,4,Red
87601,28,Dark_Tan
87601,70,Reddish_Brown
87601,308,Dark_Brown
87606,3,Dark_Turquoise
87606,14,Yellow
87606,15,White
87606,70,Reddish_Brown
87606,72,Dark_Bluish_Gray
87606,272,Dark_Blue
87606,288,Dark_Green
87606,320,Dark_Red
87606,378,Sand_Green
87609,0,Black
87609,1,Blue
87609,2,Green
87609,3,Dark_Turquoise
87609,4,Red
87609,14,Yellow
87609,15,White
87609,25,Orange
87609,71,Light_Bluish_Gray
87609,72,Dark_Bluish_Gray
87609,73,Medium_Blue
87609,191,Bright_Light_Orange
87609,320,Dark_Red
87609,321,Dark_Azure
87609,322,Medium_Azure
87609,378,Sand_Green
87610,15,White
87610,72,Dark_Bluish_Gray
87610,378,Sand_Green
87611,0,Black
87611,1,Blue
87611,3,Dark_Turquoise
87611,14,Yellow
87611,15,White
87611,25,Orange
87611,31,Lavender
87611,70,Reddish_Brown
87611,72,Dark_Bluish_Gray
87611,191,Bright_Light_Orange
87611,272,Dark_Blue
87611,322,Medium_Azure
87613,1,Blue
87613,4,Red
87613,14,Yellow
87613,15,White
87613,25,Orange
87613,272,Dark_Blue
87614,0,Black
87614,1,Blue
87614,4,Red
87614,15,White
87614,191,Bright_Light_Orange
87614,272,Dark_Blue
87614,323,Light_Aqua
87615,0,Black
87615,1,Blue
87615,4,Red
87615,15,White
87615,25,Orange
87615,27,Lime
87615,70,Reddish_Brown
87615,71,Light_Bluish_Gray
87615,72,Dark_Bluish_Gray
87615,272,Dark_Blue
87615,288,Dark_Green
87615,379,Sand_Blue
87616,0,Black
87616,1,Blue
87616,3,Dark_Turquoise
87616,4,Red
87616,15,White
87616,25,Orange
87616,26,Magenta
87616,71,Light_Bluish_Gray
87616,72,Dark_Bluish_Gray
87616,272,Dark_Blue
87616,288,Dark_Green
87616,308,Dark_Brown
87616,322,Medium_Azure
87616,379,Sand_Blue
87617,0,Black
87617,3,Dark_Turquoise
87617,4,Red
87617,14,Yellow
87617,15,White
87617,70,Reddish_Brown
87617,320,Dark_Red
87618,0,Black
87618,70,Reddish_Brown
87618,71,Light_Bluish_Gray
87618,85,Dark_Purple
87619,1,Blue
87619,4,Red
87619,5,Dark_Pink
87619,15,White
87619,72,Dark_Bluish_Gray
87620,0,Black
87620,1,Blue
87620,4,Red
87620,5,Dark_Pink
87620,14,Yellow
87620,15,White
87620,19,Tan
87620,25,Orange
87620,26,Magenta
87620,28,Dark_Tan
87620,29,Bright_Pink
87620,30,Medium_Lavender
87620,31,Lavender
87620,71,Light_Bluish_Gray
87620,72,Dark_Bluish_Gray
87620,73,Medium_Blue
87620,85,Dark_Purple
87620,191,Bright_Light_Orange
87620,272,Dark_Blue
87620,288,Dark_Green
87620,320,Dark_Red
87620,322,Medium_Azure
87620,378,Sand_Green
87620,379,Sand_Blue
87685,1,Blue
87685,4,Red
87685,14,Yellow
87685,15,White
87686,1,Blue
87686,4,Red
87686,14,Yellow
87686,15,White
87687,1,Blue
87687,4,Red
87687,14,Yellow
87687,15,White
87689,4,Red
87689,14,Yellow
87689,15,White
87690,4,Red
87690,14,Yellow
87690,15,White
87691,4,Red
87691,14,Yellow
87691,15,White
87692,0,Black
87692,1,Blue
87692,4,Red
87692,14,Yellow
87692,15,White
87693,0,Black
87693,1,Blue
87693,4,Red
87693,14,Yellow
87693,15,White
87693,26,Magenta
87693,27,Lime
87693,28,Dark_Tan
87693,321,Dark_Azure
87694,0,Black
87694,1,Blue
87694,4,Red
87694,7,Light_Gray
87694,14,Yellow
87694,15,White
87695,15,White
87697,0,Black
87745,0,Black
87745,15,White
87745,71,Light_Bluish_Gray
87747,0,Black
87747,2,Green
87747,4,Red
87747,14,Yellow
87747,15,White
87747,19,Tan
87747,25,Orange
87747,26,Magenta
87747,27,Lime
87747,70,Reddish_Brown
87747,71,Light_Bluish_Gray
87747,85,Dark_Purple
87747,191,Bright_Light_Orange
87747,226,Bright_Light_Yellow
87747,320,Dark_Red
87747,326,Yellowish_Green
87749,27,Lime
87749,320,Dark_Red
87750,72,Dark_Bluish_Gray
87751,0,Black
87751,85,Dark_Purple
87752,28,Dark_Tan
87752,72,Dark_Bluish_Gray
87752,484,Dark_Orange
87754,0,Black
87754,14,Yellow
87754,15,White
87754,71,Light_Bluish_Gray
87754,72,Dark_Bluish_Gray
87754,272,Dark_Blue
87754,379,Sand_Blue
87761,0,Black
87777,71,Light_Bluish_Gray
87781,0,Black
87781,4,Red
87781,5,Dark_Pink
87781,10,Bright_Green
87781,15,White
87781,25,Orange
87781,72,Dark_Bluish_Gray
87781,321,Dark_Azure
87788,4,Red
87789,27,Lime
87790,4,Red
87790,15,White
87790,25,Orange
87791,0,Black
87791,4,Red
87791,15,White
87791,27,Lime
87794,0,Black
87796,0,Black
87796,1,Blue
87796,4,Red
87796,25,Orange
87796,191,Bright_Light_Orange
87797,0,Black
87797,1,Blue
87797,4,Red
87797,15,White
87797,27,Lime
87798,0,Black
87798,1,Blue
87798,4,Red
87798,15,White
87798,27,Lime
87802,15,White
87805,27,Lime
87808,4,Red
87814,1,Blue
87817,0,Black
87820,0,Black
87820,14,Yellow
87820,71,Light_Bluish_Gray
87821,4,Red
87822,14,Yellow
87823,27,Lime
87827,1,Blue
87827,27,Lime
87831,1,Blue
87831,25,Orange
87846,0,Black
87846,1,Blue
87846,4,Red
87846,15,White
87846,70,Reddish_Brown
87846,85,Dark_Purple
87846,288,Dark_Green
879,7,Light_Gray
879,71,Light_Bluish_Gray
87913,31,Lavender
87913,71,Light_Bluish_Gray
87913,72,Dark_Bluish_Gray
87926,4,Red
87926,15,White
87926,19,Tan
87926,31,Lavender
87926,70,Reddish_Brown
87926,71,Light_Bluish_Gray
87926,72,Dark_Bluish_Gray
87926,85,Dark_Purple
87926,320,Dark_Red
87926,484,Dark_Orange
87944,72,Dark_Bluish_Gray
87989,27,Lime
87989,71,Light_Bluish_Gray
87989,212,Bright_Light_Blue
87990,0,Black
87990,4,Red
87990,15,White
87990,19,Tan
87990,25,Orange
87990,26,Magenta
87990,28,Dark_Tan
87990,70,Reddish_Brown
87990,226,Bright_Light_Yellow
87990,308,Dark_Brown
87990,320,Dark_Red
87990,321,Dark_Azure
87990,378,Sand_Green
87990,484,Dark_Orange
87991,0,Black
87991,14,Yellow
87991,15,White
87991,19,Tan
87991,70,Reddish_Brown
87991,226,Bright_Light_Yellow
87991,308,Dark_Brown
87991,484,Dark_Orange
87993,4,Red
87993,15,White
87993,25,Orange
87994,0,Black
87994,1,Blue
87994,3,Dark_Turquoise
87994,4,Red
87994,10,Bright_Green
87994,15,White
87994,19,Tan
87994,25,Orange
87994,27,Lime
87994,70,Reddish_Brown
87994,71,Light_Bluish_Gray
87994,72,Dark_Bluish_Gray
87994,89,Blue_Violet
87994,288,Dark_Green
87994,308,Dark_Brown
87994,321,Dark_Azure
87994,330,Olive_Green
87994,484,Dark_Orange
87995,0,Black
87995,1,Blue
87995,2,Green
87995,4,Red
87995,5,Dark_Pink
87995,14,Yellow
87995,27,Lime
87995,70,Reddish_Brown
87995,308,Dark_Brown
87997,1,Blue
87997,15,White
87997,29,Bright_Pink
87998,0,Black
87998,2,Green
88000,2,Green
88001,70,Reddish_Brown
88001,71,Light_Bluish_Gray
88001,72,Dark_Bluish_Gray
88001,308,Dark_Brown
88072,0,Black
88072,2,Green
88072,4,Red
88072,5,Dark_Pink
88072,14,Yellow
88072,15,White
88072,19,Tan
88072,25,Orange
88072,70,Reddish_Brown
88072,71,Light_Bluish_Gray
88072,72,Dark_Bluish_Gray
88072,272,Dark_Blue
88283,0,Black
88283,4,Red
88283,15,White
88283,19,Tan
88283,28,Dark_Tan
88283,30,Medium_Lavender
88283,70,Reddish_Brown
88283,226,Bright_Light_Yellow
88283,308,Dark_Brown
88283,484,Dark_Orange
88286,0,Black
88286,4,Red
88286,15,White
88286,19,Tan
88286,28,Dark_Tan
88286,70,Reddish_Brown
88286,72,Dark_Bluish_Gray
88286,308,Dark_Brown
88289,0,Black
88289,4,Red
88289,308,Dark_Brown
88289,322,Medium_Azure
88290,0,Black
88290,308,Dark_Brown
88292,0,Black
88292,3,Dark_Turquoise
88292,4,Red
88292,15,White
88292,19,Tan
88292,30,Medium_Lavender
88292,31,Lavender
88292,70,Reddish_Brown
88292,71,Light_Bluish_Gray
88292,72,Dark_Bluish_Gray
88292,73,Medium_Blue
88292,191,Bright_Light_Orange
88292,226,Bright_Light_Yellow
88292,272,Dark_Blue
88292,320,Dark_Red
88292,322,Medium_Azure
88292,330,Olive_Green
88293,0,Black
88293,4,Red
88293,14,Yellow
88293,15,White
88293,19,Tan
88293,26,Magenta
88293,27,Lime
88293,29,Bright_Pink
88293,30,Medium_Lavender
88293,71,Light_Bluish_Gray
88293,72,Dark_Bluish_Gray
88293,85,Dark_Purple
88293,191,Bright_Light_Orange
88293,212,Bright_Light_Blue
88293,226,Bright_Light_Yellow
88293,272,Dark_Blue
88293,288,Dark_Green
88293,320,Dark_Red
88293,322,Medium_Azure
88293,323,Light_Aqua
88293,378,Sand_Green
88295,4,Red
88295,28,Dark_Tan
88295,70,Reddish_Brown
88393,0,Black
88393,1,Blue
88393,4,Red
88393,15,White
88393,71,Light_Bluish_Gray
88393,72,Dark_Bluish_Gray
88393,85,Dark_Purple
88393,323,Light_Aqua
88412,0,Black
88412,2,Green
88412,30,Medium_Lavender
88415,0,Black
88415,1,Blue
88415,2,Green
88415,4,Red
88415,7,Light_Gray
88415,8,Dark_Gray
88415,10,Bright_Green
88415,14,Yellow
88415,15,White
88415,19,Tan
88415,25,Orange
88415,26,Magenta
88415,27,Lime
88415,28,Dark_Tan
88415,71,Light_Bluish_Gray
88415,72,Dark_Bluish_Gray
88415,73,Medium_Blue
88415,85,Dark_Purple
88415,272,Dark_Blue
88415,288,Dark_Green
88415,320,Dark_Red
88415,321,Dark_Azure
88415,484,Dark_Orange
88422,0,Black
88422,1,Blue
88422,4,Red
88422,7,Light_Gray
88422,14,Yellow
88422,15,White
88422,25,Orange
88422,27,Lime
88422,29,Bright_Pink
88422,85,Dark_Purple
88489,1,Blue
88489,2,Green
88489,70,Reddish_Brown
88489,71,Light_Bluish_Gray
88489,288,Dark_Green
88513,0,Black
88513,4,Red
88513,5,Dark_Pink
88513,10,Bright_Green
88513,14,Yellow
88513,15,White
88513,19,Tan
88513,25,Orange
88513,27,Lime
88513,28,Dark_Tan
88513,70,Reddish_Brown
88513,191,Bright_Light_Orange
88513,212,Bright_Light_Blue
88513,226,Bright_Light_Yellow
88513,320,Dark_Red
88513,326,Yellowish_Green
88516,0,Black
88517,0,Black
88517,71,Light_Bluish_Gray
88517,72,Dark_Bluish_Gray
88517,85,Dark_Purple
88517,322,Medium_Azure
88646,0,Black
88646,4,Red
88646,15,White
88646,25,Orange
88646,27,Lime
88646,71,Light_Bluish_Gray
88695,26,Magenta
88704,0,Black
88704,1,Blue
88704,2,Green
88704,4,Red
88704,10,Bright_Green
88704,15,White
88704,29,Bright_Pink
88704,70,Reddish_Brown
88738,0,Black
88738,15,White
88738,72,Dark_Bluish_Gray
88930,0,Black
88930,1,Blue
88930,2,Green
88930,3,Dark_Turquoise
88930,4,Red
88930,5,Dark_Pink
88930,14,Yellow
88930,15,White
88930,25,Orange
88930,26,Magenta
88930,27,Lime
88930,31,Lavender
88930,70,Reddish_Brown
88930,71,Light_Bluish_Gray
88930,72,Dark_Bluish_Gray
88930,85,Dark_Purple
88930,89,Blue_Violet
88930,191,Bright_Light_Orange
88930,226,Bright_Light_Yellow
88930,272,Dark_Blue
88930,288,Dark_Green
88930,308,Dark_Brown
88930,321,Dark_Azure
88930,322,Medium_Azure
88930,326,Yellowish_Green
88930,378,Sand_Green
88930,484,Dark_Orange
88964,4,Red
88964,288,Dark_Green
890,0,Black
890,15,White
89079,212,Bright_Light_Blue
891,0,Black
891,2,Green
891,4,Red
891,5,Dark_Pink
891,8,Dark_Gray
891,14,Yellow
891,15,White
891,19,Tan
891,29,Bright_Pink
891,71,Light_Bluish_Gray
891,72,Dark_Bluish_Gray
891,272,Dark_Blue
891,288,Dark_Green
89159,19,Tan
89159,272,Dark_Blue
89201,0,Black
89509,15,White
89513,0,Black
89513,72,Dark_Bluish_Gray
89520,0,Black
89520,1,Blue
89520,10,Bright_Green
89520,15,White
89520,71,Light_Bluish_Gray
89520,191,Bright_Light_Orange
89522,4,Red
89522,10,Bright_Green
89522,14,Yellow
89522,15,White
89522,25,Orange
89522,27,Lime
89522,71,Light_Bluish_Gray
89522,72,Dark_Bluish_Gray
89522,85,Dark_Purple
89522,212,Bright_Light_Blue
89522,321,Dark_Azure
89522,323,Light_Aqua
89522,378,Sand_Green
89523,0,Black
89523,2,Green
89523,4,Red
89523,15,White
89523,19,Tan
89523,25,Orange
89523,26,Magenta
89523,28,Dark_Tan
89523,71,Light_Bluish_Gray
89523,72,Dark_Bluish_Gray
89523,85,Dark_Purple
89523,272,Dark_Blue
89523,321,Dark_Azure
89523,322,Medium_Azure
89648,15,White
89648,19,Tan
89648,25,Orange
89650,0,Black
89650,72,Dark_Bluish_Gray
89650,320,Dark_Red
89651,0,Black
89651,4,Red
89651,27,Lime
89651,72,Dark_Bluish_Gray
89651,73,Medium_Blue
89651,272,Dark_Blue
89651,320,Dark_Red
89668,71,Light_Bluish_Gray
89668,72,Dark_Bluish_Gray
89678,4,Red
89678,72,Dark_Bluish_Gray
89679,0,Black
89679,1,Blue
89679,2,Green
89679,3,Dark_Turquoise
89679,4,Red
89679,10,Bright_Green
89679,14,Yellow
89679,15,White
89679,25,Orange
89679,27,Lime
89679,28,Dark_Tan
89679,29,Bright_Pink
89679,71,Light_Bluish_Gray
89679,72,Dark_Bluish_Gray
89679,191,Bright_Light_Orange
89679,272,Dark_Blue
89679,321,Dark_Azure
89681,1,Blue
89681,4,Red
89681,10,Bright_Green
89681,15,White
89681,71,Light_Bluish_Gray
89762,15,White
89801,71,Light_Bluish_Gray
9,0,Black
9,1,Blue
9,2,Green
9,3,Dark_Turquoise
9,4,Red
9,5,Dark_Pink
9,6,Brown
9,7,Light_Gray
9,8,Dark_Gray
9,10,Bright_Green
9,14,Yellow
9,15,White
9,19,Tan
9,25,Orange
9,26,Magenta
9,27,Lime
9,28,Dark_Tan
9,29,Bright_Pink
9,30,Medium_Lavender
9,31,Lavender
9,70,Reddish_Brown
9,71,Light_Bluish_Gray
9,72,Dark_Bluish_Gray
9,73,Medium_Blue
9,118,Aqua
9,191,Bright_Light_Orange
9,212,Bright_Light_Blue
9,226,Bright_Light_Yellow
9,232,Sky_Blue
9,272,Dark_Blue
9,288,Dark_Green
9,308,Dark_Brown
9,313,Maersk_Blue
9,320,Dark_Red
9,321,Dark_Azure
9,322,Medium_Azure
9,323,Light_Aqua
9,330,Olive_Green
9,378,Sand_Green
9,484,Dark_Orange
90001c01p01,85,Dark_Purple
90109,14,Yellow
90194,0,Black
90194,1,Blue
90194,2,Green
90194,3,Dark_Turquoise
90194,4,Red
90194,14,Yellow
90194,15,White
90194,19,Tan
90194,70,Reddish_Brown
90194,71,Light_Bluish_Gray
90194,72,Dark_Bluish_Gray
90194,85,Dark_Purple
90194,191,Bright_Light_Orange
90194,212,Bright_Light_Blue
90194,226,Bright_Light_Yellow
90194,272,Dark_Blue
90194,288,Dark_Green
90194,320,Dark_Red
90194,322,Medium_Azure
90194,326,Yellowish_Green
90194,379,Sand_Blue
90194,484,Dark_Orange
90195,0,Black
90195,5,Dark_Pink
90195,15,White
90195,19,Tan
90195,31,Lavender
90195,70,Reddish_Brown
90195,71,Light_Bluish_Gray
90195,72,Dark_Bluish_Gray
90195,323,Light_Aqua
90195,326,Yellowish_Green
90195,378,Sand_Green
90201,0,Black
90201,4,Red
90202,0,Black
90202,70,Reddish_Brown
90258,0,Black
90258,19,Tan
90258,28,Dark_Tan
90258,70,Reddish_Brown
90258,72,Dark_Bluish_Gray
90258,484,Dark_Orange
90370,0,Black
90370,26,Magenta
90370,71,Light_Bluish_Gray
90370,272,Dark_Blue
90386,0,Black
90386,288,Dark_Green
90390,19,Tan
90390,308,Dark_Brown
90395,4,Red
90395,25,Orange
90396,0,Black
90396,3,Dark_Turquoise
90396,5,Dark_Pink
90396,26,Magenta
90396,70,Reddish_Brown
90396,226,Bright_Light_Yellow
90396,272,Dark_Blue
90396,320,Dark_Red
90397,3,Dark_Turquoise
90397,4,Red
90397,10,Bright_Green
90397,15,White
90397,25,Orange
90397,27,Lime
90397,29,Bright_Pink
90397,31,Lavender
90397,320,Dark_Red
90397,321,Dark_Azure
90397,322,Medium_Azure
90397,378,Sand_Green
90398,0,Black
90398,1,Blue
90398,2,Green
90398,5,Dark_Pink
90398,15,White
90398,19,Tan
90398,25,Orange
90398,28,Dark_Tan
90398,71,Light_Bluish_Gray
90398,72,Dark_Bluish_Gray
90398,272,Dark_Blue
90398,308,Dark_Brown
90398,320,Dark_Red
90398,378,Sand_Green
9044,1,Blue
9044,14,Yellow
9044,15,White
90460,0,Black
90460,1,Blue
90460,28,Dark_Tan
90460,72,Dark_Bluish_Gray
90460,288,Dark_Green
90462,0,Black
90462,19,Tan
90462,28,Dark_Tan
90463,0,Black
90463,72,Dark_Bluish_Gray
90498,0,Black
90498,2,Green
90498,3,Dark_Turquoise
90498,4,Red
90498,10,Bright_Green
90498,14,Yellow
90498,15,White
90498,19,Tan
90498,70,Reddish_Brown
90498,72,Dark_Bluish_Gray
90498,85,Dark_Purple
90498,320,Dark_Red
90508,4,Red
90508,27,Lime
90508,70,Reddish_Brown
90509,0,Black
90509,1,Blue
90509,2,Green
90509,4,Red
90509,14,Yellow
90509,15,White
90509,25,Orange
90509,26,Magenta
90509,85,Dark_Purple
90509,322,Medium_Azure
90510,0,Black
90510,1,Blue
90510,2,Green
90510,6,Brown
90510,7,Light_Gray
90510,10,Bright_Green
90510,15,White
90510,19,Tan
90510,26,Magenta
90510,70,Reddish_Brown
90510,71,Light_Bluish_Gray
90510,72,Dark_Bluish_Gray
90510,288,Dark_Green
90510,308,Dark_Brown
90514,4,Red
90514,15,White
90514,27,Lime
90514,72,Dark_Bluish_Gray
90514,73,Medium_Blue
90514,322,Medium_Azure
90514,378,Sand_Green
90538,308,Dark_Brown
90540,4,Red
90540,15,White
90540,27,Lime
90540,72,Dark_Bluish_Gray
90540,73,Medium_Blue
90540,322,Medium_Azure
90540,378,Sand_Green
90605,0,Black
90605,4,Red
90607,0,Black
90607,191,Bright_Light_Orange
90608,0,Black
90608,4,Red
90608,15,White
90608,71,Light_Bluish_Gray
90608,72,Dark_Bluish_Gray
90609,0,Black
90609,72,Dark_Bluish_Gray
90609,322,Medium_Azure
90609,330,Olive_Green
90611,0,Black
90611,14,Yellow
90611,27,Lime
90611,72,Dark_Bluish_Gray
90611,191,Bright_Light_Orange
90612,0,Black
90612,4,Red
90612,70,Reddish_Brown
90612,72,Dark_Bluish_Gray
90613,0,Black
90613,25,Orange
90613,72,Dark_Bluish_Gray
90613,320,Dark_Red
90615,0,Black
90615,71,Light_Bluish_Gray
90615,72,Dark_Bluish_Gray
90616,0,Black
90616,4,Red
90616,72,Dark_Bluish_Gray
90616,320,Dark_Red
90617,0,Black
90617,4,Red
90617,27,Lime
90617,71,Light_Bluish_Gray
90617,72,Dark_Bluish_Gray
90622,0,Black
90622,4,Red
90622,320,Dark_Red
90623,0,Black
90623,25,Orange
90625,0,Black
90625,4,Red
90625,72,Dark_Bluish_Gray
90626,0,Black
90630,0,Black
90634,0,Black
90636,191,Bright_Light_Orange
90638,0,Black
90638,4,Red
90638,15,White
90638,19,Tan
90638,25,Orange
90638,28,Dark_Tan
90638,85,Dark_Purple
90638,191,Bright_Light_Orange
90639,0,Black
90639,1,Blue
90639,4,Red
90639,14,Yellow
90639,15,White
90639,19,Tan
90639,25,Orange
90639,27,Lime
90639,28,Dark_Tan
90639,70,Reddish_Brown
90639,71,Light_Bluish_Gray
90639,72,Dark_Bluish_Gray
90639,85,Dark_Purple
90639,320,Dark_Red
90639,321,Dark_Azure
90639,330,Olive_Green
90639,379,Sand_Blue
90640,0,Black
90640,4,Red
90640,10,Bright_Green
90640,14,Yellow
90640,15,White
90640,19,Tan
90640,28,Dark_Tan
90640,70,Reddish_Brown
90640,71,Light_Bluish_Gray
90640,72,Dark_Bluish_Gray
90640,85,Dark_Purple
90640,191,Bright_Light_Orange
90640,272,Dark_Blue
90640,288,Dark_Green
90640,308,Dark_Brown
90640,320,Dark_Red
90640,321,Dark_Azure
90640,326,Yellowish_Green
90640,379,Sand_Blue
90640,484,Dark_Orange
90641,0,Black
90641,1,Blue
90641,2,Green
90641,4,Red
90641,10,Bright_Green
90641,14,Yellow
90641,15,White
90641,19,Tan
90641,25,Orange
90641,27,Lime
90641,70,Reddish_Brown
90641,72,Dark_Bluish_Gray
90641,85,Dark_Purple
90641,191,Bright_Light_Orange
90641,288,Dark_Green
90641,308,Dark_Brown
90641,378,Sand_Green
90649,0,Black
90650,0,Black
90650,1,Blue
90650,4,Red
90650,10,Bright_Green
90650,14,Yellow
90650,15,White
90650,19,Tan
90650,27,Lime
90650,85,Dark_Purple
90650,272,Dark_Blue
90652,0,Black
90652,1,Blue
90652,4,Red
90652,10,Bright_Green
90652,14,Yellow
90652,15,White
90652,19,Tan
90652,28,Dark_Tan
90652,191,Bright_Light_Orange
90652,288,Dark_Green
90652,308,Dark_Brown
90652,320,Dark_Red
90661,0,Black
90661,1,Blue
90661,4,Red
90661,10,Bright_Green
90661,14,Yellow
90661,15,White
90661,25,Orange
90661,27,Lime
90661,72,Dark_Bluish_Gray
90661,308,Dark_Brown
90754,0,Black
90754,1,Blue
90754,4,Red
90754,14,Yellow
90754,19,Tan
90754,72,Dark_Bluish_Gray
90754,322,Medium_Azure
90826,0,Black
90826,19,Tan
90826,27,Lime
90826,308,Dark_Brown
90826,323,Light_Aqua
90840,0,Black
90981,0,Black
90981,15,White
90981,27,Lime
90981,72,Dark_Bluish_Gray
90981,212,Bright_Light_Blue
91049,0,Black
91049,1,Blue
91049,71,Light_Bluish_Gray
911,7,Light_Gray
91143,0,Black
91143,1,Blue
91143,2,Green
91143,3,Dark_Turquoise
91143,4,Red
91143,5,Dark_Pink
91143,6,Brown
91143,7,Light_Gray
91143,8,Dark_Gray
91143,10,Bright_Green
91143,14,Yellow
91143,15,White
91143,18,Light_Yellow
91143,19,Tan
91143,25,Orange
91143,26,Magenta
91143,27,Lime
91143,28,Dark_Tan
91143,29,Bright_Pink
91143,30,Medium_Lavender
91143,31,Lavender
91143,70,Reddish_Brown
91143,71,Light_Bluish_Gray
91143,72,Dark_Bluish_Gray
91143,73,Medium_Blue
91143,85,Dark_Purple
91143,89,Blue_Violet
91143,100,Light_Salmon
91143,115,Medium_Lime
91143,191,Bright_Light_Orange
91143,212,Bright_Light_Blue
91143,226,Bright_Light_Yellow
91143,232,Sky_Blue
91143,272,Dark_Blue
91143,288,Dark_Green
91143,308,Dark_Brown
91143,313,Maersk_Blue
91143,320,Dark_Red
91143,321,Dark_Azure
91143,322,Medium_Azure
91143,323,Light_Aqua
91143,326,Yellowish_Green
91143,330,Olive_Green
91143,378,Sand_Green
91143,379,Sand_Blue
91143,462,Medium_Orange
91143,484,Dark_Orange
91176,0,Black
91176,4,Red
91176,5,Dark_Pink
91176,14,Yellow
91176,15,White
91176,19,Tan
91176,70,Reddish_Brown
91176,71,Light_Bluish_Gray
91176,191,Bright_Light_Orange
91176,308,Dark_Brown
91176,322,Medium_Azure
91176,378,Sand_Green
912,2,Green
91347,0,Black
91347,72,Dark_Bluish_Gray
91405,0,Black
91405,1,Blue
91405,2,Green
91405,4,Red
91405,10,Bright_Green
91405,15,White
91405,19,Tan
91405,25,Orange
91405,27,Lime
91405,28,Dark_Tan
91405,29,Bright_Pink
91405,30,Medium_Lavender
91405,31,Lavender
91405,71,Light_Bluish_Gray
91405,72,Dark_Bluish_Gray
91405,85,Dark_Purple
91405,212,Bright_Light_Blue
91405,226,Bright_Light_Yellow
91405,288,Dark_Green
91405,322,Medium_Azure
91405,323,Light_Aqua
91405,330,Olive_Green
91405,378,Sand_Green
91405,484,Dark_Orange
91501,0,Black
91501,3,Dark_Turquoise
91501,15,White
91501,19,Tan
91501,71,Light_Bluish_Gray
91501,226,Bright_Light_Yellow
91501,322,Medium_Azure
91598,0,Black
91598,1,Blue
91598,2,Green
91598,4,Red
91598,6,Brown
91598,7,Light_Gray
91598,8,Dark_Gray
91598,14,Yellow
91598,15,White
91598,19,Tan
91598,25,Orange
91598,71,Light_Bluish_Gray
91598,72,Dark_Bluish_Gray
91884,70,Reddish_Brown
91884,308,Dark_Brown
91968c01-bl,0,Black
91968c01-bl,71,Light_Bluish_Gray
91988,0,Black
91988,1,Blue
91988,2,Green
91988,3,Dark_Turquoise
91988,4,Red
91988,5,Dark_Pink
91988,15,White
91988,19,Tan
91988,28,Dark_Tan
91988,31,Lavender
91988,70,Reddish_Brown
91988,71,Light_Bluish_Gray
91988,72,Dark_Bluish_Gray
91988,191,Bright_Light_Orange
91988,272,Dark_Blue
91988,320,Dark_Red
92013,0,Black
92013,4,Red
92013,15,White
92013,72,Dark_Bluish_Gray
92013,85,Dark_Purple
92013,288,Dark_Green
92013,308,Dark_Brown
92013,379,Sand_Blue
92081,0,Black
92081,2,Green
92081,15,White
92081,19,Tan
92081,25,Orange
92081,28,Dark_Tan
92081,70,Reddish_Brown
92081,71,Light_Bluish_Gray
92081,72,Dark_Bluish_Gray
92081,226,Bright_Light_Yellow
92081,272,Dark_Blue
92081,308,Dark_Brown
92082,0,Black
92082,212,Bright_Light_Blue
92082,308,Dark_Brown
92083,0,Black
92083,308,Dark_Brown
92083,484,Dark_Orange
92084,0,Black
92084,15,White
92084,19,Tan
92084,28,Dark_Tan
92084,70,Reddish_Brown
92084,72,Dark_Bluish_Gray
92086,2,Green
92086,19,Tan
92088,0,Black
92088,15,White
92088,72,Dark_Bluish_Gray
92092,4,Red
92092,28,Dark_Tan
92092,72,Dark_Bluish_Gray
92099,0,Black
92099,1,Blue
92099,15,White
92099,28,Dark_Tan
92099,72,Dark_Bluish_Gray
92099,288,Dark_Green
92107,0,Black
92107,10,Bright_Green
92107,15,White
92107,28,Dark_Tan
92107,71,Light_Bluish_Gray
92107,72,Dark_Bluish_Gray
92107,85,Dark_Purple
92107,226,Bright_Light_Yellow
92107,288,Dark_Green
92107,320,Dark_Red
92107,322,Medium_Azure
92213,4,Red
92213,191,Bright_Light_Orange
92216,4,Red
92217,4,Red
92218,1,Blue
92220,1,Blue
92220,4,Red
92220,14,Yellow
92220,191,Bright_Light_Orange
92220,326,Yellowish_Green
92222,0,Black
92222,15,White
92222,27,Lime
92223,0,Black
92223,4,Red
92223,10,Bright_Green
92223,15,White
92225,25,Orange
92226,15,White
92227,4,Red
92229,0,Black
92230,4,Red
92232,14,Yellow
92232,27,Lime
92233,0,Black
92233,4,Red
92233,15,White
92233,27,Lime
92233,70,Reddish_Brown
92233,72,Dark_Bluish_Gray
92233,191,Bright_Light_Orange
92234,0,Black
92234,27,Lime
92238,15,White
92254,0,Black
92255,0,Black
92255,226,Bright_Light_Yellow
92255,308,Dark_Brown
92256,0,Black
92256,70,Reddish_Brown
92256,226,Bright_Light_Yellow
92257,0,Black
92257,4,Red
92257,308,Dark_Brown
92257,320,Dark_Red
92258,0,Black
92258,226,Bright_Light_Yellow
92258,320,Dark_Red
92259,0,Black
92259,70,Reddish_Brown
92259,191,Bright_Light_Orange
92259,226,Bright_Light_Yellow
92262,0,Black
92262,1,Blue
92262,4,Red
92262,14,Yellow
92262,15,White
92262,26,Magenta
92262,27,Lime
92262,29,Bright_Pink
92262,73,Medium_Blue
92262,191,Bright_Light_Orange
92262,212,Bright_Light_Blue
92262,226,Bright_Light_Yellow
92262,272,Dark_Blue
92262,288,Dark_Green
92262,321,Dark_Azure
92263,0,Black
92263,1,Blue
92263,4,Red
92263,14,Yellow
92263,15,White
92263,26,Magenta
92263,27,Lime
92263,29,Bright_Pink
92263,73,Medium_Blue
92263,191,Bright_Light_Orange
92263,212,Bright_Light_Blue
92263,226,Bright_Light_Yellow
92263,272,Dark_Blue
92263,288,Dark_Green
92263,321,Dark_Azure
92279,3,Dark_Turquoise
92279,15,White
92279,70,Reddish_Brown
92279,226,Bright_Light_Yellow
92279,320,Dark_Red
92280,0,Black
92280,4,Red
92280,5,Dark_Pink
92280,14,Yellow
92280,15,White
92280,71,Light_Bluish_Gray
92280,72,Dark_Bluish_Gray
92280,288,Dark_Green
92280,378,Sand_Green
92290,0,Black
92338c01,0,Black
92338c01,72,Dark_Bluish_Gray
92338c01,85,Dark_Purple
92338c01,484,Dark_Orange
92338c02,0,Black
92338c02,72,Dark_Bluish_Gray
92338c02,85,Dark_Purple
92338c02,484,Dark_Orange
92339,0,Black
92339,1,Blue
92339,25,Orange
92339,72,Dark_Bluish_Gray
92340,0,Black
92340,15,White
924,0,Black
924,2,Green
924,3,Dark_Turquoise
924,4,Red
924,7,Light_Gray
924,8,Dark_Gray
924,14,Yellow
924,15,White
924,19,Tan
924,25,Orange
924,27,Lime
924,28,Dark_Tan
924,29,Bright_Pink
924,71,Light_Bluish_Gray
924,72,Dark_Bluish_Gray
924,73,Medium_Blue
924,110,Violet
924,212,Bright_Light_Blue
924,272,Dark_Blue
924,288,Dark_Green
924,320,Dark_Red
924,321,Dark_Azure
924,378,Sand_Green
924,484,Dark_Orange
92402,0,Black
92409,0,Black
92410,0,Black
92410,1,Blue
92410,3,Dark_Turquoise
92410,4,Red
92410,15,White
92410,25,Orange
92410,27,Lime
92410,30,Medium_Lavender
92410,70,Reddish_Brown
92410,71,Light_Bluish_Gray
92410,85,Dark_Purple
92410,191,Bright_Light_Orange
92410,272,Dark_Blue
92410,321,Dark_Azure
92410,379,Sand_Blue
92411,0,Black
92411,1,Blue
92411,2,Green
92411,3,Dark_Turquoise
92411,4,Red
92411,7,Light_Gray
92411,8,Dark_Gray
92411,10,Bright_Green
92411,14,Yellow
92411,15,White
92411,19,Tan
92411,25,Orange
92411,26,Magenta
92411,27,Lime
92411,28,Dark_Tan
92411,29,Bright_Pink
92411,30,Medium_Lavender
92411,70,Reddish_Brown
92411,71,Light_Bluish_Gray
92411,72,Dark_Bluish_Gray
92411,73,Medium_Blue
92411,85,Dark_Purple
92411,191,Bright_Light_Orange
92411,212,Bright_Light_Blue
92411,226,Bright_Light_Yellow
92411,272,Dark_Blue
92411,288,Dark_Green
92411,320,Dark_Red
92411,321,Dark_Azure
92411,322,Medium_Azure
92411,323,Light_Aqua
92411,330,Olive_Green
92411,378,Sand_Green
92411,379,Sand_Blue
92411,484,Dark_Orange
92438,0,Black
92438,1,Blue
92438,2,Green
92438,3,Dark_Turquoise
92438,4,Red
92438,5,Dark_Pink
92438,10,Bright_Green
92438,14,Yellow
92438,15,White
92438,19,Tan
92438,25,Orange
92438,26,Magenta
92438,27,Lime
92438,28,Dark_Tan
92438,29,Bright_Pink
92438,30,Medium_Lavender
92438,31,Lavender
92438,71,Light_Bluish_Gray
92438,72,Dark_Bluish_Gray
92438,191,Bright_Light_Orange
92438,212,Bright_Light_Blue
92438,226,Bright_Light_Yellow
92438,288,Dark_Green
92438,308,Dark_Brown
92438,321,Dark_Azure
92438,322,Medium_Azure
92438,323,Light_Aqua
92438,326,Yellowish_Green
92438,330,Olive_Green
92438,378,Sand_Green
92438,379,Sand_Blue
92474,0,Black
92474,15,White
92474,26,Magenta
92474,29,Bright_Pink
92474,72,Dark_Bluish_Gray
92474,191,Bright_Light_Orange
92474,272,Dark_Blue
92538,0,Black
92538,1,Blue
92538,2,Green
92538,4,Red
92538,6,Brown
92538,7,Light_Gray
92538,8,Dark_Gray
92538,10,Bright_Green
92538,14,Yellow
92538,15,White
92538,19,Tan
92538,25,Orange
92538,27,Lime
92538,70,Reddish_Brown
92538,71,Light_Bluish_Gray
92538,72,Dark_Bluish_Gray
92538,125,Light_Orange
92538,151,Very_Light_Bluish_Gray
92538,320,Dark_Red
92538,378,Sand_Green
92538,379,Sand_Blue
92538,484,Dark_Orange
92579,28,Dark_Tan
92582,0,Black
92582,4,Red
92582,14,Yellow
92582,15,White
92582,25,Orange
92582,27,Lime
92582,71,Light_Bluish_Gray
92582,72,Dark_Bluish_Gray
92582,320,Dark_Red
92584,0,Black
92584,2,Green
92584,15,White
92584,28,Dark_Tan
92584,70,Reddish_Brown
92584,72,Dark_Bluish_Gray
92584,322,Medium_Azure
92585,0,Black
92585,1,Blue
92585,4,Red
92586,15,White
92589,0,Black
92589,19,Tan
92589,71,Light_Bluish_Gray
92590,28,Dark_Tan
92591,15,White
92591,70,Reddish_Brown
92591,71,Light_Bluish_Gray
92593,0,Black
92593,1,Blue
92593,2,Green
92593,4,Red
92593,14,Yellow
92593,15,White
92593,19,Tan
92593,26,Magenta
92593,27,Lime
92593,28,Dark_Tan
92593,30,Medium_Lavender
92593,70,Reddish_Brown
92593,71,Light_Bluish_Gray
92593,72,Dark_Bluish_Gray
92593,85,Dark_Purple
92593,191,Bright_Light_Orange
92593,272,Dark_Blue
92593,320,Dark_Red
92593,321,Dark_Azure
92593,322,Medium_Azure
92593,330,Olive_Green
92593,484,Dark_Orange
92690,4,Red
92690,70,Reddish_Brown
92690,71,Light_Bluish_Gray
92691,15,White
92692,0,Black
92692,14,Yellow
92692,15,White
92692,19,Tan
92692,70,Reddish_Brown
92692,484,Dark_Orange
92710,0,Black
92710,4,Red
92710,15,White
92710,25,Orange
92710,27,Lime
92710,71,Light_Bluish_Gray
92710,320,Dark_Red
92710c01,0,Black
92710c01,4,Red
92710c01,15,White
92710c01,25,Orange
92710c01,27,Lime
92710c01,72,Dark_Bluish_Gray
92710c02,15,White
92710c03,71,Light_Bluish_Gray
92710c04-bl,15,White
92710c04-bl,320,Dark_Red
92710c05-bl,15,White
92711,15,White
92711,19,Tan
92711,28,Dark_Tan
92711,70,Reddish_Brown
92711,72,Dark_Bluish_Gray
92715c01,72,Dark_Bluish_Gray
92738,0,Black
92741,70,Reddish_Brown
92746,0,Black
92746,19,Tan
92746,28,Dark_Tan
92746,70,Reddish_Brown
92746,484,Dark_Orange
92747,0,Black
92747,71,Light_Bluish_Gray
92747,323,Light_Aqua
92756,0,Black
92756,6,Brown
92756,28,Dark_Tan
92756,70,Reddish_Brown
92758,308,Dark_Brown
92759,73,Medium_Blue
92814,0,Black
92832,4,Red
92832,484,Dark_Orange
92842,0,Black
92842,14,Yellow
92842,15,White
92842,322,Medium_Azure
92847,4,Red
92847,15,White
92847,484,Dark_Orange
92906,72,Dark_Bluish_Gray
92907,0,Black
92907,1,Blue
92907,15,White
92907,70,Reddish_Brown
92907,71,Light_Bluish_Gray
92907,484,Dark_Orange
92908,71,Light_Bluish_Gray
92909,25,Orange
92909,72,Dark_Bluish_Gray
92910,71,Light_Bluish_Gray
92911,72,Dark_Bluish_Gray
92912,0,Black
92926,2,Green
92926,4,Red
92926,27,Lime
92926,71,Light_Bluish_Gray
92926,72,Dark_Bluish_Gray
92926,320,Dark_Red
92926,321,Dark_Azure
92944,320,Dark_Red
92946,0,Black
92946,1,Blue
92946,4,Red
92946,14,Yellow
92946,15,White
92946,19,Tan
92946,27,Lime
92946,72,Dark_Bluish_Gray
92946,191,Bright_Light_Orange
92946,288,Dark_Green
92947,0,Black
92947,4,Red
92947,14,Yellow
92947,15,White
92947,19,Tan
92947,29,Bright_Pink
92947,70,Reddish_Brown
92947,71,Light_Bluish_Gray
92947,72,Dark_Bluish_Gray
92947,308,Dark_Brown
92950,0,Black
92950,1,Blue
92950,2,Green
92950,3,Dark_Turquoise
92950,4,Red
92950,5,Dark_Pink
92950,15,White
92950,19,Tan
92950,27,Lime
92950,29,Bright_Pink
92950,30,Medium_Lavender
92950,70,Reddish_Brown
92950,71,Light_Bluish_Gray
92950,72,Dark_Bluish_Gray
92950,85,Dark_Purple
92950,191,Bright_Light_Orange
92950,212,Bright_Light_Blue
92950,226,Bright_Light_Yellow
92950,272,Dark_Blue
92950,320,Dark_Red
92950,323,Light_Aqua
92950,378,Sand_Green
93,0,Black
93,1,Blue
93,4,Red
93,7,Light_Gray
93,14,Yellow
93,15,White
93056,0,Black
93056,19,Tan
93059,0,Black
93059,4,Red
93059,15,White
93059,19,Tan
93059,25,Orange
93059,28,Dark_Tan
93059,71,Light_Bluish_Gray
93059,72,Dark_Bluish_Gray
93059,85,Dark_Purple
93059,320,Dark_Red
93061,0,Black
93061,4,Red
93061,15,White
93061,19,Tan
93061,70,Reddish_Brown
93061,71,Light_Bluish_Gray
93061,72,Dark_Bluish_Gray
93062p01,15,White
93069,0,Black
93069,15,White
93086,3,Dark_Turquoise
93086,4,Red
93086,29,Bright_Pink
93086,30,Medium_Lavender
93086,73,Medium_Blue
93086,321,Dark_Azure
93090,29,Bright_Pink
93091,15,White
93091,26,Magenta
93091,320,Dark_Red
93092,5,Dark_Pink
93092,27,Lime
93092,30,Medium_Lavender
93092,191,Bright_Light_Orange
93094,0,Black
93094,15,White
93095,0,Black
93095,1,Blue
93095,14,Yellow
93095,15,White
93095,19,Tan
93095,25,Orange
93095,29,Bright_Pink
93095,30,Medium_Lavender
93095,70,Reddish_Brown
93095,72,Dark_Bluish_Gray
93095,191,Bright_Light_Orange
93095,322,Medium_Azure
93096,0,Black
93096,29,Bright_Pink
93096,30,Medium_Lavender
93096,31,Lavender
93096,70,Reddish_Brown
93096,73,Medium_Blue
93096,272,Dark_Blue
93096,308,Dark_Brown
93096,323,Light_Aqua
93106,0,Black
93140,2,Green
93140,15,White
93160,0,Black
93160,3,Dark_Turquoise
93160,14,Yellow
93160,15,White
93160,29,Bright_Pink
93168,0,Black
93168,1,Blue
93168,15,White
93168,28,Dark_Tan
93168,71,Light_Bluish_Gray
93168,72,Dark_Bluish_Gray
93168,288,Dark_Green
93168,320,Dark_Red
93216,15,White
93216,272,Dark_Blue
93217,0,Black
93217,28,Dark_Tan
93217,71,Light_Bluish_Gray
93217,72,Dark_Bluish_Gray
93217,308,Dark_Brown
93219,4,Red
93222,0,Black
93222,70,Reddish_Brown
93223,15,White
93223,25,Orange
93223,28,Dark_Tan
93223,70,Reddish_Brown
93223,71,Light_Bluish_Gray
93223,484,Dark_Orange
93230,308,Dark_Brown
93231,70,Reddish_Brown
93250,2,Green
93250,27,Lime
93273,0,Black
93273,1,Blue
93273,2,Green
93273,3,Dark_Turquoise
93273,4,Red
93273,5,Dark_Pink
93273,10,Bright_Green
93273,14,Yellow
93273,15,White
93273,19,Tan
93273,25,Orange
93273,26,Magenta
93273,27,Lime
93273,28,Dark_Tan
93273,29,Bright_Pink
93273,30,Medium_Lavender
93273,31,Lavender
93273,70,Reddish_Brown
93273,71,Light_Bluish_Gray
93273,72,Dark_Bluish_Gray
93273,73,Medium_Blue
93273,85,Dark_Purple
93273,191,Bright_Light_Orange
93273,212,Bright_Light_Blue
93273,226,Bright_Light_Yellow
93273,272,Dark_Blue
93273,288,Dark_Green
93273,308,Dark_Brown
93273,320,Dark_Red
93273,321,Dark_Azure
93273,322,Medium_Azure
93273,323,Light_Aqua
93273,330,Olive_Green
93273,378,Sand_Green
93273,379,Sand_Blue
93273,484,Dark_Orange
93274,0,Black
93274,1,Blue
93274,2,Green
93274,4,Red
93274,10,Bright_Green
93274,14,Yellow
93274,15,White
93274,25,Orange
93274,27,Lime
93274,29,Bright_Pink
93274,71,Light_Bluish_Gray
93274,72,Dark_Bluish_Gray
93274,272,Dark_Blue
93274,320,Dark_Red
93274,323,Light_Aqua
93274,378,Sand_Green
93277,1,Blue
93277,2,Green
93277,4,Red
93277,14,Yellow
93277,15,White
93277,25,Orange
93277,27,Lime
93277,85,Dark_Purple
93277,191,Bright_Light_Orange
93348,0,Black
93348,4,Red
93348,14,Yellow
93348,15,White
93348,19,Tan
93348,71,Light_Bluish_Gray
93348,272,Dark_Blue
93348,320,Dark_Red
93352,308,Dark_Brown
93352,484,Dark_Orange
93541,30,Medium_Lavender
93541,71,Light_Bluish_Gray
93550,0,Black
93550,15,White
93550,19,Tan
93550,85,Dark_Purple
93551,2,Green
93551,10,Bright_Green
93551,212,Bright_Light_Blue
93552,70,Reddish_Brown
93553,0,Black
93553,320,Dark_Red
93554,0,Black
93554,308,Dark_Brown
93555,0,Black
93555,1,Blue
93555,27,Lime
93557,15,White
93557,379,Sand_Blue
93558,2,Green
93558,28,Dark_Tan
93558,191,Bright_Light_Orange
93558,378,Sand_Green
93559,15,White
93559,70,Reddish_Brown
93560,0,Black
93560,1,Blue
93560,3,Dark_Turquoise
93560,4,Red
93560,15,White
93560,26,Magenta
93560,72,Dark_Bluish_Gray
93560,272,Dark_Blue
93560,288,Dark_Green
93561,15,White
93562,0,Black
93562,25,Orange
93562,226,Bright_Light_Yellow
93563,0,Black
93563,1,Blue
93563,4,Red
93563,19,Tan
93563,25,Orange
93563,26,Magenta
93563,27,Lime
93563,28,Dark_Tan
93563,85,Dark_Purple
93563,272,Dark_Blue
93563,308,Dark_Brown
93571,0,Black
93571,4,Red
93571,14,Yellow
93571,70,Reddish_Brown
93571,72,Dark_Bluish_Gray
93571,322,Medium_Azure
93575,0,Black
93575,1,Blue
93575,4,Red
93575,14,Yellow
93575,15,White
93575,19,Tan
93575,25,Orange
93575,27,Lime
93575,28,Dark_Tan
93575,70,Reddish_Brown
93575,72,Dark_Bluish_Gray
93575,330,Olive_Green
93587,0,Black
93587,1,Blue
93587,4,Red
93587,14,Yellow
93587,26,Magenta
93587,73,Medium_Blue
93589,0,Black
93589,4,Red
93589,15,White
93589,70,Reddish_Brown
93589,72,Dark_Bluish_Gray
93589,320,Dark_Red
93590,1,Blue
93590,2,Green
93590,4,Red
93590,14,Yellow
93590,15,White
93590,70,Reddish_Brown
93590,71,Light_Bluish_Gray
93590,73,Medium_Blue
93590,85,Dark_Purple
93590,191,Bright_Light_Orange
93590,272,Dark_Blue
93590,378,Sand_Green
93591,4,Red
93591,14,Yellow
93591,272,Dark_Blue
93591,330,Olive_Green
93591,379,Sand_Blue
93593,4,Red
93593,15,White
93593,71,Light_Bluish_Gray
93594,71,Light_Bluish_Gray
93595,0,Black
93595,15,White
93595,71,Light_Bluish_Gray
93595,72,Dark_Bluish_Gray
93597,4,Red
93597,73,Medium_Blue
93604,0,Black
93604,4,Red
93604,14,Yellow
93604,15,White
93604,19,Tan
93604,25,Orange
93604,26,Magenta
93604,28,Dark_Tan
93604,30,Medium_Lavender
93604,70,Reddish_Brown
93604,71,Light_Bluish_Gray
93604,72,Dark_Bluish_Gray
93604,73,Medium_Blue
93604,85,Dark_Purple
93604,191,Bright_Light_Orange
93604,212,Bright_Light_Blue
93604,226,Bright_Light_Yellow
93604,288,Dark_Green
93604,320,Dark_Red
93604,321,Dark_Azure
93604,322,Medium_Azure
93604,323,Light_Aqua
93604,378,Sand_Green
93604,484,Dark_Orange
93606,0,Black
93606,1,Blue
93606,2,Green
93606,3,Dark_Turquoise
93606,4,Red
93606,5,Dark_Pink
93606,14,Yellow
93606,15,White
93606,25,Orange
93606,26,Magenta
93606,27,Lime
93606,28,Dark_Tan
93606,29,Bright_Pink
93606,30,Medium_Lavender
93606,70,Reddish_Brown
93606,71,Light_Bluish_Gray
93606,72,Dark_Bluish_Gray
93606,85,Dark_Purple
93606,191,Bright_Light_Orange
93606,212,Bright_Light_Blue
93606,226,Bright_Light_Yellow
93606,272,Dark_Blue
93606,288,Dark_Green
93606,308,Dark_Brown
93606,320,Dark_Red
93606,321,Dark_Azure
93606,322,Medium_Azure
93606,323,Light_Aqua
93606,330,Olive_Green
93606,484,Dark_Orange
93609,0,Black
93609,14,Yellow
93609,15,White
93609,28,Dark_Tan
93609,71,Light_Bluish_Gray
93609,72,Dark_Bluish_Gray
93609,378,Sand_Green
93789,0,Black
93789,6,Brown
93789,15,White
93789,70,Reddish_Brown
93789,308,Dark_Brown
93791,0,Black
93791,1,Blue
93791,2,Green
93791,4,Red
93791,6,Brown
93791,7,Light_Gray
93791,8,Dark_Gray
93791,10,Bright_Green
93791,14,Yellow
93791,15,White
93791,19,Tan
93791,25,Orange
93791,26,Magenta
93791,27,Lime
93791,28,Dark_Tan
93791,29,Bright_Pink
93791,30,Medium_Lavender
93791,70,Reddish_Brown
93791,71,Light_Bluish_Gray
93791,72,Dark_Bluish_Gray
93791,73,Medium_Blue
93791,89,Blue_Violet
93791,191,Bright_Light_Orange
93791,272,Dark_Blue
93791,320,Dark_Red
93791,321,Dark_Azure
93791,326,Yellowish_Green
93791,379,Sand_Blue
93792,0,Black
93792,1,Blue
93792,2,Green
93792,3,Dark_Turquoise
93792,4,Red
93792,5,Dark_Pink
93792,6,Brown
93792,7,Light_Gray
93792,8,Dark_Gray
93792,10,Bright_Green
93792,13,Pink
93792,14,Yellow
93792,15,White
93792,18,Light_Yellow
93792,19,Tan
93792,22,Purple
93792,25,Orange
93792,26,Magenta
93792,27,Lime
93792,28,Dark_Tan
93792,29,Bright_Pink
93792,30,Medium_Lavender
93792,31,Lavender
93792,68,Very_Light_Orange
93792,69,Light_Purple
93792,70,Reddish_Brown
93792,71,Light_Bluish_Gray
93792,72,Dark_Bluish_Gray
93792,73,Medium_Blue
93792,74,Medium_Green
93792,85,Dark_Purple
93792,89,Blue_Violet
93792,118,Aqua
93792,125,Light_Orange
93792,151,Very_Light_Bluish_Gray
93792,191,Bright_Light_Orange
93792,212,Bright_Light_Blue
93792,226,Bright_Light_Yellow
93792,272,Dark_Blue
93792,288,Dark_Green
93792,308,Dark_Brown
93792,313,Maersk_Blue
93792,320,Dark_Red
93792,321,Dark_Azure
93792,322,Medium_Azure
93792,323,Light_Aqua
93792,326,Yellowish_Green
93792,330,Olive_Green
93792,335,Sand_Red
93792,351,Medium_Dark_Pink
93792,378,Sand_Green
93792,379,Sand_Blue
93792,462,Medium_Orange
93792,484,Dark_Orange
93794,4,Red
93888,0,Black
93888,1,Blue
93888,2,Green
93888,4,Red
93888,5,Dark_Pink
93888,6,Brown
93888,7,Light_Gray
93888,8,Dark_Gray
93888,14,Yellow
93888,15,White
93888,18,Light_Yellow
93888,19,Tan
93888,25,Orange
93888,27,Lime
93888,29,Bright_Pink
93888,30,Medium_Lavender
93888,31,Lavender
93888,68,Very_Light_Orange
93888,70,Reddish_Brown
93888,71,Light_Bluish_Gray
93888,72,Dark_Bluish_Gray
93888,73,Medium_Blue
93888,85,Dark_Purple
93888,125,Light_Orange
93888,226,Bright_Light_Yellow
93888,272,Dark_Blue
93888,288,Dark_Green
93888,313,Maersk_Blue
93888,320,Dark_Red
93888,330,Olive_Green
93888,378,Sand_Green
93888,379,Sand_Blue
93888,484,Dark_Orange
94,1,Blue
94,2,Green
94,7,Light_Gray
94,8,Dark_Gray
94,10,Bright_Green
94,15,White
94,17,Light_Green
94,18,Light_Yellow
94,19,Tan
94,72,Dark_Bluish_Gray
94148,0,Black
94148,1,Blue
94148,2,Green
94148,3,Dark_Turquoise
94148,4,Red
94148,5,Dark_Pink
94148,6,Brown
94148,7,Light_Gray
94148,8,Dark_Gray
94148,10,Bright_Green
94148,13,Pink
94148,14,Yellow
94148,15,White
94148,18,Light_Yellow
94148,19,Tan
94148,22,Purple
94148,25,Orange
94148,26,Magenta
94148,27,Lime
94148,28,Dark_Tan
94148,29,Bright_Pink
94148,30,Medium_Lavender
94148,31,Lavender
94148,68,Very_Light_Orange
94148,69,Light_Purple
94148,70,Reddish_Brown
94148,71,Light_Bluish_Gray
94148,72,Dark_Bluish_Gray
94148,73,Medium_Blue
94148,85,Dark_Purple
94148,89,Blue_Violet
94148,125,Light_Orange
94148,151,Very_Light_Bluish_Gray
94148,191,Bright_Light_Orange
94148,212,Bright_Light_Blue
94148,226,Bright_Light_Yellow
94148,272,Dark_Blue
94148,288,Dark_Green
94148,308,Dark_Brown
94148,313,Maersk_Blue
94148,320,Dark_Red
94148,321,Dark_Azure
94148,322,Medium_Azure
94148,323,Light_Aqua
94148,326,Yellowish_Green
94148,330,Olive_Green
94148,351,Medium_Dark_Pink
94148,366,Earth_Orange
94148,378,Sand_Green
94148,379,Sand_Blue
94148,462,Medium_Orange
94148,484,Dark_Orange
94161,3,Dark_Turquoise
94161,70,Reddish_Brown
94318,25,Orange
94638,0,Black
94638,1,Blue
94638,4,Red
94638,14,Yellow
94638,15,White
94638,19,Tan
94638,27,Lime
94638,70,Reddish_Brown
94638,71,Light_Bluish_Gray
94638,320,Dark_Red
94638,322,Medium_Azure
94638,323,Light_Aqua
94638,484,Dark_Orange
94717,5,Dark_Pink
94717,26,Magenta
94717,30,Medium_Lavender
94717,31,Lavender
94717,322,Medium_Azure
94718,5,Dark_Pink
94718,26,Magenta
94718,30,Medium_Lavender
94718,31,Lavender
94718,322,Medium_Azure
94719,5,Dark_Pink
94719,26,Magenta
94719,30,Medium_Lavender
94719,31,Lavender
94719,322,Medium_Azure
94720,5,Dark_Pink
94720,26,Magenta
94720,30,Medium_Lavender
94720,31,Lavender
94720,322,Medium_Azure
94721,5,Dark_Pink
94721,26,Magenta
94721,30,Medium_Lavender
94721,31,Lavender
94721,322,Medium_Azure
94722,5,Dark_Pink
94722,26,Magenta
94722,30,Medium_Lavender
94722,31,Lavender
94722,322,Medium_Azure
94723,5,Dark_Pink
94723,26,Magenta
94723,30,Medium_Lavender
94723,31,Lavender
94723,322,Medium_Azure
94724,5,Dark_Pink
94724,26,Magenta
94724,30,Medium_Lavender
94724,31,Lavender
94724,322,Medium_Azure
94725,5,Dark_Pink
94725,26,Magenta
94725,30,Medium_Lavender
94725,31,Lavender
94725,322,Medium_Azure
94925,0,Black
94925,71,Light_Bluish_Gray
95,0,Black
95,1,Blue
95,2,Green
95,4,Red
95,6,Brown
95,7,Light_Gray
95,8,Dark_Gray
95,10,Bright_Green
95,14,Yellow
95,15,White
95,17,Light_Green
95,19,Tan
95,71,Light_Bluish_Gray
95,72,Dark_Bluish_Gray
95,212,Bright_Light_Blue
95049,72,Dark_Bluish_Gray
95050,72,Dark_Bluish_Gray
95051,72,Dark_Bluish_Gray
95052,72,Dark_Bluish_Gray
95053,72,Dark_Bluish_Gray
95054,72,Dark_Bluish_Gray
95120,0,Black
95120,1,Blue
95120,2,Green
95120,4,Red
95120,7,Light_Gray
95120,14,Yellow
95120,15,White
95120,19,Tan
95120,27,Lime
95120,70,Reddish_Brown
95120,72,Dark_Bluish_Gray
95120,379,Sand_Blue
95188,0,Black
95188,1,Blue
95188,2,Green
95188,3,Dark_Turquoise
95188,4,Red
95188,15,White
95188,19,Tan
95188,25,Orange
95188,27,Lime
95188,28,Dark_Tan
95188,30,Medium_Lavender
95188,70,Reddish_Brown
95188,71,Light_Bluish_Gray
95188,72,Dark_Bluish_Gray
95188,85,Dark_Purple
95188,272,Dark_Blue
95188,288,Dark_Green
95188,320,Dark_Red
95188,322,Medium_Azure
95188,330,Olive_Green
95188,379,Sand_Blue
95198,14,Yellow
95198,19,Tan
95199,0,Black
95199,15,White
95199,72,Dark_Bluish_Gray
95225,0,Black
95225,15,White
95225,26,Magenta
95225,70,Reddish_Brown
95225,71,Light_Bluish_Gray
95225,72,Dark_Bluish_Gray
95225,226,Bright_Light_Yellow
95225,308,Dark_Brown
95225,320,Dark_Red
95226,0,Black
95226,19,Tan
95226,28,Dark_Tan
95226,70,Reddish_Brown
95226,72,Dark_Bluish_Gray
95226,308,Dark_Brown
95226,484,Dark_Orange
95227,0,Black
95227,15,White
95227,70,Reddish_Brown
95227,72,Dark_Bluish_Gray
95227,308,Dark_Brown
95229,0,Black
95229,70,Reddish_Brown
95292-f1,14,Yellow
95342,15,White
95342,28,Dark_Tan
95342,71,Light_Bluish_Gray
95343,0,Black
95343,4,Red
95343,70,Reddish_Brown
95343,71,Light_Bluish_Gray
95343,272,Dark_Blue
95344,0,Black
95344,4,Red
95344,15,White
95344,28,Dark_Tan
95344,70,Reddish_Brown
95344,71,Light_Bluish_Gray
95344,72,Dark_Bluish_Gray
95345,4,Red
95345,70,Reddish_Brown
95345,71,Light_Bluish_Gray
95347,0,Black
95347,1,Blue
95347,2,Green
95347,4,Red
95347,14,Yellow
95347,15,White
95347,25,Orange
95347,27,Lime
95347,71,Light_Bluish_Gray
95347,72,Dark_Bluish_Gray
95347,272,Dark_Blue
95347,323,Light_Aqua
95348,0,Black
95348,15,White
95348,308,Dark_Brown
95351,2,Green
95354,0,Black
95354,1,Blue
954,0,Black
9551,0,Black
9551,1,Blue
9551,4,Red
9551,7,Light_Gray
9551,14,Yellow
9551,15,White
9551,71,Light_Bluish_Gray
9552,0,Black
9552,1,Blue
9552,4,Red
9552,7,Light_Gray
9552,14,Yellow
9552,15,White
9552,71,Light_Bluish_Gray
9553,0,Black
9553,1,Blue
9553,4,Red
9553,7,Light_Gray
9553,14,Yellow
9553,15,White
9553,71,Light_Bluish_Gray
9556,0,Black
9556,1,Blue
9556,4,Red
9556,7,Light_Gray
9556,14,Yellow
9556,15,White
9556,71,Light_Bluish_Gray
95646,15,White
95646c01,15,White
95648,71,Light_Bluish_Gray
95650,71,Light_Bluish_Gray
95652,71,Light_Bluish_Gray
95654,71,Light_Bluish_Gray
95656,71,Light_Bluish_Gray
95658,71,Light_Bluish_Gray
9566,0,Black
9566,1,Blue
9566,4,Red
9566,7,Light_Gray
9566,14,Yellow
9566,15,White
9566,71,Light_Bluish_Gray
9567,1,Blue
9567,14,Yellow
9567,15,White
95674,0,Black
95674,26,Magenta
95674,70,Reddish_Brown
95674,71,Light_Bluish_Gray
95674,308,Dark_Brown
95674,322,Medium_Azure
958,1,Blue
958,13,Pink
958,14,Yellow
958,351,Medium_Dark_Pink
95820,0,Black
95820,1,Blue
95820,4,Red
95820,14,Yellow
95820,15,White
95820,19,Tan
95820,25,Orange
95820,26,Magenta
95820,27,Lime
95820,70,Reddish_Brown
95820,71,Light_Bluish_Gray
95820,72,Dark_Bluish_Gray
95820,85,Dark_Purple
95820,191,Bright_Light_Orange
95820,320,Dark_Red
95820,322,Medium_Azure
95827,4,Red
95827,191,Bright_Light_Orange
95828,4,Red
95828,191,Bright_Light_Orange
95832,4,Red
95832,191,Bright_Light_Orange
96,0,Black
96,1,Blue
96,2,Green
96,4,Red
96,6,Brown
96,7,Light_Gray
96,8,Dark_Gray
96,14,Yellow
96,15,White
96,18,Light_Yellow
96,19,Tan
96,20,Light_Violet
96,22,Purple
96,31,Lavender
96,70,Reddish_Brown
96,71,Light_Bluish_Gray
96,72,Dark_Bluish_Gray
96,288,Dark_Green
96,320,Dark_Red
96,321,Dark_Azure
96,351,Medium_Dark_Pink
96,378,Sand_Green
961,14,Yellow
961,15,White
961,28,Dark_Tan
962,1,Blue
962,4,Red
96204,4,Red
96207,0,Black
96285,71,Light_Bluish_Gray
96285,72,Dark_Bluish_Gray
96483,29,Bright_Pink
96483,30,Medium_Lavender
96483,85,Dark_Purple
96483,191,Bright_Light_Orange
96483,322,Medium_Azure
96483,323,Light_Aqua
96487,29,Bright_Pink
96487,30,Medium_Lavender
96487,85,Dark_Purple
96487,191,Bright_Light_Orange
96487,322,Medium_Azure
96487,323,Light_Aqua
96488,29,Bright_Pink
96488,30,Medium_Lavender
96488,85,Dark_Purple
96488,191,Bright_Light_Orange
96488,322,Medium_Azure
96488,323,Light_Aqua
96489,29,Bright_Pink
96489,30,Medium_Lavender
96489,85,Dark_Purple
96489,191,Bright_Light_Orange
96489,322,Medium_Azure
96489,323,Light_Aqua
96490,29,Bright_Pink
96490,30,Medium_Lavender
96490,85,Dark_Purple
96490,191,Bright_Light_Orange
96490,322,Medium_Azure
96490,323,Light_Aqua
96491,29,Bright_Pink
96491,30,Medium_Lavender
96491,85,Dark_Purple
96491,191,Bright_Light_Orange
96491,322,Medium_Azure
96491,323,Light_Aqua
965,0,Black
965,7,Light_Gray
967,1,Blue
967,4,Red
967,14,Yellow
968,1,Blue
968,4,Red
968,14,Yellow
96858,0,Black
96874,2,Green
96874,3,Dark_Turquoise
96874,25,Orange
969,7,Light_Gray
96910,0,Black
96910,2,Green
96910,3,Dark_Turquoise
96910,4,Red
96910,14,Yellow
96910,15,White
96910,19,Tan
96910,25,Orange
96910,28,Dark_Tan
96910,70,Reddish_Brown
96910,71,Light_Bluish_Gray
96910,72,Dark_Bluish_Gray
96910,85,Dark_Purple
96910,191,Bright_Light_Orange
96910,288,Dark_Green
96910,320,Dark_Red
96910,378,Sand_Green
96910,379,Sand_Blue
96910,484,Dark_Orange
97,0,Black
97,1,Blue
97,2,Green
97,4,Red
97,6,Brown
97,7,Light_Gray
97,8,Dark_Gray
97,14,Yellow
97,15,White
97,18,Light_Yellow
97,19,Tan
97,20,Light_Violet
97,22,Purple
97,70,Reddish_Brown
97,71,Light_Bluish_Gray
97,72,Dark_Bluish_Gray
97,288,Dark_Green
97,320,Dark_Red
97,321,Dark_Azure
97,351,Medium_Dark_Pink
97,378,Sand_Green
970c02,4,Red
970c02,272,Dark_Blue
970c36,5,Dark_Pink
97492,0,Black
97492,1,Blue
97492,2,Green
97492,4,Red
97492,7,Light_Gray
97492,14,Yellow
97492,15,White
97492,19,Tan
97492,71,Light_Bluish_Gray
97492,72,Dark_Bluish_Gray
97895,14,Yellow
98,0,Black
98,1,Blue
98,2,Green
98,4,Red
98,6,Brown
98,7,Light_Gray
98,8,Dark_Gray
98,14,Yellow
98,15,White
98,19,Tan
98,25,Orange
98,28,Dark_Tan
98,70,Reddish_Brown
98,71,Light_Bluish_Gray
98,72,Dark_Bluish_Gray
98,85,Dark_Purple
98,191,Bright_Light_Orange
98,272,Dark_Blue
98,320,Dark_Red
98,378,Sand_Green
98,379,Sand_Blue
98087,70,Reddish_Brown
98087,72,Dark_Bluish_Gray
98087,272,Dark_Blue
98087,288,Dark_Green
98087,330,Olive_Green
98100,0,Black
98100,1,Blue
98100,2,Green
98100,3,Dark_Turquoise
98100,4,Red
98100,5,Dark_Pink
98100,15,White
98100,19,Tan
98100,25,Orange
98100,28,Dark_Tan
98100,29,Bright_Pink
98100,71,Light_Bluish_Gray
98100,72,Dark_Bluish_Gray
98100,288,Dark_Green
98100,320,Dark_Red
98100,323,Light_Aqua
98100,484,Dark_Orange
98107,0,Black
98107,15,White
98107,72,Dark_Bluish_Gray
98107,212,Bright_Light_Blue
98107,321,Dark_Azure
98107,330,Olive_Green
98107,378,Sand_Green
98108,0,Black
98128,0,Black
98128,4,Red
98128,288,Dark_Green
98128,320,Dark_Red
98129,4,Red
98129,15,White
98130,0,Black
98130,72,Dark_Bluish_Gray
98130,272,Dark_Blue
98132,0,Black
98133,0,Black
98133,1,Blue
98133,2,Green
98133,4,Red
98133,15,White
98133,191,Bright_Light_Orange
98133,212,Bright_Light_Blue
98133,320,Dark_Red
98135,14,Yellow
98135,72,Dark_Bluish_Gray
98135,85,Dark_Purple
98136,4,Red
98136,15,White
98136,25,Orange
98136,27,Lime
98136,272,Dark_Blue
98137,0,Black
98137,2,Green
98137,4,Red
98137,25,Orange
98137,191,Bright_Light_Orange
98137,323,Light_Aqua
98137,326,Yellowish_Green
98138,0,Black
98138,1,Blue
98138,2,Green
98138,3,Dark_Turquoise
98138,4,Red
98138,5,Dark_Pink
98138,10,Bright_Green
98138,14,Yellow
98138,15,White
98138,19,Tan
98138,25,Orange
98138,26,Magenta
98138,27,Lime
98138,28,Dark_Tan
98138,29,Bright_Pink
98138,30,Medium_Lavender
98138,31,Lavender
98138,70,Reddish_Brown
98138,71,Light_Bluish_Gray
98138,72,Dark_Bluish_Gray
98138,73,Medium_Blue
98138,85,Dark_Purple
98138,191,Bright_Light_Orange
98138,212,Bright_Light_Blue
98138,226,Bright_Light_Yellow
98138,272,Dark_Blue
98138,288,Dark_Green
98138,308,Dark_Brown
98138,320,Dark_Red
98138,321,Dark_Azure
98138,322,Medium_Azure
98138,323,Light_Aqua
98138,326,Yellowish_Green
98138,330,Olive_Green
98138,379,Sand_Blue
98138,484,Dark_Orange
98141,0,Black
98141,85,Dark_Purple
98141,326,Yellowish_Green
98223,0,Black
98223,1,Blue
98223,4,Red
98223,10,Bright_Green
98223,14,Yellow
98223,15,White
98223,25,Orange
98223,26,Magenta
98223,27,Lime
98223,70,Reddish_Brown
98223,71,Light_Bluish_Gray
98223,73,Medium_Blue
98223,85,Dark_Purple
98223,191,Bright_Light_Orange
98223,226,Bright_Light_Yellow
98223,321,Dark_Azure
98223,322,Medium_Azure
98223,323,Light_Aqua
98223,326,Yellowish_Green
98233,0,Black
98233,1,Blue
98233,4,Red
98233,10,Bright_Green
98233,14,Yellow
98233,15,White
98233,19,Tan
98233,27,Lime
98233,29,Bright_Pink
98233,30,Medium_Lavender
98233,31,Lavender
98233,70,Reddish_Brown
98233,71,Light_Bluish_Gray
98233,73,Medium_Blue
98233,191,Bright_Light_Orange
98233,226,Bright_Light_Yellow
98233,321,Dark_Azure
98262,1,Blue
98262,4,Red
98262,14,Yellow
98262,15,White
98262,322,Medium_Azure
98263,15,White
98263,71,Light_Bluish_Gray
98279,19,Tan
98279,28,Dark_Tan
98280,1,Blue
98280,2,Green
98280,14,Yellow
98280,25,Orange
98280,71,Light_Bluish_Gray
98280,72,Dark_Bluish_Gray
98281,0,Black
98281,1,Blue
98281,2,Green
98281,4,Red
98281,14,Yellow
98281,15,White
98281,27,Lime
98281,29,Bright_Pink
98281,71,Light_Bluish_Gray
98281,85,Dark_Purple
98281,272,Dark_Blue
98281,320,Dark_Red
98282,0,Black
98282,1,Blue
98282,4,Red
98282,14,Yellow
98282,15,White
98282,19,Tan
98282,25,Orange
98282,27,Lime
98282,28,Dark_Tan
98282,70,Reddish_Brown
98282,71,Light_Bluish_Gray
98282,72,Dark_Bluish_Gray
98282,73,Medium_Blue
98282,85,Dark_Purple
98282,191,Bright_Light_Orange
98282,272,Dark_Blue
98282,320,Dark_Red
98282,321,Dark_Azure
98282,322,Medium_Azure
98283,0,Black
98283,4,Red
98283,14,Yellow
98283,15,White
98283,19,Tan
98283,28,Dark_Tan
98283,31,Lavender
98283,70,Reddish_Brown
98283,71,Light_Bluish_Gray
98283,72,Dark_Bluish_Gray
98283,272,Dark_Blue
98283,288,Dark_Green
98283,320,Dark_Red
98283,322,Medium_Azure
98283,323,Light_Aqua
98283,326,Yellowish_Green
98283,330,Olive_Green
98283,378,Sand_Green
98283,379,Sand_Blue
98283,484,Dark_Orange
98284,0,Black
98284,70,Reddish_Brown
98284,71,Light_Bluish_Gray
98284,378,Sand_Green
98285,0,Black
98285,14,Yellow
98285,71,Light_Bluish_Gray
98286,0,Black
98286,71,Light_Bluish_Gray
98287,71,Light_Bluish_Gray
98288,2,Green
98288,4,Red
98288,27,Lime
98288,30,Medium_Lavender
98289,0,Black
98289,15,White
98289,27,Lime
98302,0,Black
98302,72,Dark_Bluish_Gray
98302,321,Dark_Azure
98341,1,Blue
98341,4,Red
98341,322,Medium_Azure
98347,15,White
98348,85,Dark_Purple
98366,71,Light_Bluish_Gray
98367,0,Black
98368,4,Red
98368,25,Orange
98368,272,Dark_Blue
98369,0,Black
98369,27,Lime
98369,326,Yellowish_Green
98370,72,Dark_Bluish_Gray
98371,0,Black
98371,308,Dark_Brown
98374,25,Orange
98374,70,Reddish_Brown
98374,308,Dark_Brown
98374,484,Dark_Orange
98375,15,White
98375,484,Dark_Orange
98376,2,Green
98376,322,Medium_Azure
98377,378,Sand_Green
98378,15,White
98378,323,Light_Aqua
98381,10,Bright_Green
98381,15,White
98381,70,Reddish_Brown
98383,321,Dark_Azure
98385,0,Black
98385,4,Red
98385,19,Tan
98385,28,Dark_Tan
98385,70,Reddish_Brown
98385,71,Light_Bluish_Gray
98385,191,Bright_Light_Orange
98385,226,Bright_Light_Yellow
98385,308,Dark_Brown
98385,320,Dark_Red
98385,321,Dark_Azure
98385,323,Light_Aqua
98385,379,Sand_Blue
98385,484,Dark_Orange
98393a,323,Light_Aqua
98393b,323,Light_Aqua
98393c,323,Light_Aqua
98393d,323,Light_Aqua
98393e,323,Light_Aqua
98393f,323,Light_Aqua
98393g,323,Light_Aqua
98393h,323,Light_Aqua
98393i,323,Light_Aqua
98393j,323,Light_Aqua
98397,0,Black
98397,15,White
98397,19,Tan
98397,28,Dark_Tan
98397,70,Reddish_Brown
98397,71,Light_Bluish_Gray
98549,15,White
98549,71,Light_Bluish_Gray
98563,4,Red
98564,4,Red
98564,25,Orange
98565,72,Dark_Bluish_Gray
98567,0,Black
98567,308,Dark_Brown
98569,0,Black
98569,1,Blue
98569,4,Red
98569,10,Bright_Green
98569,14,Yellow
98569,15,White
98569,27,Lime
98569,85,Dark_Purple
98571,0,Black
98571,4,Red
98571,27,Lime
98573,14,Yellow
98575,0,Black
98575,27,Lime
98577,72,Dark_Bluish_Gray
98578,0,Black
98579,27,Lime
98580,4,Red
98581,0,Black
98585,0,Black
98585,4,Red
98585,15,White
98585,19,Tan
98585,70,Reddish_Brown
98585,71,Light_Bluish_Gray
98585,72,Dark_Bluish_Gray
98585,321,Dark_Azure
98585,379,Sand_Blue
98585,484,Dark_Orange
98587,14,Yellow
98589,85,Dark_Purple
98590,0,Black
98592,0,Black
98592,4,Red
98592,27,Lime
98592,85,Dark_Purple
98594,25,Orange
98596,0,Black
98603,0,Black
98603,1,Blue
98603,4,Red
98603,19,Tan
98603,308,Dark_Brown
98604,0,Black
98604,15,White
98604,27,Lime
98606,15,White
98606,322,Medium_Azure
98722,0,Black
98722,272,Dark_Blue
98726,0,Black
98726,15,White
98726,19,Tan
98726,28,Dark_Tan
98726,308,Dark_Brown
98726,484,Dark_Orange
98729,0,Black
988,0,Black
98834,0,Black
98834,4,Red
98834,14,Yellow
98834,15,White
98834,27,Lime
98834,72,Dark_Bluish_Gray
98834,73,Medium_Blue
98834,85,Dark_Purple
98834,272,Dark_Blue
98834,288,Dark_Green
98834,320,Dark_Red
98834,321,Dark_Azure
98834,379,Sand_Blue
98835,2,Green
98835,4,Red
98835,10,Bright_Green
98835,14,Yellow
98835,15,White
98835,25,Orange
98835,71,Light_Bluish_Gray
98835,72,Dark_Bluish_Gray
98835,73,Medium_Blue
98835,85,Dark_Purple
98835,272,Dark_Blue
98835,308,Dark_Brown
98835,321,Dark_Azure
98835,330,Olive_Green
98835,378,Sand_Green
98989,0,Black
98989,71,Light_Bluish_Gray
99,0,Black
99,1,Blue
99,2,Green
99,3,Dark_Turquoise
99,4,Red
99,6,Brown
99,7,Light_Gray
99,8,Dark_Gray
99,14,Yellow
99,15,White
99,19,Tan
99,27,Lime
99,28,Dark_Tan
99,70,Reddish_Brown
99,71,Light_Bluish_Gray
99,72,Dark_Bluish_Gray
99,85,Dark_Purple
99,308,Dark_Brown
99,320,Dark_Red
99,378,Sand_Green
99008,19,Tan
99009,71,Light_Bluish_Gray
99010,0,Black
99012,0,Black
99012,4,Red
99012,15,White
99012,28,Dark_Tan
99012,72,Dark_Bluish_Gray
99012,379,Sand_Blue
99021,1,Blue
99021,10,Bright_Green
99021,15,White
99021,72,Dark_Bluish_Gray
99021,308,Dark_Brown
99061,0,Black
992,1,Blue
99206,0,Black
99206,1,Blue
99206,2,Green
99206,4,Red
99206,14,Yellow
99206,15,White
99206,19,Tan
99206,25,Orange
99206,27,Lime
99206,70,Reddish_Brown
99206,71,Light_Bluish_Gray
99206,72,Dark_Bluish_Gray
99206,85,Dark_Purple
99206,212,Bright_Light_Blue
99206,226,Bright_Light_Yellow
99206,272,Dark_Blue
99206,320,Dark_Red
99206,321,Dark_Azure
99206,378,Sand_Green
99206,379,Sand_Blue
99207,0,Black
99207,1,Blue
99207,2,Green
99207,3,Dark_Turquoise
99207,4,Red
99207,5,Dark_Pink
99207,10,Bright_Green
99207,14,Yellow
99207,15,White
99207,19,Tan
99207,25,Orange
99207,27,Lime
99207,28,Dark_Tan
99207,29,Bright_Pink
99207,30,Medium_Lavender
99207,70,Reddish_Brown
99207,71,Light_Bluish_Gray
99207,72,Dark_Bluish_Gray
99207,191,Bright_Light_Orange
99207,212,Bright_Light_Blue
99207,226,Bright_Light_Yellow
99207,272,Dark_Blue
99207,320,Dark_Red
99207,321,Dark_Azure
99207,322,Medium_Azure
99207,323,Light_Aqua
99207,378,Sand_Green
99240,0,Black
99240,70,Reddish_Brown
99240,72,Dark_Bluish_Gray
99240,308,Dark_Brown
99244,15,White
99249,2,Green
99249,27,Lime
99251,0,Black
99251,15,White
99251,72,Dark_Bluish_Gray
99253,70,Reddish_Brown
99253,484,Dark_Orange
99301,0,Black
99301,15,White
99301,72,Dark_Bluish_Gray
99301,212,Bright_Light_Blue
99301,272,Dark_Blue
99301,320,Dark_Red
99301,378,Sand_Green
99380,71,Light_Bluish_Gray
99455,71,Light_Bluish_Gray
99464,0,Black
99464,4,Red
99464,14,Yellow
99464,27,Lime
99464,70,Reddish_Brown
99464,72,Dark_Bluish_Gray
99464,85,Dark_Purple
99464,191,Bright_Light_Orange
99464,272,Dark_Blue
99464,288,Dark_Green
99464,320,Dark_Red
99464,330,Olive_Green
99464,379,Sand_Blue
99498,71,Light_Bluish_Gray
99499,71,Light_Bluish_Gray
99563,0,Black
99563,2,Green
99563,3,Dark_Turquoise
99563,4,Red
99563,14,Yellow
99563,15,White
99563,19,Tan
99563,25,Orange
99563,28,Dark_Tan
99563,70,Reddish_Brown
99563,71,Light_Bluish_Gray
99563,72,Dark_Bluish_Gray
99563,85,Dark_Purple
99563,191,Bright_Light_Orange
99563,288,Dark_Green
99563,320,Dark_Red
99563,378,Sand_Green
99563,379,Sand_Blue
99563,484,Dark_Orange
99773,0,Black
99773,14,Yellow
99773,71,Light_Bluish_Gray
99773,72,Dark_Bluish_Gray
99774,14,Yellow
99774,15,White
99774,72,Dark_Bluish_Gray
99780,0,Black
99780,1,Blue
99780,2,Green
99780,3,Dark_Turquoise
99780,4,Red
99780,5,Dark_Pink
99780,10,Bright_Green
99780,14,Yellow
99780,15,White
99780,19,Tan
99780,25,Orange
99780,26,Magenta
99780,27,Lime
99780,28,Dark_Tan
99780,29,Bright_Pink
99780,70,Reddish_Brown
99780,71,Light_Bluish_Gray
99780,72,Dark_Bluish_Gray
99780,191,Bright_Light_Orange
99780,212,Bright_Light_Blue
99780,226,Bright_Light_Yellow
99780,272,Dark_Blue
99780,288,Dark_Green
99780,320,Dark_Red
99780,321,Dark_Azure
99780,322,Medium_Azure
99780,323,Light_Aqua
99780,330,Olive_Green
99780,378,Sand_Green
99780,484,Dark_Orange
99781,0,Black
99781,1,Blue
99781,2,Green
99781,3,Dark_Turquoise
99781,4,Red
99781,14,Yellow
99781,15,White
99781,19,Tan
99781,25,Orange
99781,27,Lime
99781,28,Dark_Tan
99781,29,Bright_Pink
99781,30,Medium_Lavender
99781,70,Reddish_Brown
99781,71,Light_Bluish_Gray
99781,72,Dark_Bluish_Gray
99781,85,Dark_Purple
99781,212,Bright_Light_Blue
99781,226,Bright_Light_Yellow
99781,272,Dark_Blue
99781,288,Dark_Green
99781,320,Dark_Red
99781,321,Dark_Azure
99781,323,Light_Aqua
99784,71,Light_Bluish_Gray
99784,272,Dark_Blue
997c01,0,Black
997c01,1,Blue
997c01,4,Red
997c02,4,Red
997c02,313,Maersk_Blue
99809,308,Dark_Brown
99841,71,Light_Bluish_Gray
99930,0,Black
99930,15,White
99930,19,Tan
99930,28,Dark_Tan
99930,70,Reddish_Brown
99930,71,Light_Bluish_Gray
99930,72,Dark_Bluish_Gray
99930,212,Bright_Light_Blue
99930,226,Bright_Light_Yellow
99930,308,Dark_Brown
99930,484,Dark_Orange
_72362,71,Light_Bluish_Gray
_7957,0,Black
_8193,1,Blue
_8193,25,Orange
_8193,71,Light_Bluish_Gray
bl_112174,15,White
bl_1413,3,Dark_Turquoise
bl_1578,0,Black
bl_1578,72,Dark_Bluish_Gray
bl_1578,212,Bright_Light_Blue
bl_1613,2,Green
bl_1613,15,White
bl_1613,70,Reddish_Brown
bl_1613,308,Dark_Brown
bl_1685,0,Black
bl_1685,308,Dark_Brown
bl_1685,484,Dark_Orange
bl_1879,29,Bright_Pink
bl_1879,308,Dark_Brown
bl_1879,484,Dark_Orange
bl_1941,2,Green
bl_1941,4,Red
bl_1941,5,Dark_Pink
bl_1941,70,Reddish_Brown
bl_1941,71,Light_Bluish_Gray
bl_1941,85,Dark_Purple
bl_1941,323,Light_Aqua
bl_2135,15,White
bl_2148,0,Black
bl_2187,0,Black
bl_2187,1,Blue
bl_2187,4,Red
bl_2187,10,Bright_Green
bl_2187,15,White
bl_2187,85,Dark_Purple
bl_2187,321,Dark_Azure
bl_2188,0,Black
bl_2188,1,Blue
bl_2188,4,Red
bl_2188,10,Bright_Green
bl_2188,15,White
bl_2188,191,Bright_Light_Orange
bl_2188,272,Dark_Blue
bl_2188,321,Dark_Azure
bl_24184,25,Orange
bl_24855,2,Green
bl_24855,14,Yellow
bl_24855,15,White
bl_24855,70,Reddish_Brown
bl_24855,288,Dark_Green
bl_24855,378,Sand_Green
bl_2514,27,Lime
bl_2514,70,Reddish_Brown
bl_2514,71,Light_Bluish_Gray
bl_2514,73,Medium_Blue
bl_2514,288,Dark_Green
bl_2514,308,Dark_Brown
bl_2631,3,Dark_Turquoise
bl_2631,15,White
bl_2631,19,Tan
bl_2631,28,Dark_Tan
bl_2631,70,Reddish_Brown
bl_2631,72,Dark_Bluish_Gray
bl_2631,226,Bright_Light_Yellow
bl_2631,308,Dark_Brown
bl_2632,0,Black
bl_2632,19,Tan
bl_2632,26,Magenta
bl_2632,29,Bright_Pink
bl_2632,71,Light_Bluish_Gray
bl_2632,226,Bright_Light_Yellow
bl_2632,308,Dark_Brown
bl_2632,484,Dark_Orange
bl_2633,0,Black
bl_2633,19,Tan
bl_2633,226,Bright_Light_Yellow
bl_2644,0,Black
bl_2644,308,Dark_Brown
bl_2645,0,Black
bl_2645,320,Dark_Red
bl_2646,0,Black
bl_26603,0,Black
bl_26603,1,Blue
bl_26603,2,Green
bl_26603,4,Red
bl_26603,10,Bright_Green
bl_26603,14,Yellow
bl_26603,15,White
bl_26603,19,Tan
bl_26603,25,Orange
bl_26603,26,Magenta
bl_26603,27,Lime
bl_26603,28,Dark_Tan
bl_26603,29,Bright_Pink
bl_26603,31,Lavender
bl_26603,70,Reddish_Brown
bl_26603,71,Light_Bluish_Gray
bl_26603,72,Dark_Bluish_Gray
bl_26603,73,Medium_Blue
bl_26603,85,Dark_Purple
bl_26603,191,Bright_Light_Orange
bl_26603,212,Bright_Light_Blue
bl_26603,272,Dark_Blue
bl_26603,320,Dark_Red
bl_26603,321,Dark_Azure
bl_26603,322,Medium_Azure
bl_26603,326,Yellowish_Green
bl_26603,379,Sand_Blue
bl_2663,484,Dark_Orange
bl_2684c01,15,White
bl_2824,72,Dark_Bluish_Gray
bl_28321,0,Black
bl_28705,0,Black
bl_28705,308,Dark_Brown
bl_3005,0,Black
bl_3005,1,Blue
bl_3005,2,Green
bl_3005,3,Dark_Turquoise
bl_3005,4,Red
bl_3005,5,Dark_Pink
bl_3005,6,Brown
bl_3005,7,Light_Gray
bl_3005,8,Dark_Gray
bl_3005,10,Bright_Green
bl_3005,13,Pink
bl_3005,14,Yellow
bl_3005,15,White
bl_3005,18,Light_Yellow
bl_3005,19,Tan
bl_3005,22,Purple
bl_3005,25,Orange
bl_3005,26,Magenta
bl_3005,27,Lime
bl_3005,28,Dark_Tan
bl_3005,29,Bright_Pink
bl_3005,30,Medium_Lavender
bl_3005,31,Lavender
bl_3005,68,Very_Light_Orange
bl_3005,70,Reddish_Brown
bl_3005,71,Light_Bluish_Gray
bl_3005,72,Dark_Bluish_Gray
bl_3005,73,Medium_Blue
bl_3005,74,Medium_Green
bl_3005,85,Dark_Purple
bl_3005,118,Aqua
bl_3005,125,Light_Orange
bl_3005,151,Very_Light_Bluish_Gray
bl_3005,191,Bright_Light_Orange
bl_3005,212,Bright_Light_Blue
bl_3005,226,Bright_Light_Yellow
bl_3005,272,Dark_Blue
bl_3005,288,Dark_Green
bl_3005,308,Dark_Brown
bl_3005,313,Maersk_Blue
bl_3005,320,Dark_Red
bl_3005,321,Dark_Azure
bl_3005,322,Medium_Azure
bl_3005,323,Light_Aqua
bl_3005,326,Yellowish_Green
bl_3005,330,Olive_Green
bl_3005,351,Medium_Dark_Pink
bl_3005,378,Sand_Green
bl_3005,379,Sand_Blue
bl_3005,462,Medium_Orange
bl_3005,484,Dark_Orange
bl_3171,0,Black
bl_3171,1,Blue
bl_3171,2,Green
bl_3171,4,Red
bl_3171,19,Tan
bl_3171,28,Dark_Tan
bl_3171,30,Medium_Lavender
bl_3171,70,Reddish_Brown
bl_3171,72,Dark_Bluish_Gray
bl_3171,320,Dark_Red
bl_3171,322,Medium_Azure
bl_3206,0,Black
bl_3277,0,Black
bl_3277,27,Lime
bl_3277,70,Reddish_Brown
bl_3277,308,Dark_Brown
bl_3277,320,Dark_Red
bl_3379,15,White
bl_3388,0,Black
bl_3388,2,Green
bl_3388,4,Red
bl_3388,15,White
bl_3388,25,Orange
bl_3388,72,Dark_Bluish_Gray
bl_3388,272,Dark_Blue
bl_3388,321,Dark_Azure
bl_3388,330,Olive_Green
bl_3389,0,Black
bl_3389,2,Green
bl_3389,4,Red
bl_3389,15,White
bl_3389,25,Orange
bl_3389,72,Dark_Bluish_Gray
bl_3389,272,Dark_Blue
bl_3389,321,Dark_Azure
bl_3389,330,Olive_Green
bl_3417,15,White
bl_3476,15,White
bl_3478,0,Black
bl_3531,71,Light_Bluish_Gray
bl_3532,0,Black
bl_3532,308,Dark_Brown
bl_3566,14,Yellow
bl_36037,0,Black
bl_36037,19,Tan
bl_36037,308,Dark_Brown
bl_36037,320,Dark_Red
bl_36037,484,Dark_Orange
bl_36060,0,Black
bl_36060,25,Orange
bl_36060,308,Dark_Brown
bl_36060,484,Dark_Orange
bl_36762,0,Black
bl_36762,19,Tan
bl_36762,28,Dark_Tan
bl_36762,484,Dark_Orange
bl_36934,0,Black
bl_36934,1,Blue
bl_36934,14,Yellow
bl_36934,25,Orange
bl_36934,27,Lime
bl_36934,71,Light_Bluish_Gray
bl_36934,272,Dark_Blue
bl_36934,321,Dark_Azure
bl_36934,322,Medium_Azure
bl_3753,71,Light_Bluish_Gray
bl_37823,0,Black
bl_37823,4,Red
bl_37823,10,Bright_Green
bl_37823,71,Light_Bluish_Gray
bl_37823,226,Bright_Light_Yellow
bl_37823,321,Dark_Azure
bl_37823,484,Dark_Orange
bl_38781,4,Red
bl_38781,25,Orange
bl_38781,321,Dark_Azure
bl_38798,0,Black
bl_38798,19,Tan
bl_38798,25,Orange
bl_38798,70,Reddish_Brown
bl_38798,308,Dark_Brown
bl_38798,484,Dark_Orange
bl_4048,15,White
bl_40938,0,Black
bl_40938,70,Reddish_Brown
bl_40938,308,Dark_Brown
bl_41637,0,Black
bl_41637,4,Red
bl_41637,10,Bright_Green
bl_41637,15,White
bl_41637,30,Medium_Lavender
bl_41637,31,Lavender
bl_41637,71,Light_Bluish_Gray
bl_41637,72,Dark_Bluish_Gray
bl_41637,85,Dark_Purple
bl_41637,272,Dark_Blue
bl_41637,288,Dark_Green
bl_41637,320,Dark_Red
bl_41637,321,Dark_Azure
bl_4180,0,Black
bl_4180c02,0,Black
bl_4180c03,0,Black
bl_4180c04,4,Red
bl_41811,0,Black
bl_41811,4,Red
bl_41811,10,Bright_Green
bl_41811,272,Dark_Blue
bl_41811,321,Dark_Azure
bl_4365,3,Dark_Turquoise
bl_4365,4,Red
bl_4365,15,White
bl_4365,72,Dark_Bluish_Gray
bl_44751,1,Blue
bl_44751,4,Red
bl_44751,15,White
bl_44751,26,Magenta
bl_44751,70,Reddish_Brown
bl_4788c01,14,Yellow
bl_49663,15,White
bl_49972,0,Black
bl_49972,15,White
bl_5057,1,Blue
bl_5057,25,Orange
bl_5057,85,Dark_Purple
bl_5057,321,Dark_Azure
bl_5064,14,Yellow
bl_5064,30,Medium_Lavender
bl_5093,0,Black
bl_5093,1,Blue
bl_5093,2,Green
bl_5093,4,Red
bl_5093,5,Dark_Pink
bl_5093,10,Bright_Green
bl_5093,14,Yellow
bl_5093,15,White
bl_5093,19,Tan
bl_5093,25,Orange
bl_5093,27,Lime
bl_5093,70,Reddish_Brown
bl_5093,71,Light_Bluish_Gray
bl_5093,72,Dark_Bluish_Gray
bl_5093,191,Bright_Light_Orange
bl_5093,212,Bright_Light_Blue
bl_5093,288,Dark_Green
bl_5093,308,Dark_Brown
bl_5093,320,Dark_Red
bl_5093,321,Dark_Azure
bl_5093,326,Yellowish_Green
bl_5093,484,Dark_Orange
bl_5095,0,Black
bl_5095,1,Blue
bl_5095,2,Green
bl_5095,4,Red
bl_5095,5,Dark_Pink
bl_5095,10,Bright_Green
bl_5095,14,Yellow
bl_5095,15,White
bl_5095,19,Tan
bl_5095,25,Orange
bl_5095,27,Lime
bl_5095,70,Reddish_Brown
bl_5095,71,Light_Bluish_Gray
bl_5095,72,Dark_Bluish_Gray
bl_5095,191,Bright_Light_Orange
bl_5095,212,Bright_Light_Blue
bl_5095,288,Dark_Green
bl_5095,308,Dark_Brown
bl_5095,320,Dark_Red
bl_5095,321,Dark_Azure
bl_5095,326,Yellowish_Green
bl_5095,484,Dark_Orange
bl_5149,15,White
bl_5200,191,Bright_Light_Orange
bl_5200,484,Dark_Orange
bl_5215,2,Green
bl_5215,14,Yellow
bl_5251,3,Dark_Turquoise
bl_5251,191,Bright_Light_Orange
bl_5251,272,Dark_Blue
bl_5252,191,Bright_Light_Orange
bl_5253,0,Black
bl_5256,70,Reddish_Brown
bl_5311,4,Red
bl_5414,0,Black
bl_5414,1,Blue
bl_5414,2,Green
bl_5414,4,Red
bl_5414,14,Yellow
bl_5414,15,White
bl_5414,19,Tan
bl_5414,25,Orange
bl_5414,29,Bright_Pink
bl_5414,71,Light_Bluish_Gray
bl_5414,191,Bright_Light_Orange
bl_5414,272,Dark_Blue
bl_5414,320,Dark_Red
bl_5414,322,Medium_Azure
bl_5414,330,Olive_Green
bl_5415,0,Black
bl_5415,1,Blue
bl_5415,2,Green
bl_5415,4,Red
bl_5415,14,Yellow
bl_5415,15,White
bl_5415,19,Tan
bl_5415,25,Orange
bl_5415,29,Bright_Pink
bl_5415,71,Light_Bluish_Gray
bl_5415,272,Dark_Blue
bl_5415,320,Dark_Red
bl_5415,322,Medium_Azure
bl_5415,330,Olive_Green
bl_5443,0,Black
bl_5443,70,Reddish_Brown
bl_5443,288,Dark_Green
bl_5500,226,Bright_Light_Yellow
bl_5501,0,Black
bl_5517,288,Dark_Green
bl_5533,330,Olive_Green
bl_5540,0,Black
bl_5540,4,Red
bl_5540,15,White
bl_5540,71,Light_Bluish_Gray
bl_5540,191,Bright_Light_Orange
bl_5540,212,Bright_Light_Blue
bl_5540,272,Dark_Blue
bl_57359,71,Light_Bluish_Gray
bl_57359,72,Dark_Bluish_Gray
bl_5801,0,Black
bl_5810,0,Black
bl_5844,1,Blue
bl_5844,15,White
bl_5844,70,Reddish_Brown
bl_5847,0,Black
bl_5847,4,Red
bl_5847,5,Dark_Pink
bl_5847,14,Yellow
bl_5847,15,White
bl_5847,19,Tan
bl_5847,30,Medium_Lavender
bl_5847,70,Reddish_Brown
bl_5847,71,Light_Bluish_Gray
bl_5847,191,Bright_Light_Orange
bl_5847,212,Bright_Light_Blue
bl_5847,322,Medium_Azure
bl_5847,484,Dark_Orange
bl_5848,0,Black
bl_5848,4,Red
bl_5848,5,Dark_Pink
bl_5848,10,Bright_Green
bl_5848,14,Yellow
bl_5848,15,White
bl_5848,19,Tan
bl_5848,25,Orange
bl_5848,29,Bright_Pink
bl_5848,30,Medium_Lavender
bl_5848,70,Reddish_Brown
bl_5848,71,Light_Bluish_Gray
bl_5848,212,Bright_Light_Blue
bl_5848,288,Dark_Green
bl_5848,308,Dark_Brown
bl_5848,320,Dark_Red
bl_5848,330,Olive_Green
bl_5849,0,Black
bl_5849,3,Dark_Turquoise
bl_5849,15,White
bl_5849,25,Orange
bl_5849,70,Reddish_Brown
bl_5849,71,Light_Bluish_Gray
bl_5849,272,Dark_Blue
bl_5849,288,Dark_Green
bl_5849,484,Dark_Orange
bl_5850,0,Black
bl_5850,1,Blue
bl_5850,15,White
bl_5850,19,Tan
bl_5850,70,Reddish_Brown
bl_5850,71,Light_Bluish_Gray
bl_5850,191,Bright_Light_Orange
bl_5850,212,Bright_Light_Blue
bl_5853,212,Bright_Light_Blue
bl_5853,320,Dark_Red
bl_5985,272,Dark_Blue
bl_5987,70,Reddish_Brown
bl_5987,272,Dark_Blue
bl_6018,0,Black
bl_6018,72,Dark_Bluish_Gray
bl_61254b,0,Black
bl_6320,0,Black
bl_6320,71,Light_Bluish_Gray
bl_6493,72,Dark_Bluish_Gray
bl_6512,71,Light_Bluish_Gray
bl_65380,0,Black
bl_65380,72,Dark_Bluish_Gray
bl_65571,71,Light_Bluish_Gray
bl_65579,0,Black
bl_65579,1,Blue
bl_65579,27,Lime
bl_65579,272,Dark_Blue
bl_65579,308,Dark_Brown
bl_65700,0,Black
bl_65700,2,Green
bl_65700,4,Red
bl_65700,5,Dark_Pink
bl_65700,15,White
bl_65700,27,Lime
bl_65700,70,Reddish_Brown
bl_65700,191,Bright_Light_Orange
bl_65700,322,Medium_Azure
bl_65700,323,Light_Aqua
bl_6585,0,Black
bl_6585,1,Blue
bl_6585,4,Red
bl_6585,7,Light_Gray
bl_6585,14,Yellow
bl_6585,15,White
bl_6585,19,Tan
bl_6585,25,Orange
bl_6607,71,Light_Bluish_Gray
bl_6610,0,Black
bl_6610,71,Light_Bluish_Gray
bl_6613,0,Black
bl_6613,14,Yellow
bl_6616,0,Black
bl_6617,0,Black
bl_6618,0,Black
bl_6618,4,Red
bl_6618,10,Bright_Green
bl_6619,0,Black
bl_6620,0,Black
bl_6683,71,Light_Bluish_Gray
bl_66897,0,Black
bl_66897,71,Light_Bluish_Gray
bl_66915,0,Black
bl_66915,1,Blue
bl_66915,29,Bright_Pink
bl_66915,308,Dark_Brown
bl_66965,19,Tan
bl_67037,70,Reddish_Brown
bl_67361,0,Black
bl_67361,4,Red
bl_67361,15,White
bl_67361,19,Tan
bl_67361,30,Medium_Lavender
bl_67361,70,Reddish_Brown
bl_67361,191,Bright_Light_Orange
bl_67361,320,Dark_Red
bl_67361,322,Medium_Azure
bl_67361,330,Olive_Green
bl_67361,378,Sand_Green
bl_67649,272,Dark_Blue
bl_67697,0,Black
bl_67697,2,Green
bl_67697,15,White
bl_67906c03,1,Blue
bl_67906c03,4,Red
bl_67906c04,4,Red
bl_67906c04,10,Bright_Green
bl_67906c04,323,Light_Aqua
bl_68212,0,Black
bl_68212,3,Dark_Turquoise
bl_68212,191,Bright_Light_Orange
bl_68212,226,Bright_Light_Yellow
bl_68212,326,Yellowish_Green
bl_68212,330,Olive_Green
bl_6825,0,Black
bl_68516,1,Blue
bl_68516,26,Magenta
bl_6913,27,Lime
bl_6914,15,White
bl_6955,26,Magenta
bl_6955,322,Medium_Azure
bl_6957,3,Dark_Turquoise
bl_6957,4,Red
bl_6957,15,White
bl_6957,226,Bright_Light_Yellow
bl_69857,0,Black
bl_69857,19,Tan
bl_69857,308,Dark_Brown
bl_69903,0,Black
bl_69903,85,Dark_Purple
bl_7052,0,Black
bl_7052,4,Red
bl_7052,10,Bright_Green
bl_7052,15,White
bl_7052,72,Dark_Bluish_Gray
bl_7052,85,Dark_Purple
bl_7052,272,Dark_Blue
bl_7052,321,Dark_Azure
bl_7054,19,Tan
bl_7054,72,Dark_Bluish_Gray
bl_7054,308,Dark_Brown
bl_7062,15,White
bl_7065,15,White
bl_70682,0,Black
bl_70682,1,Blue
bl_70682,2,Green
bl_70682,4,Red
bl_70682,10,Bright_Green
bl_70682,72,Dark_Bluish_Gray
bl_7081,72,Dark_Bluish_Gray
bl_70922,0,Black
bl_70922,1,Blue
bl_70922,27,Lime
bl_7105,323,Light_Aqua
bl_7178,19,Tan
bl_7178,72,Dark_Bluish_Gray
bl_7185,0,Black
bl_7185,71,Light_Bluish_Gray
bl_7207,3,Dark_Turquoise
bl_7207,15,White
bl_7207,72,Dark_Bluish_Gray
bl_7207,272,Dark_Blue
bl_7212,4,Red
bl_7212,15,White
bl_7212,89,Blue_Violet
bl_7212,322,Medium_Azure
bl_7222,71,Light_Bluish_Gray
bl_7236,0,Black
bl_7236,15,White
bl_7236,71,Light_Bluish_Gray
bl_7241,0,Black
bl_7241,70,Reddish_Brown
bl_7245,0,Black
bl_7245,3,Dark_Turquoise
bl_7245,27,Lime
bl_7245,321,Dark_Azure
bl_7264,4,Red
bl_7264,10,Bright_Green
bl_7264,15,White
bl_7264,31,Lavender
bl_7264,378,Sand_Green
bl_7301,71,Light_Bluish_Gray
bl_7302,0,Black
bl_7302,1,Blue
bl_7302,2,Green
bl_7302,3,Dark_Turquoise
bl_7302,4,Red
bl_7302,14,Yellow
bl_7302,15,White
bl_7302,25,Orange
bl_7302,27,Lime
bl_7302,70,Reddish_Brown
bl_7302,288,Dark_Green
bl_7302,321,Dark_Azure
bl_7302,326,Yellowish_Green
bl_7307,0,Black
bl_7307,3,Dark_Turquoise
bl_7307,19,Tan
bl_7307,71,Light_Bluish_Gray
bl_7324,0,Black
bl_7324,10,Bright_Green
bl_7324,15,White
bl_7324,19,Tan
bl_7324,25,Orange
bl_7324,28,Dark_Tan
bl_7324,29,Bright_Pink
bl_7324,30,Medium_Lavender
bl_7324,70,Reddish_Brown
bl_7324,71,Light_Bluish_Gray
bl_7324,288,Dark_Green
bl_73272,0,Black
bl_73272,29,Bright_Pink
bl_7333,71,Light_Bluish_Gray
bl_7333,85,Dark_Purple
bl_7333,191,Bright_Light_Orange
bl_7334,15,White
bl_7335,0,Black
bl_73590c01a,0,Black
bl_73590c01a,7,Light_Gray
bl_73590c01a,15,White
bl_7369,0,Black
bl_7370,25,Orange
bl_7372,226,Bright_Light_Yellow
bl_73763,10,Bright_Green
bl_73763,71,Light_Bluish_Gray
bl_73764,0,Black
bl_73764,71,Light_Bluish_Gray
bl_73767,0,Black
bl_73767,25,Orange
bl_73767,31,Lavender
bl_7421,25,Orange
bl_7426,71,Light_Bluish_Gray
bl_7427,1,Blue
bl_7427,4,Red
bl_7442,72,Dark_Bluish_Gray
bl_7450,14,Yellow
bl_7450,71,Light_Bluish_Gray
bl_7451,14,Yellow
bl_7451,71,Light_Bluish_Gray
bl_7452,0,Black
bl_7452,14,Yellow
bl_7452,71,Light_Bluish_Gray
bl_7452,72,Dark_Bluish_Gray
bl_74528,0,Black
bl_74528,4,Red
bl_74528,14,Yellow
bl_74528,15,White
bl_74528,71,Light_Bluish_Gray
bl_74528,320,Dark_Red
bl_7469,15,White
bl_7510,4,Red
bl_7510,72,Dark_Bluish_Gray
bl_7510,321,Dark_Azure
bl_7511,4,Red
bl_7511,19,Tan
bl_7511,226,Bright_Light_Yellow
bl_7511,323,Light_Aqua
bl_7512,0,Black
bl_7512,14,Yellow
bl_7512,15,White
bl_7512,25,Orange
bl_7512,29,Bright_Pink
bl_7512,71,Light_Bluish_Gray
bl_7512,212,Bright_Light_Blue
bl_7512,320,Dark_Red
bl_7512,484,Dark_Orange
bl_7518,4,Red
bl_7518,14,Yellow
bl_7518,15,White
bl_7518,25,Orange
bl_7518,29,Bright_Pink
bl_7518,322,Medium_Azure
bl_7519,3,Dark_Turquoise
bl_7519,25,Orange
bl_7519,226,Bright_Light_Yellow
bl_7520,3,Dark_Turquoise
bl_7520,25,Orange
bl_7520,226,Bright_Light_Yellow
bl_7527,5,Dark_Pink
bl_7527,10,Bright_Green
bl_7527,15,White
bl_7527,27,Lime
bl_7527,29,Bright_Pink
bl_7527,85,Dark_Purple
bl_7527,272,Dark_Blue
bl_7527,288,Dark_Green
bl_7527,322,Medium_Azure
bl_7527,330,Olive_Green
bl_7532,0,Black
bl_7532,4,Red
bl_7532,14,Yellow
bl_7532,15,White
bl_7532,19,Tan
bl_7532,25,Orange
bl_7532,29,Bright_Pink
bl_7532,71,Light_Bluish_Gray
bl_7532,212,Bright_Light_Blue
bl_7532,272,Dark_Blue
bl_7532,288,Dark_Green
bl_7532,322,Medium_Azure
bl_7532,326,Yellowish_Green
bl_7533,4,Red
bl_7533,29,Bright_Pink
bl_7533,322,Medium_Azure
bl_7533,326,Yellowish_Green
bl_7534,3,Dark_Turquoise
bl_7534,4,Red
bl_7534,14,Yellow
bl_7534,25,Orange
bl_7534,29,Bright_Pink
bl_7534,212,Bright_Light_Blue
bl_7547,4,Red
bl_7547,15,White
bl_7547,191,Bright_Light_Orange
bl_75513,0,Black
bl_75513,70,Reddish_Brown
bl_75513,484,Dark_Orange
bl_75648,378,Sand_Green
bl_7575,30,Medium_Lavender
bl_75867,0,Black
bl_75867,15,White
bl_75867,484,Dark_Orange
bl_75872,15,White
bl_75872,378,Sand_Green
bl_7610,0,Black
bl_7610,10,Bright_Green
bl_7610,14,Yellow
bl_7610,72,Dark_Bluish_Gray
bl_7610,378,Sand_Green
bl_7613,0,Black
bl_7613,4,Red
bl_7613,10,Bright_Green
bl_7613,14,Yellow
bl_7613,29,Bright_Pink
bl_7613,85,Dark_Purple
bl_7652,2,Green
bl_7652,14,Yellow
bl_7652,19,Tan
bl_7653,0,Black
bl_7654,1,Blue
bl_7654,4,Red
bl_7654,15,White
bl_7656,4,Red
bl_7656,10,Bright_Green
bl_7656,272,Dark_Blue
bl_7658,4,Red
bl_7658,10,Bright_Green
bl_7658,272,Dark_Blue
bl_7660,15,White
bl_7664,70,Reddish_Brown
bl_7665,0,Black
bl_7665,14,Yellow
bl_7665,15,White
bl_7665,71,Light_Bluish_Gray
bl_7665,191,Bright_Light_Orange
bl_7673,72,Dark_Bluish_Gray
bl_7674,0,Black
bl_7674,2,Green
bl_7674,4,Red
bl_7674,15,White
bl_7674,71,Light_Bluish_Gray
bl_7674,72,Dark_Bluish_Gray
bl_7674,320,Dark_Red
bl_76772,0,Black
bl_76772,15,White
bl_76772,26,Magenta
bl_76772,226,Bright_Light_Yellow
bl_76772,320,Dark_Red
bl_7684,0,Black
bl_7684,15,White
bl_7684,71,Light_Bluish_Gray
bl_7684,272,Dark_Blue
bl_76919,4,Red
bl_76919,191,Bright_Light_Orange
bl_76925,1,Blue
bl_76925,29,Bright_Pink
bl_76925,70,Reddish_Brown
bl_76925,71,Light_Bluish_Gray
bl_76925,226,Bright_Light_Yellow
bl_7708,323,Light_Aqua
bl_77183,378,Sand_Green
bl_77257,0,Black
bl_77257,10,Bright_Green
bl_77258,71,Light_Bluish_Gray
bl_7729,0,Black
bl_7729,5,Dark_Pink
bl_7729,10,Bright_Green
bl_7729,25,Orange
bl_7737,29,Bright_Pink
bl_7737,191,Bright_Light_Orange
bl_7738,14,Yellow
bl_7741,3,Dark_Turquoise
bl_7741,10,Bright_Green
bl_7741,27,Lime
bl_7741,191,Bright_Light_Orange
bl_7769,322,Medium_Azure
bl_77822,27,Lime
bl_77822,70,Reddish_Brown
bl_7784,28,Dark_Tan
bl_7791,4,Red
bl_7791,72,Dark_Bluish_Gray
bl_7796,71,Light_Bluish_Gray
bl_7797,0,Black
bl_7797,15,White
bl_7808,0,Black
bl_7813,0,Black
bl_78169,3,Dark_Turquoise
bl_78169,322,Medium_Azure
bl_7818,0,Black
bl_7818,72,Dark_Bluish_Gray
bl_7825,0,Black
bl_7825,15,White
bl_7825,25,Orange
bl_7825,71,Light_Bluish_Gray
bl_7825,322,Medium_Azure
bl_7826,0,Black
bl_7826,1,Blue
bl_7826,3,Dark_Turquoise
bl_7826,10,Bright_Green
bl_7826,15,White
bl_7826,71,Light_Bluish_Gray
bl_7827,0,Black
bl_7827,4,Red
bl_7827,25,Orange
bl_7828,0,Black
bl_7828,1,Blue
bl_7828,4,Red
bl_7828,14,Yellow
bl_7828,15,White
bl_7828,19,Tan
bl_7828,25,Orange
bl_7828,26,Magenta
bl_7828,72,Dark_Bluish_Gray
bl_7828,272,Dark_Blue
bl_7828,321,Dark_Azure
bl_7829,0,Black
bl_7829,1,Blue
bl_7829,4,Red
bl_7829,14,Yellow
bl_7829,15,White
bl_7829,19,Tan
bl_7829,25,Orange
bl_7829,26,Magenta
bl_7829,72,Dark_Bluish_Gray
bl_7829,272,Dark_Blue
bl_7829,321,Dark_Azure
bl_78301,0,Black
bl_78301,70,Reddish_Brown
bl_78301,308,Dark_Brown
bl_78333,71,Light_Bluish_Gray
bl_7835,0,Black
bl_7835,4,Red
bl_7835,19,Tan
bl_7835,71,Light_Bluish_Gray
bl_7835,72,Dark_Bluish_Gray
bl_7840,5,Dark_Pink
bl_7853,0,Black
bl_7853,321,Dark_Azure
bl_78611,3,Dark_Turquoise
bl_78611,4,Red
bl_78611,25,Orange
bl_78611,27,Lime
bl_78611,272,Dark_Blue
bl_78611,330,Olive_Green
bl_78611,378,Sand_Green
bl_7863,0,Black
bl_7864,0,Black
bl_7864,14,Yellow
bl_7864,15,White
bl_7871,323,Light_Aqua
bl_7877,0,Black
bl_7885,72,Dark_Bluish_Gray
bl_7896,15,White
bl_7896,30,Medium_Lavender
bl_7904,0,Black
bl_7904,14,Yellow
bl_7904,15,White
bl_7904,19,Tan
bl_7904,25,Orange
bl_7904,70,Reddish_Brown
bl_7904,71,Light_Bluish_Gray
bl_7904,212,Bright_Light_Blue
bl_7904,226,Bright_Light_Yellow
bl_7904,272,Dark_Blue
bl_7904,322,Medium_Azure
bl_7904,323,Light_Aqua
bl_7904,378,Sand_Green
bl_7905,4,Red
bl_7905,10,Bright_Green
bl_7905,14,Yellow
bl_7905,85,Dark_Purple
bl_7905,378,Sand_Green
bl_7906,4,Red
bl_7906,15,White
bl_7906,19,Tan
bl_7906,85,Dark_Purple
bl_79435,0,Black
bl_79435,4,Red
bl_79435,10,Bright_Green
bl_79435,29,Bright_Pink
bl_79435,30,Medium_Lavender
bl_79435,330,Olive_Green
bl_7961,0,Black
bl_7961,4,Red
bl_7961,15,White
bl_7961,19,Tan
bl_7961,71,Light_Bluish_Gray
bl_79687,0,Black
bl_79687,226,Bright_Light_Yellow
bl_79688,0,Black
bl_79717c01,71,Light_Bluish_Gray
bl_7973,0,Black
bl_79736,27,Lime
bl_79741,0,Black
bl_79741,14,Yellow
bl_79741,15,White
bl_7975,0,Black
bl_7975,71,Light_Bluish_Gray
bl_7975,72,Dark_Bluish_Gray
bl_7975,212,Bright_Light_Blue
bl_7975,272,Dark_Blue
bl_7985,320,Dark_Red
bl_79897,0,Black
bl_79897,4,Red
bl_79897,15,White
bl_79897,29,Bright_Pink
bl_79897,71,Light_Bluish_Gray
bl_79897,191,Bright_Light_Orange
bl_79897,272,Dark_Blue
bl_79897,288,Dark_Green
bl_79897,320,Dark_Red
bl_79973,15,White
bl_79973,330,Olive_Green
bl_80017,4,Red
bl_80017,5,Dark_Pink
bl_80017,25,Orange
bl_80017,85,Dark_Purple
bl_80017,191,Bright_Light_Orange
bl_80017,378,Sand_Green
bl_8010,70,Reddish_Brown
bl_8012,0,Black
bl_8012,71,Light_Bluish_Gray
bl_80179,0,Black
bl_80179,4,Red
bl_8034,0,Black
bl_8034,15,White
bl_8034,71,Light_Bluish_Gray
bl_80436,3,Dark_Turquoise
bl_80437,14,Yellow
bl_80440,14,Yellow
bl_80440,70,Reddish_Brown
bl_80440,72,Dark_Bluish_Gray
bl_80481,0,Black
bl_80481,4,Red
bl_80487,4,Red
bl_80487,5,Dark_Pink
bl_80487,15,White
bl_80487,27,Lime
bl_80487,85,Dark_Purple
bl_80564,191,Bright_Light_Orange
bl_80566,25,Orange
bl_80566,27,Lime
bl_80566,89,Blue_Violet
bl_80566,191,Bright_Light_Orange
bl_80566,272,Dark_Blue
bl_80674,0,Black
bl_80674,15,White
bl_80674,27,Lime
bl_80674,85,Dark_Purple
bl_80674,191,Bright_Light_Orange
bl_80674,226,Bright_Light_Yellow
bl_80674,323,Light_Aqua
bl_80681,3,Dark_Turquoise
bl_80681,321,Dark_Azure
bl_80682,0,Black
bl_80682,308,Dark_Brown
bl_80682,320,Dark_Red
bl_8079,28,Dark_Tan
bl_8079,70,Reddish_Brown
bl_80792,0,Black
bl_8080,28,Dark_Tan
bl_8080,70,Reddish_Brown
bl_80908,0,Black
bl_80908,70,Reddish_Brown
bl_80911,0,Black
bl_80911,70,Reddish_Brown
bl_8097,4,Red
bl_8098,10,Bright_Green
bl_8098,14,Yellow
bl_8098,326,Yellowish_Green
bl_8103,226,Bright_Light_Yellow
bl_8103,323,Light_Aqua
bl_8135,0,Black
bl_82252,4,Red
bl_82252,15,White
bl_82252,25,Orange
bl_82252,321,Dark_Azure
bl_8240,15,White
bl_8241,71,Light_Bluish_Gray
bl_8241,322,Medium_Azure
bl_8254,19,Tan
bl_8254,70,Reddish_Brown
bl_8295,0,Black
bl_83345,0,Black
bl_83345,308,Dark_Brown
bl_8383,484,Dark_Orange
bl_8442,19,Tan
bl_86148,191,Bright_Light_Orange
bl_87079,0,Black
bl_87079,1,Blue
bl_87079,2,Green
bl_87079,3,Dark_Turquoise
bl_87079,4,Red
bl_87079,5,Dark_Pink
bl_87079,10,Bright_Green
bl_87079,14,Yellow
bl_87079,15,White
bl_87079,19,Tan
bl_87079,25,Orange
bl_87079,26,Magenta
bl_87079,27,Lime
bl_87079,28,Dark_Tan
bl_87079,29,Bright_Pink
bl_87079,30,Medium_Lavender
bl_87079,31,Lavender
bl_87079,70,Reddish_Brown
bl_87079,71,Light_Bluish_Gray
bl_87079,72,Dark_Bluish_Gray
bl_87079,73,Medium_Blue
bl_87079,85,Dark_Purple
bl_87079,89,Blue_Violet
bl_87079,191,Bright_Light_Orange
bl_87079,212,Bright_Light_Blue
bl_87079,226,Bright_Light_Yellow
bl_87079,272,Dark_Blue
bl_87079,288,Dark_Green
bl_87079,308,Dark_Brown
bl_87079,320,Dark_Red
bl_87079,321,Dark_Azure
bl_87079,322,Medium_Azure
bl_87079,323,Light_Aqua
bl_87079,326,Yellowish_Green
bl_87079,330,Olive_Green
bl_87079,378,Sand_Green
bl_87079,379,Sand_Blue
bl_87079,484,Dark_Orange
bl_89680,15,White
bl_89680,70,Reddish_Brown
bl_89680,72,Dark_Bluish_Gray
bl_89680,378,Sand_Green
bl_98057,19,Tan
bl_98876,71,Light_Bluish_Gray
bl_98876,72,Dark_Bluish_Gray
u1193,7,Light_Gray
u517,2,Green
u517,4,Red
u517,6,Brown
u517,13,Pink
u517,14,Yellow
u517,70,Reddish_Brown
u517,351,Medium_Dark_Pink
u8102,0,Black
u8102,15,White
u813a,7,Light_Gray
u9017,0,Black
u9017,2,Green
u9017,4,Red
u9017,8,Dark_Gray
u9017,14,Yellow
u9017,15,White
u9017,25,Orange
u9017,71,Light_Bluish_Gray
u9017,72,Dark_Bluish_Gray
u9017,272,Dark_Blue
u9017,320,Dark_Red
u9045,0,Black
u9045,71,Light_Bluish_Gray
u9045,308,Dark_Brown
u9046,0,Black
u9046,4,Red
u9046,14,Yellow
u9046,15,White
u9046,19,Tan
u9046,71,Light_Bluish_Gray
u9046,272,Dark_Blue
u9046,320,Dark_Red
u9062c01,0,Black
u9062c01,8,Dark_Gray
u9062c02,0,Black
u9081,0,Black
u9137,7,Light_Gray
u9237,4,Red
x507c01,4,Red
x507c02,4,Red
x508c01,4,Red
x508c02,4,Red
x796c01,8,Dark_Gray
